generation,individual,val_loss,n_params,n_layers,architecture,train_loss,best_ever,is_champion,mutation_type,parent_idx
1,0,0.534938,3889189,9,[32/k1→768/k3→64/k1→64/k1→768/k1→512/k3→32/k1→32/k1→64/k1],0.469393,0.389426,false,,
1,1,0.433643,9922821,8,[64/k3→64/k3→512/k3→1024/k1→1024/k1→768/k3→128/k3→64/k1],0.325583,0.389426,false,,
1,2,0.454814,14386693,10,[128/k1→32/k3→32/k3→1024/k3→512/k3→1024/k1→768/k3→512/k1→256/k1→512/k3],0.270917,0.389426,false,,
1,3,0.455541,4754757,10,[768/k3→512/k1→768/k1→32/k1→1024/k3→32/k1→1024/k1→256/k3→256/k3→64/k3],0.264572,0.389426,false,,
1,4,0.411562,1192261,6,[64/k3→768/k1→512/k1→512/k1→64/k3→256/k3],0.338304,0.389426,false,,
1,5,0.432491,9622405,9,[768/k1→768/k3→1024/k1→64/k1→1024/k3→256/k3→32/k1→512/k3→64/k3],0.257131,0.389426,false,,
1,6,0.394789,10285445,7,[768/k3→64/k3→64/k1→768/k3→768/k3→512/k3→128/k1],0.304638,0.389426,false,,
1,7,0.426117,1032901,5,[512/k3→32/k1→1024/k1→64/k1→1024/k3],0.381452,0.389426,false,,
1,8,0.485918,14617797,8,[32/k3→256/k3→512/k3→512/k1→768/k1→768/k3→1024/k3→32/k3],0.389979,0.389426,false,,
1,9,0.419333,6700485,7,[64/k3→32/k3→512/k1→512/k1→1024/k3→1024/k1→64/k3],0.361460,0.389426,false,,
1,10,0.448947,1981765,10,[64/k1→512/k3→256/k1→32/k3→1024/k3→64/k1→64/k1→32/k3→1024/k1→1024/k1],0.374275,0.389426,false,,
1,11,0.402457,1918853,5,[768/k3→512/k1→128/k3→64/k1→768/k3],0.301909,0.389426,false,,
1,12,0.411370,2599621,7,[768/k3→256/k3→32/k1→64/k1→128/k1→512/k1→512/k1],0.353435,0.389426,false,,
1,13,0.651698,24197,4,[32/k1→64/k1→32/k3→32/k1],0.653705,0.389426,false,,
1,14,0.415674,2072005,6,[768/k3→64/k1→768/k3→64/k3→1024/k3→64/k1],0.363188,0.389426,false,,
1,15,0.389426,1928197,4,[768/k3→128/k3→256/k3→1024/k1],0.330112,0.389426,false,,
1,16,0.418751,1481797,9,[768/k1→32/k3→768/k3→1024/k1→64/k1→64/k3→64/k3→64/k3→256/k1],0.359596,0.389426,false,,
1,17,0.458589,1005221,10,[32/k3→1024/k1→32/k1→32/k1→64/k3→256/k3→64/k3→32/k1→256/k1→256/k3],0.401511,0.389426,false,,
1,18,0.412136,3427589,10,[1024/k3→128/k3→768/k3→64/k1→128/k1→32/k1→768/k3→32/k1→512/k3→512/k1],0.323512,0.389426,false,,
1,19,0.420689,625477,4,[512/k1→1024/k1→32/k1→768/k1],0.391406,0.389426,false,,
1,20,0.483963,2825125,7,[32/k1→512/k1→512/k1→256/k3→128/k1→768/k3→64/k3],0.375012,0.389426,false,,
1,21,0.421406,931909,7,[64/k3→256/k3→1024/k1→32/k3→512/k1→32/k1→512/k3],0.380721,0.389426,false,,
1,22,0.442646,521477,5,[128/k1→64/k3→128/k1→256/k3→512/k1],0.404380,0.389426,false,,
1,23,0.408198,6831493,9,[1024/k3→768/k1→64/k3→32/k1→768/k1→128/k3→512/k1→768/k3→64/k3],0.326118,0.389426,false,,
1,24,0.422969,2381893,8,[256/k3→1024/k1→32/k3→1024/k3→32/k1→128/k1→768/k3→64/k3],0.324706,0.389426,false,,
1,25,0.420431,6688325,8,[768/k3→512/k1→32/k1→768/k1→512/k1→1024/k3→512/k1→256/k1],0.244320,0.389426,false,,
1,26,0.429917,447877,4,[128/k3→1024/k1→128/k1→768/k1],0.401701,0.389426,false,,
1,27,0.445048,3000549,9,[32/k3→1024/k3→512/k1→64/k1→1024/k1→256/k1→64/k3→1024/k3→1024/k1],0.326392,0.389426,false,,
1,28,0.446651,4220869,6,[64/k1→256/k1→1024/k3→64/k1→1024/k3→128/k3],0.300909,0.389426,false,,
1,29,0.470316,5269573,10,[1024/k1→64/k1→768/k1→256/k3→128/k1→1024/k3→128/k3→768/k3→32/k1→128/k1],0.301371,0.389426,false,,
1,30,0.496717,1126565,8,[128/k1→32/k3→128/k3→256/k1→256/k1→128/k1→768/k3→32/k1],0.461443,0.389426,false,,
1,31,0.399143,14576389,6,[256/k1→768/k3→512/k3→768/k1→768/k3→512/k3],0.305835,0.389426,false,,
1,32,0.425128,6179589,9,[256/k3→256/k3→512/k1→64/k3→768/k3→768/k1→512/k3→256/k1→128/k3],0.254735,0.389426,false,,
1,33,0.410820,2528005,5,[256/k3→256/k3→256/k1→512/k3→1024/k1],0.292024,0.389426,false,,
1,34,0.453610,1063525,9,[32/k3→512/k3→32/k1→768/k3→64/k1→64/k1→32/k1→256/k1→256/k3],0.406509,0.389426,false,,
1,35,0.413582,16304389,9,[512/k1→768/k3→256/k3→64/k1→768/k1→1024/k1→1024/k3→64/k1→1024/k3],0.276620,0.389426,false,,
1,36,0.425328,3191813,4,[512/k1→1024/k1→256/k1→1024/k3],0.284464,0.389426,false,,
1,37,0.456402,34365573,9,[512/k3→1024/k3→512/k3→1024/k3→64/k3→256/k3→1024/k1→1024/k3→1024/k3],0.444753,0.389426,false,,
1,38,0.423041,2535237,9,[64/k3→256/k1→768/k3→64/k3→128/k3→512/k1→64/k1→64/k3→768/k1],0.364850,0.389426,false,,
1,39,0.451573,3565253,9,[64/k1→256/k3→128/k3→256/k1→64/k3→256/k1→1024/k3→256/k1→128/k3],0.302846,0.389426,false,,
1,40,0.451152,10850245,10,[256/k3→512/k1→256/k1→128/k3→256/k1→256/k3→768/k3→768/k1→1024/k3→64/k1],0.214052,0.389426,false,,
1,41,0.428703,593989,7,[512/k1→32/k3→64/k3→64/k1→128/k3→128/k1→256/k3],0.381640,0.389426,false,,
1,42,0.400189,2165125,6,[1024/k3→128/k3→128/k1→256/k1→768/k1→128/k1],0.337852,0.389426,false,,
1,43,0.519780,2058981,9,[32/k1→1024/k1→64/k1→1024/k1→512/k1→64/k1→256/k1→512/k1→256/k3],0.336380,0.389426,false,,
1,44,0.470204,1480709,10,[128/k1→512/k1→1024/k1→128/k1→512/k1→128/k3→256/k1→32/k1→32/k3→1024/k1],0.298206,0.389426,false,,
1,45,0.436319,2670533,10,[512/k1→128/k3→768/k3→32/k3→32/k3→1024/k3→32/k3→128/k3→768/k1→256/k1],0.324708,0.389426,false,,
1,46,0.451051,8037509,9,[512/k3→512/k3→256/k3→1024/k3→128/k1→1024/k1→128/k3→64/k3→512/k3],0.194481,0.389426,false,,
1,47,0.410132,2716261,6,[32/k3→1024/k3→64/k3→64/k3→1024/k3→128/k3],0.381310,0.389426,false,,
1,48,0.433255,8656965,8,[768/k3→512/k1→512/k1→32/k1→768/k3→256/k1→768/k3→768/k3],0.277316,0.389426,false,,
1,49,0.399933,2208965,7,[1024/k1→32/k3→64/k3→768/k1→128/k3→256/k3→256/k3],0.335350,0.389426,false,,
1,50,0.413022,1492293,6,[768/k3→128/k3→128/k1→32/k1→128/k1→768/k1],0.368037,0.389426,false,,
1,51,0.508167,139653,5,[64/k3→128/k3→32/k1→128/k1→128/k1],0.504601,0.389426,false,,
1,52,0.549807,5404421,6,[32/k1→128/k1→32/k3→768/k1→768/k3→32/k1],0.497385,0.389426,false,,
1,53,0.465272,857573,8,[128/k3→256/k3→128/k1→32/k3→1024/k3→32/k1→256/k3→32/k1],0.409298,0.389426,false,,
1,54,0.446491,4794437,5,[64/k3→32/k1→32/k3→512/k1→1024/k3],0.419728,0.389426,false,,
1,55,0.406062,4132229,7,[256/k3→1024/k3→128/k1→512/k1→1024/k1→768/k1→128/k1],0.281149,0.389426,false,,
1,56,0.466416,1994053,5,[64/k1→512/k1→64/k1→256/k3→768/k3],0.377169,0.389426,false,,
1,57,0.478692,989221,6,[32/k1→128/k3→768/k3→32/k1→128/k1→256/k1],0.456596,0.389426,false,,
1,58,0.498445,2828421,8,[64/k1→128/k1→32/k1→64/k3→512/k3→256/k1→256/k3→768/k3],0.378848,0.389426,false,,
1,59,0.432862,2960101,6,[512/k3→256/k1→512/k1→256/k3→512/k3→32/k1],0.311646,0.389426,false,,
1,60,0.395879,10547205,5,[768/k1→1024/k3→512/k1→1024/k1→256/k3],0.265291,0.389426,false,,
1,61,0.410406,993541,6,[64/k3→768/k3→32/k3→128/k3→128/k3→768/k1],0.377449,0.389426,false,,
1,62,0.455116,10506181,10,[64/k3→256/k3→128/k3→1024/k1→256/k1→128/k3→128/k1→1024/k3→1024/k1→768/k3],0.277610,0.389426,false,,
1,63,0.453864,7466341,7,[32/k1→512/k3→512/k3→768/k3→1024/k1→64/k3→512/k1],0.293928,0.389426,false,,
2,0,0.423692,1928197,4,[768/k3→128/k3→256/k3→1024/k1],0.196402,0.389426,true,champion,15
2,1,0.439409,2716261,6,[32/k3→1024/k3→64/k3→64/k3→1024/k3→128/k3],0.221924,0.389426,false,weights,47
2,2,0.444297,14576389,6,[256/k1→768/k3→512/k3→768/k1→768/k3→512/k3],0.153468,0.389426,false,weights,31
2,3,0.461975,4395397,8,[256/k3→1024/k3→128/k1→512/k1→512/k1→1024/k1→768/k1→128/k1],0.115484,0.389426,false,add_layer,55
2,4,0.464379,1192261,6,[64/k3→768/k1→512/k1→512/k1→64/k3→256/k3],0.187119,0.389426,false,weights,4
2,5,0.427949,14576389,6,[256/k1→768/k3→512/k3→768/k1→768/k3→512/k3],0.188884,0.389426,false,weights,31
2,6,0.446378,2208965,7,[1024/k1→32/k3→64/k3→768/k1→128/k3→256/k3→256/k3],0.199140,0.389426,false,weights,49
2,7,0.461794,6831493,9,[1024/k3→768/k1→64/k3→32/k1→768/k1→128/k3→512/k1→768/k3→64/k3],0.151395,0.389426,false,weights,23
2,8,0.459879,1492293,6,[768/k3→128/k3→128/k1→32/k1→128/k1→768/k1],0.182117,0.389426,false,weights,50
2,9,0.446041,2599621,7,[768/k3→256/k3→32/k1→64/k1→128/k1→512/k1→512/k1],0.188207,0.389426,false,weights,12
2,10,0.408752,2165829,6,[1024/k1→32/k3→768/k1→128/k3→256/k3→256/k3],0.291929,0.389426,false,remove_layer,49
2,11,0.485933,1192261,6,[64/k3→768/k1→512/k1→512/k1→64/k3→256/k3],0.163056,0.389426,false,weights,4
2,12,0.464525,5957509,8,[1024/k3→768/k1→64/k3→32/k1→128/k3→512/k1→768/k3→64/k3],0.249495,0.389426,false,remove_layer,23
2,13,0.406444,1018469,5,[32/k3→1024/k3→64/k3→64/k3→128/k3],0.353005,0.389426,false,remove_layer,47
2,14,0.400807,1500421,5,[768/k3→128/k3→128/k1→128/k1→768/k1],0.358186,0.389426,false,remove_layer,50
2,15,0.449825,1492293,6,[768/k3→128/k3→128/k1→32/k1→128/k1→768/k1],0.188090,0.389426,false,weights,50
2,16,0.443493,2599621,7,[768/k3→256/k3→32/k1→64/k1→128/k1→512/k1→512/k1],0.192327,0.389426,false,weights,12
2,17,0.450494,2410885,5,[768/k3→768/k1→128/k3→64/k1→768/k3],0.166833,0.389426,false,resize_layer,11
2,18,0.446813,2599621,7,[768/k3→256/k3→32/k1→64/k1→128/k1→512/k1→512/k1],0.181018,0.389426,false,weights,12
2,19,0.458802,10285445,7,[768/k3→64/k3→64/k1→768/k3→768/k3→512/k3→128/k1],0.165422,0.389426,false,weights,6
2,20,0.451278,2599621,7,[768/k3→256/k3→32/k1→64/k1→128/k1→512/k1→512/k1],0.177907,0.389426,false,weights,12
2,21,0.454083,2208965,7,[1024/k1→32/k3→64/k3→768/k1→128/k3→256/k3→256/k3],0.193285,0.389426,false,weights,49
2,22,0.406065,845829,5,[64/k3→768/k3→32/k3→128/k3→768/k1],0.357501,0.389426,false,remove_layer,61
2,23,0.438016,14576389,6,[256/k1→768/k3→512/k3→768/k1→768/k3→512/k3],0.145642,0.389426,false,weights,31
2,24,0.454356,2208965,7,[1024/k1→32/k3→64/k3→768/k1→128/k3→256/k3→256/k3],0.205055,0.389426,false,weights,49
2,25,0.444898,2208965,7,[1024/k1→32/k3→64/k3→768/k1→128/k3→256/k3→256/k3],0.209953,0.389426,false,weights,49
2,26,0.476897,6831493,9,[1024/k3→768/k1→64/k3→32/k1→768/k1→128/k3→512/k1→768/k3→64/k3],0.135506,0.389426,false,weights,23
2,27,0.394810,8191237,4,[768/k1→1024/k3→512/k1→1024/k1],0.253604,0.389426,false,remove_layer,60
2,28,0.440792,2928325,7,[768/k3→256/k3→32/k1→64/k1→128/k1→1024/k1→512/k1],0.162757,0.389426,false,resize_layer,12
2,29,0.445709,208581,5,[128/k3→128/k1→32/k1→128/k1→768/k1],0.431776,0.389426,false,remove_layer,50
2,30,0.431065,10547205,5,[768/k1→1024/k3→512/k1→1024/k1→256/k3],0.143785,0.389426,false,weights,60
2,31,0.508624,1830853,6,[32/k3→1024/k3→64/k3→64/k3→1024/k3→32/k3],0.432345,0.389426,false,resize_layer,47
2,32,0.471381,1640005,6,[64/k3→768/k1→512/k1→512/k1→64/k3→1024/k3],0.148719,0.389426,false,resize_layer,4
2,33,0.433232,14576389,6,[256/k1→768/k3→512/k3→768/k1→768/k3→512/k3],0.147069,0.389426,false,weights,31
2,34,0.412227,1928197,4,[768/k3→128/k3→256/k3→1024/k1],0.217712,0.389426,false,weights,15
2,35,0.436839,2716261,6,[32/k3→1024/k3→64/k3→64/k3→1024/k3→128/k3],0.229342,0.389426,false,weights,47
2,36,0.455841,4132229,7,[256/k3→1024/k3→128/k1→512/k1→1024/k1→768/k1→128/k1],0.127534,0.389426,false,weights,55
2,37,0.461327,2165125,6,[1024/k3→128/k3→128/k1→256/k1→768/k1→128/k1],0.142334,0.389426,false,weights,42
2,38,0.454807,2608901,8,[768/k3→256/k3→32/k1→32/k3→64/k1→128/k1→512/k1→512/k1],0.186687,0.389426,false,add_layer,12
2,39,0.450987,2208965,7,[1024/k1→32/k3→64/k3→768/k1→128/k3→256/k3→256/k3],0.210083,0.389426,false,weights,49
2,40,0.470737,3427589,10,[1024/k3→128/k3→768/k3→64/k1→128/k1→32/k1→768/k3→32/k1→512/k3→512/k1],0.144979,0.389426,false,weights,18
2,41,0.473668,3068293,10,[1024/k3→128/k3→768/k3→64/k1→128/k1→32/k1→768/k3→32/k1→64/k3→512/k1],0.182544,0.389426,false,resize_layer,18
2,42,0.423272,10547205,5,[768/k1→1024/k3→512/k1→1024/k1→256/k3],0.156704,0.389426,false,weights,60
2,43,0.448084,2753253,7,[32/k3→1024/k3→64/k3→64/k3→64/k3→1024/k3→128/k3],0.195585,0.389426,false,add_layer,47
2,44,0.417690,3468421,9,[1024/k3→128/k3→768/k3→128/k1→32/k1→768/k3→32/k1→512/k3→512/k1],0.285769,0.389426,false,remove_layer,18
2,45,0.437918,510661,6,[256/k3→32/k1→64/k1→128/k1→512/k1→512/k1],0.396044,0.389426,false,remove_layer,12
2,46,0.452725,4132229,7,[256/k3→1024/k3→128/k1→512/k1→1024/k1→768/k1→128/k1],0.131349,0.389426,false,weights,55
2,47,0.417071,2402853,6,[32/k3→1024/k3→32/k3→64/k3→1024/k3→128/k3],0.254701,0.389426,false,resize_layer,47
2,48,0.450088,2599621,7,[768/k3→256/k3→32/k1→64/k1→128/k1→512/k1→512/k1],0.184971,0.389426,false,weights,12
2,49,0.471249,8482693,7,[768/k3→64/k3→64/k1→768/k3→768/k3→256/k3→128/k1],0.141926,0.389426,false,resize_layer,6
2,50,0.426841,1847909,5,[32/k3→64/k3→64/k3→1024/k3→128/k3],0.384230,0.389426,false,remove_layer,47
2,51,0.437313,2528005,5,[256/k3→256/k3→256/k1→512/k3→1024/k1],0.195232,0.389426,false,weights,33
2,52,0.469689,7422853,10,[1024/k3→768/k1→768/k1→64/k3→32/k1→768/k1→128/k3→512/k1→768/k3→64/k3],0.104658,0.389426,false,add_layer,23
2,53,0.450555,10285445,7,[768/k3→64/k3→64/k1→768/k3→768/k3→512/k3→128/k1],0.182361,0.389426,false,weights,6
2,54,0.461414,2570992,6,[69/k3→256/k3→256/k3→256/k1→512/k3→1024/k1],0.200408,0.389426,false,add_layer,33
2,55,0.452767,997765,7,[64/k3→64/k1→768/k3→32/k3→128/k3→128/k3→768/k1],0.211999,0.389426,false,add_layer,61
2,56,0.408751,2165829,6,[1024/k1→32/k3→768/k1→128/k3→256/k3→256/k3],0.291928,0.389426,false,remove_layer,49
2,57,0.464528,5957509,8,[1024/k3→768/k1→64/k3→32/k1→128/k3→512/k1→768/k3→64/k3],0.249497,0.389426,false,remove_layer,23
2,58,0.491589,1637445,6,[768/k3→128/k3→1024/k1→32/k1→128/k1→768/k1],0.150551,0.389426,false,resize_layer,50
2,59,0.406062,845829,5,[64/k3→768/k3→32/k3→128/k3→768/k1],0.357501,0.389426,false,remove_layer,61
2,60,0.433434,10547205,5,[768/k1→1024/k3→512/k1→1024/k1→256/k3],0.142472,0.389426,false,weights,60
2,61,0.459974,2732485,7,[768/k3→256/k3→32/k1→64/k1→128/k1→512/k1→768/k1],0.164380,0.389426,false,resize_layer,12
2,62,0.438520,2528005,5,[256/k3→256/k3→256/k1→512/k3→1024/k1],0.189290,0.389426,false,weights,33
2,63,0.463111,6831493,9,[1024/k3→768/k1→64/k3→32/k1→768/k1→128/k3→512/k1→768/k3→64/k3],0.143841,0.389426,false,weights,23
3,0,0.433177,8191237,4,[768/k1→1024/k3→512/k1→1024/k1],0.138838,0.389426,true,champion,27
3,1,0.439216,2402853,6,[32/k3→1024/k3→32/k3→64/k3→1024/k3→128/k3],0.213508,0.389426,false,weights,47
3,2,0.420872,1928197,4,[768/k3→128/k3→256/k3→1024/k1],0.184067,0.389426,false,weights,0
3,3,0.445293,17630469,5,[768/k1→1024/k3→512/k1→1024/k1→1024/k3],0.127665,0.389426,false,add_layer,27
3,4,0.446549,2518533,5,[768/k3→128/k3→256/k3→256/k3→1024/k1],0.146664,0.389426,false,add_layer,34
3,5,0.446886,14576389,6,[256/k1→768/k3→512/k3→768/k1→768/k3→512/k3],0.098461,0.389426,false,weights,5
3,6,0.438315,1500421,5,[768/k3→128/k3→128/k1→128/k1→768/k1],0.215793,0.389426,false,weights,14
3,7,0.423195,845829,5,[64/k3→768/k3→32/k3→128/k3→768/k1],0.256819,0.389426,false,weights,22
3,8,0.400378,1847909,5,[32/k3→64/k3→64/k3→1024/k3→128/k3],0.294380,0.389426,false,weights,50
3,9,0.447305,14576389,6,[256/k1→768/k3→512/k3→768/k1→768/k3→512/k3],0.110186,0.389426,false,weights,5
3,10,0.445515,16936709,7,[256/k1→768/k3→512/k3→768/k1→768/k3→512/k3→512/k3],0.125361,0.389426,false,add_layer,5
3,11,0.444332,10889029,6,[256/k1→768/k3→32/k3→768/k1→768/k3→512/k3],0.195836,0.389426,false,resize_layer,5
3,12,0.427419,1928197,4,[768/k3→128/k3→256/k3→1024/k1],0.174466,0.389426,false,weights,0
3,13,0.413279,644485,3,[128/k3→256/k3→1024/k1],0.378510,0.389426,false,remove_layer,34
3,14,0.419756,1928197,4,[768/k3→128/k3→256/k3→1024/k1],0.192893,0.389426,false,weights,0
3,15,0.425848,1928197,4,[768/k3→128/k3→256/k3→1024/k1],0.173460,0.389426,false,weights,0
3,16,0.416183,744261,5,[64/k3→768/k3→32/k3→32/k3→768/k1],0.293599,0.389426,false,resize_layer,22
3,17,0.449974,2182469,7,[1024/k1→32/k3→768/k1→128/k3→128/k1→256/k3→256/k3],0.197546,0.389426,false,add_layer,10
3,18,0.423669,697349,4,[768/k3→128/k1→128/k1→768/k1],0.408586,0.389426,false,remove_layer,14
3,19,0.434705,150117,4,[32/k3→64/k3→64/k3→128/k3],0.397055,0.389426,false,remove_layer,13
3,20,0.459647,742789,4,[64/k3→768/k3→32/k3→128/k3],0.432565,0.389426,false,remove_layer,59
3,21,0.435104,2165829,6,[1024/k1→32/k3→768/k1→128/k3→256/k3→256/k3],0.226571,0.389426,false,weights,10
3,22,0.420990,1928197,4,[768/k3→128/k3→256/k3→1024/k1],0.184679,0.389426,false,weights,34
3,23,0.422289,8191237,4,[768/k1→1024/k3→512/k1→1024/k1],0.163731,0.389426,false,weights,27
3,24,0.440876,1018469,5,[32/k3→1024/k3→64/k3→64/k3→128/k3],0.228362,0.389426,false,weights,13
3,25,0.468643,850728,6,[69/k1→64/k3→768/k3→32/k3→128/k3→768/k1],0.318871,0.389426,false,add_layer,22
3,26,0.426021,8191237,4,[768/k1→1024/k3→512/k1→1024/k1],0.153497,0.389426,false,weights,27
3,27,0.437020,10547205,5,[768/k1→1024/k3→512/k1→1024/k1→256/k3],0.107132,0.389426,false,weights,42
3,28,0.438851,1022693,6,[32/k3→1024/k3→64/k3→64/k3→64/k1→128/k3],0.224877,0.389426,false,add_layer,13
3,29,0.431093,845829,5,[64/k3→768/k3→32/k3→128/k3→768/k1],0.252499,0.389426,false,weights,59
3,30,0.431119,845829,5,[64/k3→768/k3→32/k3→128/k3→768/k1],0.249366,0.389426,false,weights,22
3,31,0.416374,6810373,6,[768/k3→128/k3→128/k1→128/k1→768/k1→768/k3],0.246469,0.389426,false,add_layer,14
3,32,0.508130,10552104,6,[69/k1→768/k1→1024/k3→512/k1→1024/k1→256/k3],0.154851,0.389426,false,add_layer,30
3,33,0.441453,12412165,5,[256/k1→768/k3→512/k3→768/k3→512/k3],0.198016,0.389426,false,remove_layer,33
3,34,0.423926,845829,5,[64/k3→768/k3→32/k3→128/k3→768/k1],0.258131,0.389426,false,weights,22
3,35,0.412765,6782405,5,[64/k3→768/k3→768/k3→128/k3→768/k1],0.281681,0.389426,false,resize_layer,59
3,36,0.429330,1018469,5,[32/k3→1024/k3→64/k3→64/k3→128/k3],0.240864,0.389426,false,weights,13
3,37,0.438679,10547205,5,[768/k1→1024/k3→512/k1→1024/k1→256/k3],0.101473,0.389426,false,weights,42
3,38,0.464132,3468421,9,[1024/k3→128/k3→768/k3→128/k1→32/k1→768/k3→32/k1→512/k3→512/k1],0.161366,0.389426,false,weights,44
3,39,0.426876,840517,4,[768/k3→32/k3→128/k3→768/k1],0.423956,0.389426,false,remove_layer,22
3,40,0.434702,2165829,6,[1024/k1→32/k3→768/k1→128/k3→256/k3→256/k3],0.228008,0.389426,false,weights,10
3,41,0.449043,14576389,6,[256/k1→768/k3→512/k3→768/k1→768/k3→512/k3],0.096101,0.389426,false,weights,5
3,42,0.462495,19886341,7,[256/k1→768/k3→768/k3→512/k3→768/k1→768/k3→512/k3],0.064371,0.389426,false,add_layer,5
3,43,0.443763,11597829,6,[768/k1→1024/k3→1024/k1→512/k1→1024/k1→256/k3],0.070524,0.389426,false,add_layer,42
3,44,0.444197,14576389,6,[256/k1→768/k3→512/k3→768/k1→768/k3→512/k3],0.119723,0.389426,false,weights,33
3,45,0.425031,845829,5,[64/k3→768/k3→32/k3→128/k3→768/k1],0.262485,0.389426,false,weights,59
3,46,0.412846,644485,3,[128/k3→256/k3→1024/k1],0.383641,0.389426,false,remove_layer,0
3,47,0.454790,12907525,6,[768/k1→1024/k3→512/k1→512/k3→1024/k1→256/k3],0.072916,0.389426,false,add_layer,42
3,48,0.462053,11037701,5,[256/k1→768/k3→512/k3→768/k1→768/k3],0.107676,0.389426,false,remove_layer,5
3,49,0.447322,1414021,5,[768/k3→128/k3→128/k1→128/k1→128/k1],0.409270,0.389426,false,resize_layer,14
3,50,0.421694,1928197,4,[768/k3→128/k3→256/k3→1024/k1],0.182852,0.389426,false,weights,0
3,51,0.446865,1019557,6,[32/k3→32/k1→1024/k3→64/k3→64/k3→128/k3],0.235103,0.389426,false,add_layer,13
3,52,0.393110,1501701,3,[768/k3→128/k3→1024/k1],0.298670,0.389426,false,remove_layer,0
3,53,0.459650,742789,4,[64/k3→768/k3→32/k3→128/k3],0.432566,0.389426,false,remove_layer,22
3,54,0.413279,644485,3,[128/k3→256/k3→1024/k1],0.378509,0.389426,false,remove_layer,34
3,55,0.439042,2402853,6,[32/k3→1024/k3→32/k3→64/k3→1024/k3→128/k3],0.210125,0.389426,false,weights,47
3,56,0.451690,3231429,9,[1024/k3→128/k3→768/k3→128/k1→32/k1→32/k3→32/k1→512/k3→512/k1],0.202258,0.389426,false,resize_layer,44
3,57,0.431367,1575493,5,[1024/k1→32/k3→768/k1→128/k3→256/k3],0.270528,0.389426,false,remove_layer,56
3,58,0.401521,1847909,5,[32/k3→64/k3→64/k3→1024/k3→128/k3],0.297204,0.389426,false,weights,50
3,59,0.424106,8191237,4,[768/k1→1024/k3→512/k1→1024/k1],0.153244,0.389426,false,weights,27
3,60,0.404241,1847909,5,[32/k3→64/k3→64/k3→1024/k3→128/k3],0.288884,0.389426,false,weights,50
3,61,0.422413,1928197,4,[768/k3→128/k3→256/k3→1024/k1],0.176728,0.389426,false,weights,0
3,62,0.401701,236165,5,[64/k3→64/k3→32/k3→128/k3→768/k1],0.334142,0.389426,false,resize_layer,59
3,63,0.445240,1648133,6,[768/k3→128/k3→128/k3→128/k1→128/k1→768/k1],0.198777,0.389426,false,add_layer,14
4,0,0.417073,1501701,3,[768/k3→128/k3→1024/k1],0.209449,0.388828,true,champion,52
4,1,0.433854,1928197,4,[768/k3→128/k3→256/k3→1024/k1],0.156663,0.388828,false,weights,22
4,2,0.402357,644485,3,[128/k3→256/k3→1024/k1],0.297175,0.388828,false,weights,54
4,3,0.443896,1928197,4,[768/k3→128/k3→256/k3→1024/k1],0.146480,0.388828,false,weights,14
4,4,0.436240,8191237,4,[768/k1→1024/k3→512/k1→1024/k1],0.116224,0.388828,false,weights,23
4,5,0.401217,644485,3,[128/k3→256/k3→1024/k1],0.292032,0.388828,false,weights,13
4,6,0.418073,1501701,3,[768/k3→128/k3→1024/k1],0.225095,0.388828,false,weights,52
4,7,0.388828,1810917,4,[32/k3→64/k3→1024/k3→128/k3],0.353161,0.388828,false,remove_layer,60
4,8,0.457039,6810373,6,[768/k3→128/k3→128/k1→128/k1→768/k1→768/k3],0.159608,0.388828,false,weights,31
4,9,0.431464,1928197,4,[768/k3→128/k3→256/k3→1024/k1],0.151901,0.388828,false,weights,22
4,10,0.398891,644485,3,[128/k3→256/k3→1024/k1],0.301942,0.388828,false,weights,13
4,11,0.441658,1928197,4,[768/k3→128/k3→256/k3→1024/k1],0.152664,0.388828,false,weights,14
4,12,0.421639,1847909,5,[32/k3→64/k3→64/k3→1024/k3→128/k3],0.253024,0.388828,false,weights,8
4,13,0.412376,672485,4,[32/k3→64/k3→64/k3→1024/k3],0.377535,0.388828,false,remove_layer,58
4,14,0.431633,1928197,4,[768/k3→128/k3→256/k3→1024/k1],0.155686,0.388828,false,weights,22
4,15,0.436010,1928197,4,[768/k3→128/k3→256/k3→1024/k1],0.146881,0.388828,false,weights,22
4,16,0.450389,6810373,6,[768/k3→128/k3→128/k1→128/k1→768/k1→768/k3],0.170198,0.388828,false,weights,31
4,17,0.395464,1501701,3,[768/k3→128/k3→1024/k1],0.285402,0.388828,false,remove_layer,50
4,18,0.413815,1847909,5,[32/k3→64/k3→64/k3→1024/k3→128/k3],0.265198,0.388828,false,weights,58
4,19,0.434920,1928197,4,[768/k3→128/k3→256/k3→1024/k1],0.153123,0.388828,false,weights,22
4,20,0.396832,1501701,3,[768/k3→128/k3→1024/k1],0.285483,0.388828,false,remove_layer,2
4,21,0.399865,644485,3,[128/k3→256/k3→1024/k1],0.297906,0.388828,false,weights,13
4,22,0.427077,236165,5,[64/k3→64/k3→32/k3→128/k3→768/k1],0.266913,0.388828,false,weights,62
4,23,0.442999,1928197,4,[768/k3→128/k3→256/k3→1024/k1],0.155155,0.388828,false,weights,14
4,24,0.422809,1847909,5,[32/k3→64/k3→64/k3→1024/k3→128/k3],0.246736,0.388828,false,weights,60
4,25,0.398690,644485,3,[128/k3→256/k3→1024/k1],0.295000,0.388828,false,weights,46
4,26,0.415518,1847909,5,[32/k3→64/k3→64/k3→1024/k3→128/k3],0.261113,0.388828,false,weights,58
4,27,0.436828,8191237,4,[768/k1→1024/k3→512/k1→1024/k1],0.109358,0.388828,false,weights,23
4,28,0.460490,11367429,5,[768/k3→128/k3→256/k3→1024/k1→1024/k3],0.152193,0.388828,false,add_layer,50
4,29,0.457534,6810373,6,[768/k3→128/k3→128/k1→128/k1→768/k1→768/k3],0.153165,0.388828,false,weights,31
4,30,0.457867,1944837,5,[768/k3→128/k3→128/k1→256/k3→1024/k1],0.121436,0.388828,false,add_layer,50
4,31,0.443211,1928197,4,[768/k3→128/k3→256/k3→1024/k1],0.150864,0.388828,false,weights,14
4,32,0.440256,1928197,4,[768/k3→128/k3→256/k3→1024/k1],0.146441,0.388828,false,weights,50
4,33,0.436982,744261,5,[64/k3→768/k3→32/k3→32/k3→768/k1],0.237158,0.388828,false,weights,16
4,34,0.450671,11287141,6,[32/k3→64/k3→64/k3→1024/k3→1024/k3→128/k3],0.195943,0.388828,false,add_layer,58
4,35,0.443545,1928197,4,[768/k3→128/k3→256/k3→1024/k1],0.154170,0.388828,false,weights,50
4,36,0.420456,1847909,5,[32/k3→64/k3→64/k3→1024/k3→128/k3],0.252149,0.388828,false,weights,8
4,37,0.401007,644485,3,[128/k3→256/k3→1024/k1],0.294674,0.388828,false,weights,46
4,38,0.427463,131749,5,[32/k3→64/k3→64/k3→32/k3→128/k3],0.332610,0.388828,false,resize_layer,60
4,39,0.448196,6355973,6,[512/k3→128/k3→128/k1→128/k1→768/k1→768/k3],0.178931,0.388828,false,resize_layer,31
4,40,0.427462,6782405,5,[64/k3→768/k3→768/k3→128/k3→768/k1],0.222920,0.388828,false,weights,35
4,41,0.443634,1928197,4,[768/k3→128/k3→256/k3→1024/k1],0.145592,0.388828,false,weights,50
4,42,0.441531,1928197,4,[768/k3→128/k3→256/k3→1024/k1],0.150816,0.388828,false,weights,14
4,43,0.410501,644485,3,[128/k3→256/k3→1024/k1],0.378616,0.388828,false,remove_layer,22
4,44,0.456770,6810373,6,[768/k3→128/k3→128/k1→128/k1→768/k1→768/k3],0.159070,0.388828,false,weights,31
4,45,0.451705,1928197,4,[768/k3→128/k3→256/k3→1024/k1],0.139466,0.388828,false,weights,2
4,46,0.417553,1847909,5,[32/k3→64/k3→64/k3→1024/k3→128/k3],0.247110,0.388828,false,weights,60
4,47,0.407010,11250149,5,[32/k3→64/k3→1024/k3→1024/k3→128/k3],0.292055,0.388828,false,resize_layer,60
4,48,0.448925,1928197,4,[768/k3→128/k3→256/k3→1024/k1],0.137487,0.388828,false,weights,2
4,49,0.417473,1847909,5,[32/k3→64/k3→64/k3→1024/k3→128/k3],0.263234,0.388828,false,weights,58
4,50,0.461492,1500421,5,[768/k3→128/k3→128/k1→128/k1→768/k1],0.173306,0.388828,false,remove_layer,31
4,51,0.443164,1884901,6,[32/k3→64/k3→64/k3→64/k3→1024/k3→128/k3],0.225621,0.388828,false,add_layer,58
4,52,0.418669,1501701,3,[768/k3→128/k3→1024/k1],0.208345,0.388828,false,weights,52
4,53,0.398997,644485,3,[128/k3→256/k3→1024/k1],0.298762,0.388828,false,weights,46
4,54,0.400750,644485,3,[128/k3→256/k3→1024/k1],0.283860,0.388828,false,weights,46
4,55,0.417390,1847909,5,[32/k3→64/k3→64/k3→1024/k3→128/k3],0.261650,0.388828,false,weights,58
4,56,0.450808,2898533,6,[32/k3→64/k3→64/k3→1024/k3→1024/k1→128/k3],0.208894,0.388828,false,add_layer,8
4,57,0.444544,1928197,4,[768/k3→128/k3→256/k3→1024/k1],0.142447,0.388828,false,weights,2
4,58,0.425300,6825392,6,[69/k3→64/k3→768/k3→768/k3→128/k3→768/k1],0.265511,0.388828,false,add_layer,35
4,59,0.445839,7238149,5,[768/k3→768/k3→128/k3→256/k3→1024/k1],0.115600,0.388828,false,add_layer,14
4,60,0.402531,734981,4,[64/k3→768/k3→32/k3→768/k1],0.344961,0.388828,false,remove_layer,16
4,61,0.400568,644485,3,[128/k3→256/k3→1024/k1],0.294899,0.388828,false,weights,13
4,62,0.423782,1537541,4,[768/k1→128/k3→512/k1→1024/k1],0.221494,0.388828,false,resize_layer,23
4,63,0.439091,1928197,4,[768/k3→128/k3→256/k3→1024/k1],0.145929,0.388828,false,weights,50
5,0,0.408350,1810917,4,[32/k3→64/k3→1024/k3→128/k3],0.265161,0.388828,true,champion,7
5,1,0.424845,734981,4,[64/k3→768/k3→32/k3→768/k1],0.250412,0.388828,false,weights,60
5,2,0.402978,376453,2,[128/k3→256/k3],0.390460,0.388828,false,remove_layer,53
5,3,0.429156,428805,2,[256/k3→1024/k1],0.410510,0.388828,false,remove_layer,10
5,4,0.445359,673861,3,[64/k3→64/k3→1024/k3],0.438505,0.388828,false,remove_layer,13
5,5,0.408288,644485,3,[128/k3→256/k3→1024/k1],0.260763,0.388828,false,weights,25
5,6,0.408336,644485,3,[128/k3→256/k3→1024/k1],0.254067,0.388828,false,weights,54
5,7,0.406808,11250149,5,[32/k3→64/k3→1024/k3→1024/k3→128/k3],0.271772,0.388828,false,weights,47
5,8,0.395447,1768453,3,[512/k3→256/k3→1024/k1],0.285626,0.388828,false,resize_layer,43
5,9,0.422703,1501701,3,[768/k3→128/k3→1024/k1],0.201947,0.388828,false,weights,17
5,10,0.432509,1472453,4,[64/k3→768/k3→128/k3→768/k1],0.226851,0.388828,false,resize_layer,60
5,11,0.402398,1810917,4,[32/k3→64/k3→1024/k3→128/k3],0.276606,0.388828,false,weights,7
5,12,0.425651,428805,2,[256/k3→1024/k1],0.408351,0.388828,false,remove_layer,5
5,13,0.421439,1501701,3,[768/k3→128/k3→1024/k1],0.205872,0.388828,false,weights,17
5,14,0.411357,217989,2,[128/k3→1024/k1],0.387238,0.388828,false,remove_layer,10
5,15,0.463807,649384,4,[69/k1→128/k3→256/k3→1024/k1],0.318814,0.388828,false,add_layer,43
5,16,0.411509,644485,3,[128/k3→256/k3→1024/k1],0.243841,0.388828,false,weights,54
5,17,0.408540,11250149,5,[32/k3→64/k3→1024/k3→1024/k3→128/k3],0.269205,0.388828,false,weights,47
5,18,0.415775,644485,3,[128/k3→256/k3→1024/k1],0.245846,0.388828,false,weights,37
5,19,0.394683,644485,3,[128/k3→256/k3→1024/k1],0.302502,0.388828,false,weights,43
5,20,0.411582,672485,4,[32/k3→64/k3→64/k3→1024/k3],0.300530,0.388828,false,weights,13
5,21,0.422457,1234821,4,[128/k3→256/k3→256/k3→1024/k1],0.223919,0.388828,false,add_layer,61
5,22,0.421658,1820197,5,[32/k3→32/k3→64/k3→1024/k3→128/k3],0.258840,0.388828,false,add_layer,7
5,23,0.421809,687472,4,[69/k3→128/k3→256/k3→1024/k1],0.285371,0.388828,false,add_layer,53
5,24,0.414069,1432581,3,[768/k3→128/k3→512/k1],0.220208,0.388828,false,resize_layer,20
5,25,0.403917,1810917,4,[32/k3→64/k3→1024/k3→128/k3],0.275718,0.388828,false,weights,7
5,26,0.408181,8355525,4,[64/k3→768/k3→1024/k3→768/k1],0.277718,0.388828,false,resize_layer,60
5,27,0.405124,1810917,4,[32/k3→64/k3→1024/k3→128/k3],0.271786,0.388828,false,weights,7
5,28,0.426071,687472,4,[69/k3→128/k3→256/k3→1024/k1],0.286583,0.388828,false,add_layer,61
5,29,0.411483,644485,3,[128/k3→256/k3→1024/k1],0.254092,0.388828,false,weights,10
5,30,0.402978,376453,2,[128/k3→256/k3],0.390460,0.388828,false,remove_layer,53
5,31,0.396549,2317189,3,[128/k3→1024/k3→1024/k1],0.301519,0.388828,false,resize_layer,43
5,32,0.424159,428805,2,[256/k3→1024/k1],0.407809,0.388828,false,remove_layer,53
5,33,0.398328,644485,3,[128/k3→256/k3→1024/k1],0.289464,0.388828,false,weights,43
5,34,0.409864,365701,3,[128/k3→128/k3→1024/k1],0.281645,0.388828,false,resize_layer,21
5,35,0.470406,710021,4,[64/k3→768/k3→32/k3→128/k1],0.428182,0.388828,false,resize_layer,60
5,36,0.423645,217989,2,[128/k3→1024/k1],0.412252,0.388828,false,remove_layer,17
5,37,0.414966,644485,3,[128/k3→256/k3→1024/k1],0.253740,0.388828,false,weights,37
5,38,0.411483,644485,3,[128/k3→256/k3→1024/k1],0.252814,0.388828,false,weights,5
5,39,0.411683,3285989,5,[32/k3→64/k3→1024/k3→256/k3→128/k3],0.272209,0.388828,false,resize_layer,47
5,40,0.412944,2317189,3,[128/k3→1024/k3→1024/k1],0.247979,0.388828,false,resize_layer,5
5,41,0.405211,672485,4,[32/k3→64/k3→64/k3→1024/k3],0.311483,0.388828,false,weights,13
5,42,0.404170,376453,2,[128/k3→256/k3],0.389611,0.388828,false,remove_layer,54
5,43,0.421001,11250149,5,[32/k3→64/k3→1024/k3→1024/k3→128/k3],0.249917,0.388828,false,weights,47
5,44,0.407164,644485,3,[128/k3→256/k3→1024/k1],0.259466,0.388828,false,weights,53
5,45,0.427790,1501701,3,[768/k3→128/k3→1024/k1],0.194382,0.388828,false,weights,20
5,46,0.410121,1695109,4,[128/k3→256/k3→1024/k1→1024/k1],0.287704,0.388828,false,add_layer,43
5,47,0.401486,644485,3,[128/k3→256/k3→1024/k1],0.283806,0.388828,false,weights,43
5,48,0.420931,10083717,4,[128/k3→256/k3→1024/k1→1024/k3],0.250196,0.388828,false,add_layer,2
5,49,0.417930,1501701,3,[768/k3→128/k3→1024/k1],0.210054,0.388828,false,weights,17
5,50,0.410247,644485,3,[128/k3→256/k3→1024/k1],0.265589,0.388828,false,weights,2
5,51,0.400160,2517765,3,[768/k3→256/k3→1024/k1],0.280386,0.388828,false,resize_layer,53
5,52,0.400569,644485,3,[128/k3→256/k3→1024/k1],0.284889,0.388828,false,weights,43
5,53,0.412986,644485,3,[128/k3→256/k3→1024/k1],0.265206,0.388828,false,weights,2
5,54,0.428136,10940933,4,[768/k3→128/k3→1024/k1→1024/k3],0.212454,0.388828,false,add_layer,17
5,55,0.410665,644485,3,[128/k3→256/k3→1024/k1],0.256762,0.388828,false,weights,2
5,56,0.403676,644485,3,[128/k3→256/k3→1024/k1],0.266844,0.388828,false,weights,10
5,57,0.411601,644485,3,[128/k3→256/k3→1024/k1],0.245570,0.388828,false,weights,54
5,58,0.406920,644485,3,[128/k3→256/k3→1024/k1],0.266023,0.388828,false,weights,53
5,59,0.407758,644485,3,[128/k3→256/k3→1024/k1],0.256810,0.388828,false,weights,25
5,60,0.396909,644485,3,[128/k3→256/k3→1024/k1],0.298359,0.388828,false,weights,43
5,61,0.407028,672485,4,[32/k3→64/k3→64/k3→1024/k3],0.305062,0.388828,false,weights,13
5,62,0.424875,1501701,3,[768/k3→128/k3→1024/k1],0.207775,0.388828,false,weights,20
5,63,0.431125,408837,3,[128/k3→256/k3→128/k1],0.422975,0.388828,false,resize_layer,43
6,0,0.415052,644485,3,[128/k3→256/k3→1024/k1],0.238510,0.383805,true,champion,19
6,1,0.430948,1234821,4,[128/k3→256/k3→256/k3→1024/k1],0.201187,0.383805,false,add_layer,56
6,2,0.422165,7827717,4,[768/k3→768/k3→256/k3→1024/k1],0.215562,0.383805,false,add_layer,51
6,3,0.407363,644485,3,[128/k3→256/k3→1024/k1],0.253088,0.383805,false,weights,47
6,4,0.405399,644485,3,[128/k3→256/k3→1024/k1],0.259482,0.383805,false,weights,33
6,5,0.414017,644485,3,[128/k3→256/k3→1024/k1],0.234710,0.383805,false,weights,56
6,6,0.453903,649384,4,[69/k1→128/k3→256/k3→1024/k1],0.303277,0.383805,false,add_layer,33
6,7,0.385987,376453,2,[128/k3→256/k3],0.314318,0.383805,false,weights,2
6,8,0.417375,672485,4,[32/k3→64/k3→64/k3→1024/k3],0.283607,0.383805,false,weights,41
6,9,0.400119,2317189,3,[128/k3→1024/k3→1024/k1],0.274072,0.383805,false,weights,31
6,10,0.397211,2317189,3,[128/k3→1024/k3→1024/k1],0.276737,0.383805,false,weights,31
6,11,0.416120,644485,3,[128/k3→256/k3→1024/k1],0.239903,0.383805,false,weights,56
6,12,0.425242,428805,2,[256/k3→1024/k1],0.409829,0.383805,false,remove_layer,51
6,13,0.387219,376453,2,[128/k3→256/k3],0.315047,0.383805,false,weights,42
6,14,0.407151,644485,3,[128/k3→256/k3→1024/k1],0.255959,0.383805,false,weights,60
6,15,0.401320,2517765,3,[768/k3→256/k3→1024/k1],0.258539,0.383805,false,weights,51
6,16,0.416309,408837,3,[128/k3→256/k3→128/k1],0.393728,0.383805,false,resize_layer,56
6,17,0.396178,2317189,3,[128/k3→1024/k3→1024/k1],0.279238,0.383805,false,weights,31
6,18,0.419761,1810917,4,[32/k3→64/k3→1024/k3→128/k3],0.245053,0.383805,false,weights,11
6,19,0.400715,2317189,3,[128/k3→1024/k3→1024/k1],0.273364,0.383805,false,weights,31
6,20,0.405045,644485,3,[128/k3→256/k3→1024/k1],0.260492,0.383805,false,weights,33
6,21,0.470347,160773,1,[256/k3],0.481816,0.383805,false,remove_layer,30
6,22,0.405851,644485,3,[128/k3→256/k3→1024/k1],0.269456,0.383805,false,weights,19
6,23,0.424755,1958629,5,[32/k3→64/k3→1024/k3→128/k3→128/k3],0.240349,0.383805,false,add_layer,11
6,24,0.404298,644485,3,[128/k3→256/k3→1024/k1],0.262262,0.383805,false,weights,19
6,25,0.399394,524165,3,[128/k3→128/k3→256/k3],0.280820,0.383805,false,add_layer,2
6,26,0.405745,376453,2,[128/k3→256/k3],0.391483,0.383805,false,remove_layer,47
6,27,0.413194,1810917,4,[32/k3→64/k3→1024/k3→128/k3],0.254149,0.383805,false,weights,25
6,28,0.398021,1768453,3,[512/k3→256/k3→1024/k1],0.253396,0.383805,false,weights,8
6,29,0.417776,1810917,4,[32/k3→64/k3→1024/k3→128/k3],0.247858,0.383805,false,weights,27
6,30,0.512651,80389,1,[128/k3],0.522279,0.383805,false,remove_layer,30
6,31,0.418176,1019141,3,[256/k3→256/k3→1024/k1],0.223877,0.383805,false,resize_layer,56
6,32,0.408947,644485,3,[128/k3→256/k3→1024/k1],0.252244,0.383805,false,weights,60
6,33,0.413347,1810917,4,[32/k3→64/k3→1024/k3→128/k3],0.249883,0.383805,false,weights,11
6,34,0.395957,1768453,3,[512/k3→256/k3→1024/k1],0.269303,0.383805,false,weights,8
6,35,0.384766,376453,2,[128/k3→256/k3],0.317022,0.383805,false,weights,42
6,36,0.383805,2249733,2,[768/k3→256/k3],0.354063,0.383805,false,remove_layer,51
6,37,0.387403,376453,2,[128/k3→256/k3],0.307464,0.383805,false,weights,30
6,38,0.421161,1810917,4,[32/k3→64/k3→1024/k3→128/k3],0.239915,0.383805,false,weights,27
6,39,0.404540,644485,3,[128/k3→256/k3→1024/k1],0.258621,0.383805,false,weights,19
6,40,0.445733,8503141,4,[32/k3→768/k3→1024/k3→128/k3],0.259400,0.383805,false,resize_layer,27
6,41,0.416381,644485,3,[128/k3→256/k3→1024/k1],0.230250,0.383805,false,weights,56
6,42,0.419182,672485,4,[32/k3→64/k3→64/k3→1024/k3],0.275134,0.383805,false,weights,41
6,43,0.403927,644485,3,[128/k3→256/k3→1024/k1],0.267276,0.383805,false,weights,60
6,44,0.411939,217989,2,[128/k3→1024/k1],0.383960,0.383805,false,remove_layer,56
6,45,0.396080,1768453,3,[512/k3→256/k3→1024/k1],0.263255,0.383805,false,weights,8
6,46,0.408378,644485,3,[128/k3→256/k3→1024/k1],0.253146,0.383805,false,weights,52
6,47,0.419650,1810917,4,[32/k3→64/k3→1024/k3→128/k3],0.254600,0.383805,false,weights,25
6,48,0.419428,1812293,3,[64/k3→1024/k3→128/k3],0.397976,0.383805,false,remove_layer,11
6,49,0.408914,365701,3,[128/k3→128/k3→1024/k1],0.276572,0.383805,false,resize_layer,33
6,50,0.387639,376453,2,[128/k3→256/k3],0.304106,0.383805,false,weights,30
6,51,0.408249,644485,3,[128/k3→256/k3→1024/k1],0.253661,0.383805,false,weights,33
6,52,0.398317,1768453,3,[512/k3→256/k3→1024/k1],0.249945,0.383805,false,weights,8
6,53,0.512651,80389,1,[128/k3],0.522279,0.383805,false,remove_layer,30
6,54,0.419650,792197,4,[128/k3→128/k3→256/k3→1024/k1],0.230929,0.383805,false,add_layer,33
6,55,0.385213,376453,2,[128/k3→256/k3],0.320202,0.383805,false,weights,30
6,56,0.384871,376453,2,[128/k3→256/k3],0.315566,0.383805,false,weights,2
6,57,0.424798,709477,5,[32/k3→64/k3→64/k3→64/k3→1024/k3],0.271019,0.383805,false,add_layer,41
6,58,0.403189,644485,3,[128/k3→256/k3→1024/k1],0.261704,0.383805,false,weights,19
6,59,0.384335,376453,2,[128/k3→256/k3],0.318345,0.383805,false,weights,42
6,60,0.404425,644485,3,[128/k3→256/k3→1024/k1],0.261695,0.383805,false,weights,19
6,61,0.427407,1695109,4,[128/k3→256/k3→1024/k1→1024/k1],0.236888,0.383805,false,add_layer,47
6,62,0.411153,1810917,4,[32/k3→64/k3→1024/k3→128/k3],0.260630,0.383805,false,weights,25
6,63,0.395313,1768453,3,[512/k3→256/k3→1024/k1],0.270297,0.383805,false,weights,8
7,0,0.389342,2249733,2,[768/k3→256/k3],0.283194,0.383099,true,champion,36
7,1,0.395976,376453,2,[128/k3→256/k3],0.290742,0.383099,false,weights,13
7,2,0.395625,376453,2,[128/k3→256/k3],0.289390,0.383099,false,weights,55
7,3,0.385149,1500421,2,[512/k3→256/k3],0.353340,0.383099,false,remove_layer,52
7,4,0.394353,442501,3,[128/k3→256/k3→256/k1],0.280552,0.383099,false,add_layer,59
7,5,0.411596,4653061,3,[512/k3→768/k3→1024/k1],0.205170,0.383099,false,resize_layer,34
7,6,0.406801,2317189,3,[128/k3→1024/k3→1024/k1],0.237958,0.383099,false,weights,17
7,7,0.409212,1768453,3,[512/k3→256/k3→1024/k1],0.222461,0.383099,false,weights,34
7,8,0.462189,381352,3,[69/k1→128/k3→256/k3],0.332635,0.383099,false,add_layer,50
7,9,0.396427,376453,2,[128/k3→256/k3],0.279511,0.383099,false,weights,50
7,10,0.384116,1500421,2,[512/k3→256/k3],0.353134,0.383099,false,remove_layer,63
7,11,0.413847,524165,3,[128/k3→128/k3→256/k3],0.261918,0.383099,false,add_layer,13
7,12,0.407548,1768453,3,[512/k3→256/k3→1024/k1],0.224629,0.383099,false,weights,52
7,13,0.395060,376453,2,[128/k3→256/k3],0.285174,0.383099,false,weights,50
7,14,0.407662,365701,3,[128/k3→128/k3→1024/k1],0.272357,0.383099,false,resize_layer,17
7,15,0.392165,376453,2,[128/k3→256/k3],0.294310,0.383099,false,weights,55
7,16,0.388879,376453,2,[128/k3→256/k3],0.297634,0.383099,false,weights,35
7,17,0.475660,381352,3,[69/k1→128/k3→256/k3],0.320452,0.383099,false,add_layer,50
7,18,0.514073,153925,2,[128/k3→64/k3],0.499086,0.383099,false,resize_layer,50
7,19,0.399570,442501,3,[128/k3→256/k3→256/k1],0.274191,0.383099,false,add_layer,56
7,20,0.391811,376453,2,[128/k3→256/k3],0.292153,0.383099,false,weights,37
7,21,0.457379,381352,3,[69/k1→128/k3→256/k3],0.336807,0.383099,false,add_layer,37
7,22,0.400382,2317189,3,[128/k3→1024/k3→1024/k1],0.249157,0.383099,false,weights,10
7,23,0.392246,376453,2,[128/k3→256/k3],0.296427,0.383099,false,weights,55
7,24,0.394683,376453,2,[128/k3→256/k3],0.294520,0.383099,false,weights,7
7,25,0.407352,1768453,3,[512/k3→256/k3→1024/k1],0.216060,0.383099,false,weights,52
7,26,0.408116,1768453,3,[512/k3→256/k3→1024/k1],0.207956,0.383099,false,weights,63
7,27,0.446674,381352,3,[69/k1→128/k3→256/k3],0.341011,0.383099,false,add_layer,35
7,28,0.391115,376453,2,[128/k3→256/k3],0.293918,0.383099,false,weights,7
7,29,0.391995,673157,2,[128/k3→512/k3],0.282432,0.383099,false,resize_layer,59
7,30,0.708982,116837,2,[128/k3→32/k3],0.718142,0.383099,false,resize_layer,7
7,31,0.383099,2249733,2,[768/k3→256/k3],0.294348,0.383099,false,weights,36
7,32,0.409614,1768453,3,[512/k3→256/k3→1024/k1],0.223091,0.383099,false,weights,34
7,33,0.408365,2517765,3,[768/k3→256/k3→1024/k1],0.207782,0.383099,false,resize_layer,52
7,34,0.412200,1768453,3,[512/k3→256/k3→1024/k1],0.218299,0.383099,false,weights,28
7,35,0.412577,1768453,3,[512/k3→256/k3→1024/k1],0.213243,0.383099,false,weights,34
7,36,0.409058,419440,3,[69/k3→128/k3→256/k3],0.307017,0.383099,false,add_layer,50
7,37,0.411209,1768453,3,[512/k3→256/k3→1024/k1],0.215065,0.383099,false,weights,63
7,38,0.406406,966789,3,[128/k3→256/k3→256/k3],0.261905,0.383099,false,add_layer,7
7,39,0.404994,2317189,3,[128/k3→1024/k3→1024/k1],0.242896,0.383099,false,weights,10
7,40,0.393187,376453,2,[128/k3→256/k3],0.288021,0.383099,false,weights,56
7,41,0.410031,644485,3,[128/k3→256/k3→1024/k1],0.241865,0.383099,false,resize_layer,34
7,42,0.406845,2317189,3,[128/k3→1024/k3→1024/k1],0.249643,0.383099,false,weights,17
7,43,0.403243,1768453,3,[512/k3→256/k3→1024/k1],0.229864,0.383099,false,weights,34
7,44,0.391256,2249733,2,[768/k3→256/k3],0.274467,0.383099,false,weights,36
7,45,0.395933,376453,2,[128/k3→256/k3],0.283205,0.383099,false,weights,37
7,46,0.409118,1768453,3,[512/k3→256/k3→1024/k1],0.212251,0.383099,false,weights,63
7,47,0.432173,2358789,4,[512/k3→256/k3→256/k3→1024/k1],0.160034,0.383099,false,add_layer,63
7,48,0.394109,376453,2,[128/k3→256/k3],0.285342,0.383099,false,weights,37
7,49,0.391961,376453,2,[128/k3→256/k3],0.294473,0.383099,false,weights,55
7,50,0.403090,1768453,3,[512/k3→256/k3→1024/k1],0.221996,0.383099,false,weights,45
7,51,0.385149,1500421,2,[512/k3→256/k3],0.353339,0.383099,false,remove_layer,52
7,52,0.475020,160773,1,[256/k3],0.489684,0.383099,false,remove_layer,13
7,53,0.403350,1768453,3,[512/k3→256/k3→1024/k1],0.221771,0.383099,false,weights,28
7,54,0.394810,376453,2,[128/k3→256/k3],0.287445,0.383099,false,weights,56
7,55,0.396766,376453,2,[128/k3→256/k3],0.287903,0.383099,false,weights,13
7,56,0.395191,850437,2,[512/k3→1024/k1],0.345257,0.383099,false,remove_layer,34
7,57,0.405189,966789,3,[128/k3→256/k3→256/k3],0.259290,0.383099,false,add_layer,56
7,58,0.715888,116837,2,[128/k3→32/k3],0.721218,0.383099,false,resize_layer,35
7,59,0.408469,1768453,3,[512/k3→256/k3→1024/k1],0.207482,0.383099,false,weights,28
7,60,0.388618,376453,2,[128/k3→256/k3],0.296634,0.383099,false,weights,59
7,61,0.425320,11207685,4,[512/k3→256/k3→1024/k1→1024/k3],0.219135,0.383099,false,add_layer,63
7,62,0.389993,2315781,3,[768/k3→256/k3→256/k1],0.269399,0.383099,false,add_layer,36
7,63,0.391365,376453,2,[128/k3→256/k3],0.291088,0.383099,false,weights,59
8,0,0.397812,2249733,2,[768/k3→256/k3],0.251216,0.383099,true,champion,31
8,1,0.383268,751109,2,[256/k3→256/k3],0.297675,0.383099,false,resize_layer,10
8,2,0.383192,1500421,2,[512/k3→256/k3],0.286527,0.383099,false,weights,10
8,3,0.487138,80389,1,[128/k3],0.495470,0.383099,false,remove_layer,60
8,4,0.400946,673157,2,[128/k3→512/k3],0.268308,0.383099,false,resize_layer,20
8,5,0.393336,376453,2,[128/k3→256/k3],0.284167,0.383099,false,weights,49
8,6,0.408659,393093,3,[128/k3→128/k1→256/k3],0.258250,0.383099,false,add_layer,60
8,7,0.397370,969861,2,[128/k3→768/k3],0.268760,0.383099,false,resize_layer,16
8,8,0.464921,381352,3,[69/k1→128/k3→256/k3],0.327360,0.383099,false,add_layer,60
8,9,0.397094,7563525,2,[768/k3→1024/k3],0.252098,0.383099,false,resize_layer,31
8,10,0.393991,673157,2,[128/k3→512/k3],0.275499,0.383099,false,weights,29
8,11,0.394048,2315781,3,[768/k3→256/k3→256/k1],0.247850,0.383099,false,weights,62
8,12,0.408884,95461,2,[32/k3→256/k3],0.382116,0.383099,false,resize_layer,0
8,13,0.466248,678056,3,[69/k1→128/k3→512/k3],0.340415,0.383099,false,add_layer,29
8,14,0.393288,2249733,2,[768/k3→256/k3],0.268175,0.383099,false,weights,0
8,15,0.397437,376453,2,[128/k3→256/k3],0.279578,0.383099,false,weights,15
8,16,0.389759,1500421,2,[512/k3→256/k3],0.271707,0.383099,false,weights,10
8,17,0.399294,376453,2,[128/k3→256/k3],0.274887,0.383099,false,weights,15
8,18,0.388882,1500421,2,[512/k3→256/k3],0.275055,0.383099,false,weights,10
8,19,0.402437,2249733,2,[768/k3→256/k3],0.247333,0.383099,false,remove_layer,62
8,20,0.395119,376453,2,[128/k3→256/k3],0.280079,0.383099,false,weights,63
8,21,0.397158,376453,2,[128/k3→256/k3],0.278143,0.383099,false,weights,63
8,22,0.394490,2315781,3,[768/k3→256/k3→256/k1],0.250445,0.383099,false,weights,62
8,23,0.410047,524165,3,[128/k3→128/k3→256/k3],0.251153,0.383099,false,add_layer,16
8,24,0.387282,3863301,2,[512/k3→768/k3],0.277980,0.383099,false,resize_layer,10
8,25,0.409025,393093,3,[128/k3→128/k1→256/k3],0.259128,0.383099,false,add_layer,63
8,26,0.386706,2249733,2,[768/k3→256/k3],0.278613,0.383099,false,weights,44
8,27,0.398310,376453,2,[128/k3→256/k3],0.278779,0.383099,false,weights,23
8,28,0.469607,160773,1,[256/k3],0.483585,0.383099,false,remove_layer,60
8,29,0.397351,2681861,2,[512/k3→512/k3],0.267277,0.383099,false,resize_layer,29
8,30,0.393200,2315781,3,[768/k3→256/k3→256/k1],0.248599,0.383099,false,weights,62
8,31,0.720603,466661,2,[512/k3→32/k3],0.723924,0.383099,false,resize_layer,51
8,32,0.391105,2249733,2,[768/k3→256/k3],0.267949,0.383099,false,weights,0
8,33,0.474656,160773,1,[256/k3],0.484452,0.383099,false,remove_layer,10
8,34,0.396896,2249733,2,[768/k3→256/k3],0.260756,0.383099,false,weights,0
8,35,0.394619,376453,2,[128/k3→256/k3],0.283081,0.383099,false,weights,63
8,36,0.402746,2999045,2,[1024/k3→256/k3],0.244518,0.383099,false,resize_layer,0
8,37,0.399287,1500421,2,[512/k3→256/k3],0.280190,0.383099,false,resize_layer,23
8,38,0.392917,2315781,3,[768/k3→256/k3→256/k1],0.259630,0.383099,false,weights,62
8,39,0.398890,376453,2,[128/k3→256/k3],0.276445,0.383099,false,weights,49
8,40,0.385286,2249733,2,[768/k3→256/k3],0.279570,0.383099,false,weights,44
8,41,0.396725,376453,2,[128/k3→256/k3],0.284469,0.383099,false,weights,23
8,42,0.490669,80389,1,[128/k3],0.499007,0.383099,false,remove_layer,23
8,43,0.391211,2249733,2,[768/k3→256/k3],0.269070,0.383099,false,weights,0
8,44,0.419912,2358768,4,[69/k3→768/k3→256/k3→256/k1],0.275847,0.383099,false,add_layer,62
8,45,0.389497,673157,2,[128/k3→512/k3],0.275264,0.383099,false,weights,29
8,46,0.400243,2315781,3,[768/k3→256/k3→256/k1],0.241868,0.383099,false,weights,62
8,47,0.399551,376453,2,[128/k3→256/k3],0.282372,0.383099,false,weights,23
8,48,0.393542,376453,2,[128/k3→256/k3],0.280985,0.383099,false,weights,63
8,49,0.398242,376453,2,[128/k3→256/k3],0.279176,0.383099,false,weights,23
8,50,0.400174,376453,2,[128/k3→256/k3],0.273049,0.383099,false,weights,20
8,51,0.397004,376453,2,[128/k3→256/k3],0.285505,0.383099,false,weights,23
8,52,0.389839,1500421,2,[512/k3→256/k3],0.275721,0.383099,false,weights,10
8,53,0.413917,95461,2,[32/k3→256/k3],0.401633,0.383099,false,resize_layer,51
8,54,0.397208,673157,2,[128/k3→512/k3],0.263272,0.383099,false,weights,29
8,55,0.468231,1505320,3,[69/k1→512/k3→256/k3],0.310885,0.383099,false,add_layer,51
8,56,0.397859,376453,2,[128/k3→256/k3],0.277752,0.383099,false,weights,15
8,57,0.470841,381352,3,[69/k1→128/k3→256/k3],0.330789,0.383099,false,add_layer,23
8,58,0.393906,673157,2,[128/k3→512/k3],0.273898,0.383099,false,weights,29
8,59,0.399815,376453,2,[128/k3→256/k3],0.273148,0.383099,false,weights,28
8,60,0.444076,321541,1,[512/k3],0.452225,0.383099,false,remove_layer,29
8,61,0.398060,189125,2,[64/k3→256/k3],0.365692,0.383099,false,resize_layer,3
8,62,0.423397,7559685,3,[768/k3→768/k3→256/k3],0.195345,0.383099,false,add_layer,0
8,63,0.469911,160773,1,[256/k3],0.482767,0.383099,false,remove_layer,28
9,0,0.396032,1500421,2,[512/k3→256/k3],0.247154,0.383099,true,champion,2
9,1,0.416460,5986821,3,[768/k3→768/k3→256/k1],0.199397,0.383099,false,resize_layer,38
9,2,0.388355,376453,2,[128/k3→256/k3],0.308552,0.383099,false,resize_layer,16
9,3,0.402584,2315781,3,[768/k3→256/k3→256/k1],0.232747,0.383099,false,add_layer,40
9,4,0.392350,2249733,2,[768/k3→256/k3],0.257110,0.383099,false,weights,40
9,5,0.397534,376453,2,[128/k3→256/k3],0.265796,0.383099,false,weights,48
9,6,0.393742,1500421,2,[512/k3→256/k3],0.259381,0.383099,false,weights,18
9,7,0.397996,2249733,2,[768/k3→256/k3],0.249650,0.383099,false,weights,43
9,8,0.398569,189125,2,[64/k3→256/k3],0.340905,0.383099,false,resize_layer,26
9,9,0.392978,228101,2,[128/k3→128/k3],0.312301,0.383099,false,resize_layer,45
9,10,0.393824,1934341,2,[256/k3→768/k3],0.265746,0.383099,false,resize_layer,1
9,11,0.392214,751109,2,[256/k3→256/k3],0.276058,0.383099,false,weights,1
9,12,0.393089,2999045,2,[1024/k3→256/k3],0.255645,0.383099,false,resize_layer,2
9,13,0.448792,939141,3,[768/k3→64/k3→256/k1],0.262902,0.383099,false,resize_layer,30
9,14,0.389202,1500421,2,[512/k3→256/k3],0.272670,0.383099,false,weights,16
9,15,0.399653,2249733,2,[768/k3→256/k3],0.247883,0.383099,false,weights,43
9,16,0.391488,2249733,2,[768/k3→256/k3],0.266774,0.383099,false,weights,40
9,17,0.391124,751109,2,[256/k3→256/k3],0.270155,0.383099,false,weights,1
9,18,0.397766,2249733,2,[768/k3→256/k3],0.244888,0.383099,false,weights,40
9,19,0.582052,709701,3,[768/k3→32/k3→256/k1],0.299160,0.383099,false,resize_layer,30
9,20,0.419373,321541,1,[512/k3],0.415349,0.383099,false,remove_layer,52
9,21,0.398243,376453,2,[128/k3→256/k3],0.270284,0.383099,false,weights,48
9,22,0.406923,2315781,3,[768/k3→256/k3→256/k1],0.218211,0.383099,false,weights,30
9,23,0.400599,2315781,3,[768/k3→256/k3→256/k1],0.220891,0.383099,false,weights,30
9,24,0.413419,1543408,3,[69/k3→512/k3→256/k3],0.297582,0.383099,false,add_layer,16
9,25,0.385506,3863301,2,[512/k3→768/k3],0.276862,0.383099,false,weights,24
9,26,0.415920,6223621,3,[512/k3→512/k3→768/k3],0.203856,0.383099,false,add_layer,24
9,27,0.398546,2249733,2,[768/k3→256/k3],0.254468,0.383099,false,weights,26
9,28,0.398902,376453,2,[128/k3→256/k3],0.269347,0.383099,false,weights,5
9,29,0.389894,3863301,2,[512/k3→768/k3],0.268551,0.383099,false,weights,24
9,30,0.397552,2249733,2,[768/k3→256/k3],0.249297,0.383099,false,weights,14
9,31,0.394981,2249733,2,[768/k3→256/k3],0.256522,0.383099,false,weights,40
9,32,0.404038,2315781,3,[768/k3→256/k3→256/k1],0.221326,0.383099,false,weights,30
9,33,0.402718,2315781,3,[768/k3→256/k3→256/k1],0.232492,0.383099,false,add_layer,40
9,34,0.460337,1505320,3,[69/k1→512/k3→256/k3],0.326415,0.383099,false,add_layer,18
9,35,0.392394,1500421,2,[512/k3→256/k3],0.261443,0.383099,false,weights,52
9,36,0.397380,2249733,2,[768/k3→256/k3],0.250104,0.383099,false,weights,40
9,37,0.395779,2249733,2,[768/k3→256/k3],0.251253,0.383099,false,weights,32
9,38,0.401592,3863301,2,[512/k3→768/k3],0.241054,0.383099,false,resize_layer,52
9,39,0.398917,673157,2,[128/k3→512/k3],0.254933,0.383099,false,weights,45
9,40,0.395076,3863301,2,[512/k3→768/k3],0.248149,0.383099,false,resize_layer,2
9,41,0.400215,676869,2,[768/k3→256/k1],0.381584,0.383099,false,remove_layer,30
9,42,0.402357,376453,2,[128/k3→256/k3],0.268541,0.383099,false,weights,5
9,43,0.386805,3863301,2,[512/k3→768/k3],0.274169,0.383099,false,weights,24
9,44,0.397857,673157,2,[128/k3→512/k3],0.256139,0.383099,false,weights,45
9,45,0.412776,7822341,3,[768/k3→1024/k3→256/k1],0.199500,0.383099,false,resize_layer,30
9,46,0.400546,751109,2,[256/k3→256/k3],0.258610,0.383099,false,resize_layer,48
9,47,0.405784,2315781,3,[768/k3→256/k3→256/k1],0.217548,0.383099,false,weights,30
9,48,0.409867,2315781,3,[768/k3→256/k3→256/k1],0.216478,0.383099,false,weights,38
9,49,0.396336,1566469,3,[512/k3→256/k3→256/k1],0.245838,0.383099,false,add_layer,18
9,50,0.399395,1500421,2,[512/k3→256/k3],0.270635,0.383099,false,resize_layer,5
9,51,0.477812,160773,1,[256/k3],0.493158,0.383099,false,remove_layer,32
9,52,0.414065,2292720,3,[69/k3→768/k3→256/k3],0.294340,0.383099,false,add_layer,14
9,53,0.385872,1500421,2,[512/k3→256/k3],0.268715,0.383099,false,weights,16
9,54,0.477282,160773,1,[256/k3],0.494107,0.383099,false,remove_layer,14
9,55,0.405083,969861,2,[128/k3→768/k3],0.261139,0.383099,false,resize_layer,5
9,56,0.397912,2315781,3,[768/k3→256/k3→256/k1],0.237233,0.383099,false,weights,30
9,57,0.395280,2249733,2,[768/k3→256/k3],0.255335,0.383099,false,weights,14
9,58,0.491465,2320680,4,[69/k1→768/k3→256/k3→256/k1],0.268741,0.383099,false,add_layer,38
9,59,0.416680,1763589,3,[512/k3→512/k1→256/k3],0.209316,0.383099,false,add_layer,16
9,60,0.388611,751109,2,[256/k3→256/k3],0.280194,0.383099,false,weights,1
9,61,0.412591,4151301,3,[768/k3→512/k3→256/k1],0.199504,0.383099,false,resize_layer,30
9,62,0.395953,2249733,2,[768/k3→256/k3],0.256422,0.383099,false,weights,26
9,63,0.392700,1500421,2,[512/k3→256/k3],0.261272,0.383099,false,weights,16
10,0,0.406652,3863301,2,[512/k3→768/k3],0.219899,0.383099,true,champion,25
10,1,0.391936,751109,2,[256/k3→256/k3],0.264208,0.383099,false,weights,60
10,2,0.395229,376453,2,[128/k3→256/k3],0.284039,0.383099,false,weights,2
10,3,0.402133,3863301,2,[512/k3→768/k3],0.243088,0.383099,false,weights,43
10,4,0.393315,751109,2,[256/k3→256/k3],0.262072,0.383099,false,weights,60
10,5,0.398288,3863301,2,[512/k3→768/k3],0.244071,0.383099,false,weights,29
10,6,0.390605,376453,2,[128/k3→256/k3],0.286891,0.383099,false,weights,2
10,7,0.404329,2249733,2,[768/k3→256/k3],0.227186,0.383099,false,weights,4
10,8,0.393140,376453,2,[128/k3→256/k3],0.280241,0.383099,false,weights,2
10,9,0.443180,381352,3,[69/k1→128/k3→256/k3],0.347224,0.383099,false,add_layer,2
10,10,0.391614,1500421,2,[512/k3→256/k3],0.257815,0.383099,false,weights,14
10,11,0.397380,909701,2,[512/k3→128/k3],0.274393,0.383099,false,resize_layer,9
10,12,0.396317,1500421,2,[512/k3→256/k3],0.256911,0.383099,false,weights,14
10,13,0.398348,1500421,2,[512/k3→256/k3],0.249083,0.383099,false,weights,63
10,14,0.395505,3863301,2,[512/k3→768/k3],0.250788,0.383099,false,weights,29
10,15,0.417497,3906288,3,[69/k3→512/k3→768/k3],0.278890,0.383099,false,add_layer,25
10,16,0.396916,3863301,2,[512/k3→768/k3],0.251123,0.383099,false,weights,43
10,17,0.400599,1500421,2,[512/k3→256/k3],0.243482,0.383099,false,weights,14
10,18,0.393528,376453,2,[128/k3→256/k3],0.283322,0.383099,false,weights,2
10,19,0.396253,2249733,2,[768/k3→256/k3],0.247330,0.383099,false,weights,4
10,20,0.392587,376453,2,[128/k3→256/k3],0.281058,0.383099,false,weights,2
10,21,0.420149,321541,1,[512/k3],0.415619,0.383099,false,remove_layer,14
10,22,0.415050,4126469,3,[512/k3→512/k1→768/k3],0.208077,0.383099,false,add_layer,43
10,23,0.394497,751109,2,[256/k3→256/k3],0.253671,0.383099,false,weights,17
10,24,0.396901,751109,2,[256/k3→256/k3],0.256784,0.383099,false,weights,60
10,25,0.395547,751109,2,[256/k3→256/k3],0.259592,0.383099,false,weights,60
10,26,0.403963,1566469,3,[512/k3→256/k3→256/k1],0.230901,0.383099,false,add_layer,6
10,27,0.405670,1500421,2,[512/k3→256/k3],0.231055,0.383099,false,weights,14
10,28,0.481902,160773,1,[256/k3],0.498765,0.383099,false,remove_layer,4
10,29,0.513273,614341,2,[512/k3→64/k3],0.480347,0.383099,false,resize_layer,35
10,30,0.419584,321541,1,[512/k3],0.414301,0.383099,false,remove_layer,29
10,31,0.410161,375813,3,[128/k3→128/k3→128/k3],0.248023,0.383099,false,add_layer,9
10,32,0.396121,1500421,2,[512/k3→256/k3],0.250999,0.383099,false,weights,6
10,33,0.391505,751109,2,[256/k3→256/k3],0.260142,0.383099,false,weights,17
10,34,0.396679,751109,2,[256/k3→256/k3],0.257437,0.383099,false,weights,11
10,35,0.396839,1500421,2,[512/k3→256/k3],0.245625,0.383099,false,weights,6
10,36,0.394488,376453,2,[128/k3→256/k3],0.279589,0.383099,false,weights,2
10,37,0.397698,1500421,2,[512/k3→256/k3],0.249446,0.383099,false,weights,35
10,38,0.398180,2999045,2,[1024/k3→256/k3],0.250517,0.383099,false,weights,12
10,39,0.402444,442501,3,[128/k3→256/k3→256/k1],0.259594,0.383099,false,add_layer,2
10,40,0.474468,160773,1,[256/k3],0.482821,0.383099,false,remove_layer,11
10,41,0.387830,2999045,2,[1024/k3→256/k3],0.269057,0.383099,false,weights,12
10,42,0.396283,3863301,2,[512/k3→768/k3],0.254265,0.383099,false,weights,43
10,43,0.392587,751109,2,[256/k3→256/k3],0.262296,0.383099,false,weights,17
10,44,0.420304,321541,1,[512/k3],0.414761,0.383099,false,remove_layer,35
10,45,0.475707,1505320,3,[69/k1→512/k3→256/k3],0.304737,0.383099,false,add_layer,14
10,46,0.400398,1500421,2,[512/k3→256/k3],0.240616,0.383099,false,weights,53
10,47,0.396398,1500421,2,[512/k3→256/k3],0.257698,0.383099,false,weights,14
10,48,0.394282,751109,2,[256/k3→256/k3],0.266678,0.383099,false,weights,11
10,49,0.391572,376453,2,[128/k3→256/k3],0.286278,0.383099,false,weights,2
10,50,0.403184,1266565,2,[128/k3→1024/k3],0.261100,0.383099,false,resize_layer,9
10,51,0.470869,756008,3,[69/k1→256/k3→256/k3],0.332770,0.383099,false,add_layer,60
10,52,0.423387,794096,3,[69/k3→256/k3→256/k3],0.301543,0.383099,false,add_layer,60
10,53,0.397920,1500421,2,[512/k3→256/k3],0.246016,0.383099,false,weights,6
10,54,0.395647,228101,2,[128/k3→128/k3],0.278753,0.383099,false,weights,9
10,55,0.397223,3863301,2,[512/k3→768/k3],0.252248,0.383099,false,weights,43
10,56,0.392780,1500421,2,[512/k3→256/k3],0.252997,0.383099,false,weights,35
10,57,0.438074,482309,1,[768/k3],0.437625,0.383099,false,remove_layer,25
10,58,0.397483,3589381,3,[1024/k3→256/k3→256/k3],0.246108,0.383099,false,add_layer,12
10,59,0.421401,321541,1,[512/k3],0.417705,0.383099,false,remove_layer,43
10,60,0.398922,1934341,2,[256/k3→768/k3],0.253357,0.383099,false,resize_layer,29
10,61,0.399095,2249733,2,[768/k3→256/k3],0.242353,0.383099,false,weights,16
10,62,0.395190,751109,2,[256/k3→256/k3],0.258431,0.383099,false,weights,60
10,63,0.412571,95461,2,[32/k3→256/k3],0.381476,0.383099,false,resize_layer,4
11,0,0.404803,2999045,2,[1024/k3→256/k3],0.232556,0.383099,true,champion,41
11,1,0.406595,393093,3,[128/k3→128/k1→256/k3],0.254862,0.383099,false,add_layer,49
11,2,0.394994,1500421,2,[512/k3→256/k3],0.271960,0.383099,false,resize_layer,49
11,3,0.398607,751109,2,[256/k3→256/k3],0.255253,0.383099,false,weights,23
11,4,0.391610,2999045,2,[1024/k3→256/k3],0.292806,0.383099,false,resize_layer,20
11,5,0.394940,376453,2,[128/k3→256/k3],0.275223,0.383099,false,weights,8
11,6,0.406862,1500421,2,[512/k3→256/k3],0.225855,0.383099,false,weights,56
11,7,0.398582,751109,2,[256/k3→256/k3],0.252699,0.383099,false,weights,33
11,8,0.401380,751109,2,[256/k3→256/k3],0.245501,0.383099,false,weights,1
11,9,0.399478,751109,2,[256/k3→256/k3],0.243049,0.383099,false,weights,43
11,10,0.395147,376453,2,[128/k3→256/k3],0.270008,0.383099,false,weights,49
11,11,0.399982,1500421,2,[512/k3→256/k3],0.240757,0.383099,false,weights,10
11,12,0.402086,751109,2,[256/k3→256/k3],0.241606,0.383099,false,weights,23
11,13,0.400558,1266565,2,[128/k3→1024/k3],0.259694,0.383099,false,resize_layer,49
11,14,0.401469,1500421,2,[512/k3→256/k3],0.232384,0.383099,false,weights,10
11,15,0.461090,756008,3,[69/k1→256/k3→256/k3],0.319804,0.383099,false,add_layer,33
11,16,0.399944,751109,2,[256/k3→256/k3],0.243008,0.383099,false,weights,4
11,17,0.475834,160773,1,[256/k3],0.484198,0.383099,false,remove_layer,48
11,18,0.399866,1500421,2,[512/k3→256/k3],0.242169,0.383099,false,weights,10
11,19,0.401817,751109,2,[256/k3→256/k3],0.244870,0.383099,false,weights,1
11,20,0.511170,614341,2,[512/k3→64/k3],0.478689,0.383099,false,resize_layer,10
11,21,0.409273,95461,2,[32/k3→256/k3],0.380128,0.383099,false,resize_layer,33
11,22,0.395685,751109,2,[256/k3→256/k3],0.256391,0.383099,false,weights,48
11,23,0.393335,1500421,2,[512/k3→256/k3],0.248783,0.383099,false,weights,10
11,24,0.393490,751109,2,[256/k3→256/k3],0.256269,0.383099,false,weights,43
11,25,0.472876,160773,1,[256/k3],0.481937,0.383099,false,remove_layer,8
11,26,0.394372,376453,2,[128/k3→256/k3],0.270553,0.383099,false,weights,8
11,27,0.404501,393093,3,[128/k3→128/k1→256/k3],0.255830,0.383099,false,add_layer,20
11,28,0.392828,751109,2,[256/k3→256/k3],0.253623,0.383099,false,weights,43
11,29,0.455343,756008,3,[69/k1→256/k3→256/k3],0.318599,0.383099,false,add_layer,62
11,30,0.396973,1500421,2,[512/k3→256/k3],0.269186,0.383099,false,resize_layer,18
11,31,0.396424,376453,2,[128/k3→256/k3],0.269969,0.383099,false,weights,36
11,32,0.410826,95461,2,[32/k3→256/k3],0.383963,0.383099,false,resize_layer,62
11,33,0.400491,751109,2,[256/k3→256/k3],0.242352,0.383099,false,weights,33
11,34,0.401620,969861,2,[128/k3→768/k3],0.258684,0.383099,false,resize_layer,6
11,35,0.413016,966789,3,[128/k3→256/k3→256/k3],0.234274,0.383099,false,add_layer,8
11,36,0.456297,381352,3,[69/k1→128/k3→256/k3],0.340273,0.383099,false,add_layer,36
11,37,0.402087,1500421,2,[512/k3→256/k3],0.230595,0.383099,false,weights,56
11,38,0.392767,2249733,2,[768/k3→256/k3],0.281068,0.383099,false,resize_layer,20
11,39,0.394654,751109,2,[256/k3→256/k3],0.255954,0.383099,false,weights,4
11,40,0.397378,751109,2,[256/k3→256/k3],0.249590,0.383099,false,weights,33
11,41,0.396947,751109,2,[256/k3→256/k3],0.247747,0.383099,false,weights,43
11,42,0.396155,376453,2,[128/k3→256/k3],0.269909,0.383099,false,weights,36
11,43,0.397916,376453,2,[128/k3→256/k3],0.269658,0.383099,false,weights,6
11,44,0.403851,751109,2,[256/k3→256/k3],0.242970,0.383099,false,weights,1
11,45,0.399885,2999045,2,[1024/k3→256/k3],0.248230,0.383099,false,weights,41
11,46,0.405048,1500421,2,[512/k3→256/k3],0.227382,0.383099,false,weights,56
11,47,0.472561,1505320,3,[69/k1→512/k3→256/k3],0.292246,0.383099,false,add_layer,56
11,48,0.430087,160773,1,[256/k3],0.427938,0.383099,false,remove_layer,4
11,49,0.395370,751109,2,[256/k3→256/k3],0.258754,0.383099,false,weights,33
11,50,0.400381,751109,2,[256/k3→256/k3],0.242582,0.383099,false,weights,33
11,51,0.400347,376453,2,[128/k3→256/k3],0.264247,0.383099,false,weights,6
11,52,0.399979,376453,2,[128/k3→256/k3],0.268919,0.383099,false,weights,18
11,53,0.398551,376453,2,[128/k3→256/k3],0.266553,0.383099,false,weights,49
11,54,0.474053,160773,1,[256/k3],0.483818,0.383099,false,remove_layer,6
11,55,0.399106,751109,2,[256/k3→256/k3],0.245219,0.383099,false,weights,43
11,56,0.396693,1500421,2,[512/k3→256/k3],0.241663,0.383099,false,weights,10
11,57,0.396933,376453,2,[128/k3→256/k3],0.272302,0.383099,false,weights,6
11,58,0.394024,376453,2,[128/k3→256/k3],0.269925,0.383099,false,weights,36
11,59,0.394565,751109,2,[256/k3→256/k3],0.252124,0.383099,false,weights,4
11,60,0.394521,376453,2,[128/k3→256/k3],0.273643,0.383099,false,weights,18
11,61,0.395309,376453,2,[128/k3→256/k3],0.273689,0.383099,false,weights,6
11,62,0.396127,1500421,2,[512/k3→256/k3],0.270412,0.383099,false,resize_layer,6
11,63,0.487540,80389,1,[128/k3],0.496154,0.383099,false,remove_layer,8
12,0,0.390686,2999045,2,[1024/k3→256/k3],0.273652,0.383099,true,champion,4
12,1,0.403227,376453,2,[128/k3→256/k3],0.258308,0.383099,false,weights,5
12,2,0.398052,1500421,2,[512/k3→256/k3],0.259386,0.383099,false,weights,2
12,3,0.430348,794096,3,[69/k3→256/k3→256/k3],0.293957,0.383099,false,add_layer,39
12,4,0.397218,1500421,2,[512/k3→256/k3],0.260816,0.383099,false,weights,2
12,5,0.412047,442501,3,[128/k3→256/k3→256/k1],0.238153,0.383099,false,add_layer,26
12,6,0.400190,751109,2,[256/k3→256/k3],0.242968,0.383099,false,weights,24
12,7,0.401090,376453,2,[128/k3→256/k3],0.261239,0.383099,false,weights,60
12,8,0.390739,2249733,2,[768/k3→256/k3],0.274728,0.383099,false,resize_layer,4
12,9,0.485193,80389,1,[128/k3],0.494332,0.383099,false,remove_layer,10
12,10,0.400552,1500421,2,[512/k3→256/k3],0.238934,0.383099,false,weights,23
12,11,0.404242,376453,2,[128/k3→256/k3],0.251955,0.383099,false,weights,61
12,12,0.467021,756008,3,[69/k1→256/k3→256/k3],0.306552,0.383099,false,add_layer,24
12,13,0.403226,1266565,2,[128/k3→1024/k3],0.253639,0.383099,false,resize_layer,60
12,14,0.395797,1500421,2,[512/k3→256/k3],0.265705,0.383099,false,weights,2
12,15,0.403870,1500421,2,[512/k3→256/k3],0.227595,0.383099,false,weights,23
12,16,0.396832,376453,2,[128/k3→256/k3],0.261908,0.383099,false,weights,10
12,17,0.460721,381352,3,[69/k1→128/k3→256/k3],0.324164,0.383099,false,add_layer,61
12,18,0.396370,751109,2,[256/k3→256/k3],0.243969,0.383099,false,weights,39
12,19,0.418165,966789,3,[128/k3→256/k3→256/k3],0.223248,0.383099,false,add_layer,10
12,20,0.402010,376453,2,[128/k3→256/k3],0.257874,0.383099,false,weights,5
12,21,0.399390,376453,2,[128/k3→256/k3],0.259815,0.383099,false,weights,26
12,22,0.405459,1500421,2,[512/k3→256/k3],0.223861,0.383099,false,weights,23
12,23,0.405401,751109,2,[256/k3→256/k3],0.234238,0.383099,false,weights,49
12,24,0.402045,751109,2,[256/k3→256/k3],0.254505,0.383099,false,resize_layer,2
12,25,0.400678,751109,2,[256/k3→256/k3],0.247116,0.383099,false,weights,39
12,26,0.405330,751109,2,[256/k3→256/k3],0.236270,0.383099,false,weights,28
12,27,0.391233,2249733,2,[768/k3→256/k3],0.281203,0.383099,false,weights,38
12,28,0.404217,751109,2,[256/k3→256/k3],0.235441,0.383099,false,weights,24
12,29,0.392072,1500421,2,[512/k3→256/k3],0.271650,0.383099,false,weights,2
12,30,0.397863,751109,2,[256/k3→256/k3],0.249685,0.383099,false,weights,39
12,31,0.390748,7721221,2,[1024/k3→768/k3],0.273944,0.383099,false,resize_layer,4
12,32,0.399690,376453,2,[128/k3→256/k3],0.259689,0.383099,false,weights,60
12,33,0.404572,751109,2,[256/k3→256/k3],0.233188,0.383099,false,weights,24
12,34,0.401160,376453,2,[128/k3→256/k3],0.262019,0.383099,false,weights,60
12,35,0.401384,1566469,3,[512/k3→256/k3→256/k1],0.259255,0.383099,false,add_layer,2
12,36,0.410677,95461,2,[32/k3→256/k3],0.381352,0.383099,false,resize_layer,59
12,37,0.401575,751109,2,[256/k3→256/k3],0.238710,0.383099,false,weights,28
12,38,0.406898,751109,2,[256/k3→256/k3],0.237945,0.383099,false,weights,24
12,39,0.399314,376453,2,[128/k3→256/k3],0.265398,0.383099,false,weights,5
12,40,0.391040,2249733,2,[768/k3→256/k3],0.275216,0.383099,false,weights,38
12,41,0.397973,376453,2,[128/k3→256/k3],0.258349,0.383099,false,weights,10
12,42,0.402147,376453,2,[128/k3→256/k3],0.255478,0.383099,false,weights,61
12,43,0.403112,376453,2,[128/k3→256/k3],0.252137,0.383099,false,weights,58
12,44,0.405233,751109,2,[256/k3→256/k3],0.235882,0.383099,false,weights,24
12,45,0.416107,524165,3,[128/k3→128/k3→256/k3],0.238627,0.383099,false,add_layer,60
12,46,0.403670,751109,2,[256/k3→256/k3],0.239376,0.383099,false,weights,22
12,47,0.404642,751109,2,[256/k3→256/k3],0.237242,0.383099,false,weights,24
12,48,0.413352,442501,3,[128/k3→256/k3→256/k1],0.239799,0.383099,false,add_layer,60
12,49,0.485193,80389,1,[128/k3],0.494332,0.383099,false,remove_layer,10
12,50,0.404710,751109,2,[256/k3→256/k3],0.239432,0.383099,false,weights,22
12,51,0.402987,376453,2,[128/k3→256/k3],0.256618,0.383099,false,weights,5
12,52,0.404097,376453,2,[128/k3→256/k3],0.253478,0.383099,false,weights,5
12,53,0.401400,751109,2,[256/k3→256/k3],0.245663,0.383099,false,weights,59
12,54,0.480111,160773,1,[256/k3],0.489294,0.383099,false,remove_layer,2
12,55,0.402550,376453,2,[128/k3→256/k3],0.255923,0.383099,false,weights,58
12,56,0.404700,751109,2,[256/k3→256/k3],0.238782,0.383099,false,weights,59
12,57,0.482344,160773,1,[256/k3],0.491198,0.383099,false,remove_layer,38
12,58,0.399690,376453,2,[128/k3→256/k3],0.260546,0.383099,false,weights,10
12,59,0.399666,376453,2,[128/k3→256/k3],0.257479,0.383099,false,weights,58
12,60,0.398179,2999045,2,[1024/k3→256/k3],0.263539,0.383099,false,resize_layer,2
12,61,0.400377,2249733,2,[768/k3→256/k3],0.254802,0.383099,false,resize_layer,2
12,62,0.486099,80389,1,[128/k3],0.494273,0.383099,false,remove_layer,26
12,63,0.400378,751109,2,[256/k3→256/k3],0.240049,0.383099,false,weights,39
13,0,0.400276,2999045,2,[1024/k3→256/k3],0.248565,0.383099,true,champion,0
13,1,0.393798,2249733,2,[768/k3→256/k3],0.262447,0.383099,false,weights,8
13,2,0.398583,376453,2,[128/k3→256/k3],0.256184,0.383099,false,weights,21
13,3,0.419401,321541,1,[512/k3],0.416327,0.383099,false,remove_layer,14
13,4,0.684866,466661,2,[512/k3→32/k3],0.683745,0.383099,false,resize_layer,29
13,5,0.393894,2999045,2,[1024/k3→256/k3],0.266446,0.383099,false,weights,0
13,6,0.417054,482309,1,[768/k3],0.411633,0.383099,false,remove_layer,27
13,7,0.393072,7721221,2,[1024/k3→768/k3],0.270423,0.383099,false,weights,31
13,8,0.397288,1500421,2,[512/k3→256/k3],0.257574,0.383099,false,weights,2
13,9,0.407458,751109,2,[256/k3→256/k3],0.226364,0.383099,false,weights,30
13,10,0.410569,643077,1,[1024/k3],0.402717,0.383099,false,remove_layer,60
13,11,0.402107,751109,2,[256/k3→256/k3],0.243594,0.383099,false,weights,30
13,12,0.401013,376453,2,[128/k3→256/k3],0.251357,0.383099,false,weights,41
13,13,0.396503,1500421,2,[512/k3→256/k3],0.260827,0.383099,false,weights,29
13,14,0.400108,1500421,2,[512/k3→256/k3],0.254194,0.383099,false,weights,4
13,15,0.484802,160773,1,[256/k3],0.493877,0.383099,false,remove_layer,2
13,16,0.406727,1566469,3,[512/k3→256/k3→256/k1],0.239449,0.383099,false,add_layer,29
13,17,0.399324,376453,2,[128/k3→256/k3],0.254746,0.383099,false,resize_layer,40
13,18,0.389533,7721221,2,[1024/k3→768/k3],0.274457,0.383099,false,weights,31
13,19,0.422248,1543408,3,[69/k3→512/k3→256/k3],0.289032,0.383099,false,add_layer,29
13,20,0.402580,376453,2,[128/k3→256/k3],0.250936,0.383099,false,weights,39
13,21,0.388885,7721221,2,[1024/k3→768/k3],0.274195,0.383099,false,weights,31
13,22,0.398926,2999045,2,[1024/k3→256/k3],0.253700,0.383099,false,weights,0
13,23,0.394859,5360133,2,[1024/k3→512/k3],0.263162,0.383099,false,resize_layer,60
13,24,0.399520,1500421,2,[512/k3→256/k3],0.248507,0.383099,false,weights,2
13,25,0.476410,160773,1,[256/k3],0.483832,0.383099,false,remove_layer,21
13,26,0.393225,1500421,2,[512/k3→256/k3],0.261394,0.383099,false,weights,29
13,27,0.394031,2249733,2,[768/k3→256/k3],0.262743,0.383099,false,weights,8
13,28,0.398594,2249733,2,[768/k3→256/k3],0.252359,0.383099,false,weights,40
13,29,0.398418,1500421,2,[512/k3→256/k3],0.250238,0.383099,false,weights,2
13,30,0.389843,7721221,2,[1024/k3→768/k3],0.277469,0.383099,false,weights,31
13,31,0.416096,393093,3,[128/k3→128/k1→256/k3],0.237726,0.383099,false,add_layer,21
13,32,0.387651,2999045,2,[1024/k3→256/k3],0.279509,0.383099,false,weights,60
13,33,0.401546,5044741,2,[512/k3→1024/k3],0.244157,0.383099,false,resize_layer,14
13,34,0.412112,393093,3,[128/k3→128/k1→256/k3],0.237742,0.383099,false,add_layer,16
13,35,0.394437,2249733,2,[768/k3→256/k3],0.259453,0.383099,false,weights,40
13,36,0.403567,376453,2,[128/k3→256/k3],0.247003,0.383099,false,weights,21
13,37,0.388745,2999045,2,[1024/k3→256/k3],0.275144,0.383099,false,weights,60
13,38,0.401478,376453,2,[128/k3→256/k3],0.247686,0.383099,false,weights,21
13,39,0.415515,1543408,3,[69/k3→512/k3→256/k3],0.307795,0.383099,false,add_layer,29
13,40,0.390058,2249733,2,[768/k3→256/k3],0.263835,0.383099,false,weights,40
13,41,0.671869,116837,2,[128/k3→32/k3],0.678366,0.383099,false,resize_layer,21
13,42,0.396827,1500421,2,[512/k3→256/k3],0.259110,0.383099,false,weights,2
13,43,0.402111,376453,2,[128/k3→256/k3],0.244822,0.383099,false,weights,41
13,44,0.402907,376453,2,[128/k3→256/k3],0.251091,0.383099,false,weights,39
13,45,0.400756,376453,2,[128/k3→256/k3],0.249110,0.383099,false,weights,16
13,46,0.393757,2249733,2,[768/k3→256/k3],0.261453,0.383099,false,weights,40
13,47,0.398939,1500421,2,[512/k3→256/k3],0.255012,0.383099,false,resize_layer,60
13,48,0.417799,482309,1,[768/k3],0.412691,0.383099,false,remove_layer,8
13,49,0.401576,376453,2,[128/k3→256/k3],0.250316,0.383099,false,weights,21
13,50,0.394231,1500421,2,[512/k3→256/k3],0.262919,0.383099,false,weights,4
13,51,0.392654,2249733,2,[768/k3→256/k3],0.270926,0.383099,false,weights,8
13,52,0.396772,2249733,2,[768/k3→256/k3],0.261982,0.383099,false,weights,27
13,53,0.402277,189125,2,[64/k3→256/k3],0.302329,0.383099,false,resize_layer,29
13,54,0.398216,1500421,2,[512/k3→256/k3],0.255315,0.383099,false,weights,14
13,55,0.386302,2999045,2,[1024/k3→256/k3],0.283938,0.383099,false,weights,60
13,56,0.417054,482309,1,[768/k3],0.411633,0.383099,false,remove_layer,27
13,57,0.412939,95461,2,[32/k3→256/k3],0.381268,0.383099,false,resize_layer,30
13,58,0.395160,1500421,2,[512/k3→256/k3],0.256088,0.383099,false,weights,2
13,59,0.403300,376453,2,[128/k3→256/k3],0.252927,0.383099,false,weights,16
13,60,0.410153,643077,1,[1024/k3],0.401857,0.383099,false,remove_layer,0
13,61,0.391460,2249733,2,[768/k3→256/k3],0.264742,0.383099,false,weights,40
13,62,0.399324,376453,2,[128/k3→256/k3],0.254746,0.383099,false,resize_layer,40
13,63,0.482870,80389,1,[128/k3],0.491444,0.383099,false,remove_layer,41
14,0,0.400424,2999045,2,[1024/k3→256/k3],0.246054,0.383099,true,champion,55
14,1,0.409788,2840069,3,[768/k3→256/k3→256/k3],0.226629,0.383099,false,add_layer,1
14,2,0.391261,2999045,2,[1024/k3→256/k3],0.265228,0.383099,false,weights,32
14,3,0.393479,2249733,2,[768/k3→256/k3],0.262916,0.383099,false,weights,1
14,4,0.416194,1543408,3,[69/k3→512/k3→256/k3],0.304296,0.383099,false,add_layer,26
14,5,0.403034,376453,2,[128/k3→256/k3],0.256011,0.383099,false,resize_layer,51
14,6,0.395874,7721221,2,[1024/k3→768/k3],0.258734,0.383099,false,weights,7
14,7,0.404677,487621,2,[64/k3→768/k3],0.299552,0.383099,false,resize_layer,21
14,8,0.396443,1818501,2,[1024/k3→128/k3],0.271146,0.383099,false,resize_layer,7
14,9,0.406238,2315781,3,[768/k3→256/k3→256/k1],0.232225,0.383099,false,add_layer,51
14,10,0.396477,2249733,2,[768/k3→256/k3],0.251653,0.383099,false,weights,40
14,11,0.407404,3589381,3,[1024/k3→256/k3→256/k3],0.224727,0.383099,false,add_layer,5
14,12,0.393238,2999045,2,[1024/k3→256/k3],0.261933,0.383099,false,weights,32
14,13,0.414072,8771845,3,[1024/k3→1024/k1→768/k3],0.217975,0.383099,false,add_layer,7
14,14,0.400718,2999045,2,[1024/k3→256/k3],0.247688,0.383099,false,weights,55
14,15,0.496896,160773,1,[256/k3],0.505407,0.383099,false,remove_layer,40
14,16,0.397506,2999045,2,[1024/k3→256/k3],0.258432,0.383099,false,weights,32
14,17,0.397322,2249733,2,[768/k3→256/k3],0.254709,0.383099,false,weights,40
14,18,0.462531,2254632,3,[69/k1→768/k3→256/k3],0.326250,0.383099,false,add_layer,1
14,19,0.403745,2249733,2,[768/k3→256/k3],0.240388,0.383099,false,weights,61
14,20,0.397731,5360133,2,[1024/k3→512/k3],0.257513,0.383099,false,resize_layer,30
14,21,0.400603,2249733,2,[768/k3→256/k3],0.244336,0.383099,false,weights,46
14,22,0.406151,2315781,3,[768/k3→256/k3→256/k1],0.232472,0.383099,false,add_layer,51
14,23,0.394736,7721221,2,[1024/k3→768/k3],0.257600,0.383099,false,weights,7
14,24,0.496896,160773,1,[256/k3],0.505407,0.383099,false,remove_layer,40
14,25,0.395261,2249733,2,[768/k3→256/k3],0.252784,0.383099,false,weights,40
14,26,0.500497,160773,1,[256/k3],0.509871,0.383099,false,remove_layer,55
14,27,0.406288,2249733,2,[768/k3→256/k3],0.231230,0.383099,false,resize_layer,50
14,28,0.395712,2999045,2,[1024/k3→256/k3],0.257473,0.383099,false,weights,55
14,29,0.404170,13031173,3,[1024/k3→768/k3→768/k3],0.242361,0.383099,false,add_layer,7
14,30,0.401053,5360133,2,[1024/k3→512/k3],0.237183,0.383099,false,resize_layer,5
14,31,0.399770,2249733,2,[768/k3→256/k3],0.248843,0.383099,false,weights,51
14,32,0.396743,2249733,2,[768/k3→256/k3],0.248657,0.383099,false,weights,1
14,33,0.399112,2249733,2,[768/k3→256/k3],0.244695,0.383099,false,weights,46
14,34,0.389914,7721221,2,[1024/k3→768/k3],0.267826,0.383099,false,weights,7
14,35,0.396800,2999045,2,[1024/k3→256/k3],0.256003,0.383099,false,weights,37
14,36,0.423242,321541,1,[512/k3],0.421889,0.383099,false,remove_layer,26
14,37,0.394805,7721221,2,[1024/k3→768/k3],0.259949,0.383099,false,weights,7
14,38,0.400708,7563525,2,[768/k3→1024/k3],0.239710,0.383099,false,resize_layer,61
14,39,0.408077,1566469,3,[512/k3→256/k3→256/k1],0.226812,0.383099,false,add_layer,26
14,40,0.407821,2681861,2,[512/k3→512/k3],0.228712,0.383099,false,resize_layer,50
14,41,0.394797,2249733,2,[768/k3→256/k3],0.253999,0.383099,false,weights,1
14,42,0.397739,2249733,2,[768/k3→256/k3],0.250762,0.383099,false,weights,40
14,43,0.407757,3863301,2,[512/k3→768/k3],0.228870,0.383099,false,resize_layer,50
14,44,0.452994,482309,1,[768/k3],0.448299,0.383099,false,remove_layer,7
14,45,0.393043,7721221,2,[1024/k3→768/k3],0.259172,0.383099,false,weights,7
14,46,0.406251,2315781,3,[768/k3→256/k3→256/k1],0.232314,0.383099,false,add_layer,51
14,47,0.417843,1543408,3,[69/k3→512/k3→256/k3],0.292299,0.383099,false,add_layer,26
14,48,0.415736,7559685,3,[768/k3→768/k3→256/k3],0.211580,0.383099,false,add_layer,61
14,49,0.395949,1500421,2,[512/k3→256/k3],0.249879,0.383099,false,weights,26
14,50,0.419153,482309,1,[768/k3],0.414658,0.383099,false,remove_layer,27
14,51,0.497925,160773,1,[256/k3],0.507719,0.383099,false,remove_layer,32
14,52,0.399393,2999045,2,[1024/k3→256/k3],0.243665,0.383099,false,resize_layer,50
14,53,0.397321,2249733,2,[768/k3→256/k3],0.253056,0.383099,false,weights,1
14,54,0.389132,7721221,2,[1024/k3→768/k3],0.263368,0.383099,false,weights,18
14,55,0.478692,1228229,2,[1024/k3→64/k3],0.436411,0.383099,false,resize_layer,5
14,56,0.492582,160773,1,[256/k3],0.501225,0.383099,false,remove_layer,26
14,57,0.397107,2999045,2,[1024/k3→256/k3],0.255079,0.383099,false,weights,37
14,58,0.400669,7721221,2,[1024/k3→768/k3],0.247330,0.383099,false,weights,30
14,59,0.388343,2249733,2,[768/k3→256/k3],0.266068,0.383099,false,weights,27
14,60,0.399161,7721221,2,[1024/k3→768/k3],0.252985,0.383099,false,weights,30
14,61,0.389540,2999045,2,[1024/k3→256/k3],0.265946,0.383099,false,weights,37
14,62,0.399835,2999045,2,[1024/k3→256/k3],0.251086,0.383099,false,weights,5
14,63,0.401555,2249733,2,[768/k3→256/k3],0.242727,0.383099,false,weights,1
15,0,0.406637,2249733,2,[768/k3→256/k3],0.223678,0.383099,true,champion,59
15,1,0.408824,5792261,2,[768/k3→768/k3],0.218746,0.383099,false,resize_layer,25
15,2,0.396977,2999045,2,[1024/k3→256/k3],0.250416,0.383099,false,weights,12
15,3,0.406534,2249733,2,[768/k3→256/k3],0.231609,0.383099,false,weights,3
15,4,0.398598,2249733,2,[768/k3→256/k3],0.245793,0.383099,false,weights,41
15,5,0.400293,2249733,2,[768/k3→256/k3],0.245078,0.383099,false,weights,41
15,6,0.402717,7563525,2,[768/k3→1024/k3],0.232692,0.383099,false,resize_layer,41
15,7,0.400107,7721221,2,[1024/k3→768/k3],0.250433,0.383099,false,weights,37
15,8,0.395431,2999045,2,[1024/k3→256/k3],0.256931,0.383099,false,weights,2
15,9,0.501997,160773,1,[256/k3],0.511422,0.383099,false,remove_layer,25
15,10,0.396144,2999045,2,[1024/k3→256/k3],0.251806,0.383099,false,weights,28
15,11,0.399242,2999045,2,[1024/k3→256/k3],0.243489,0.383099,false,weights,2
15,12,0.399402,7721221,2,[1024/k3→768/k3],0.247530,0.383099,false,weights,45
15,13,0.394078,7721221,2,[1024/k3→768/k3],0.246157,0.383099,false,weights,54
15,14,0.398679,7721221,2,[1024/k3→768/k3],0.236688,0.383099,false,weights,54
15,15,0.462652,7726120,3,[69/k1→1024/k3→768/k3],0.303625,0.383099,false,add_layer,34
15,16,0.402568,7721221,2,[1024/k3→768/k3],0.239473,0.383099,false,weights,34
15,17,0.397965,7721221,2,[1024/k3→768/k3],0.247184,0.383099,false,weights,23
15,18,0.401381,2249733,2,[768/k3→256/k3],0.238941,0.383099,false,weights,59
15,19,0.406677,8312581,3,[1024/k3→768/k3→768/k1],0.226457,0.383099,false,add_layer,23
15,20,0.461989,482309,1,[768/k3],0.456860,0.383099,false,remove_layer,6
15,21,0.398509,7721221,2,[1024/k3→768/k3],0.247575,0.383099,false,weights,34
15,22,0.402815,1818501,2,[1024/k3→128/k3],0.245485,0.383099,false,weights,8
15,23,0.460010,482309,1,[768/k3],0.456396,0.383099,false,remove_layer,23
15,24,0.415320,2841093,3,[768/k3→768/k1→256/k3],0.201135,0.383099,false,add_layer,25
15,25,0.394598,7721221,2,[1024/k3→768/k3],0.250672,0.383099,false,weights,54
15,26,0.403322,1818501,2,[1024/k3→128/k3],0.244275,0.383099,false,weights,8
15,27,0.485596,1228229,2,[1024/k3→64/k3],0.443476,0.383099,false,resize_layer,61
15,28,0.507193,160773,1,[256/k3],0.515730,0.383099,false,remove_layer,61
15,29,0.404978,1934341,2,[256/k3→768/k3],0.244475,0.383099,false,resize_layer,34
15,30,0.397694,2249733,2,[768/k3→256/k3],0.242150,0.383099,false,weights,41
15,31,0.414485,643077,1,[1024/k3],0.403632,0.383099,false,remove_layer,45
15,32,0.418290,482309,1,[768/k3],0.412072,0.383099,false,remove_layer,25
15,33,0.465372,7726120,3,[69/k1→1024/k3→768/k3],0.318963,0.383099,false,add_layer,6
15,34,0.504044,160773,1,[256/k3],0.512062,0.383099,false,remove_layer,59
15,35,0.402511,7721221,2,[1024/k3→768/k3],0.248053,0.383099,false,weights,37
15,36,0.460010,482309,1,[768/k3],0.456396,0.383099,false,remove_layer,23
15,37,0.501997,160773,1,[256/k3],0.511422,0.383099,false,remove_layer,25
15,38,0.399797,7721221,2,[1024/k3→768/k3],0.252185,0.383099,false,weights,34
15,39,0.414712,643077,1,[1024/k3],0.405246,0.383099,false,remove_layer,23
15,40,0.457166,7726120,3,[69/k1→1024/k3→768/k3],0.308706,0.383099,false,add_layer,6
15,41,0.473096,3003944,3,[69/k1→1024/k3→256/k3],0.310910,0.383099,false,add_layer,2
15,42,0.399733,7721221,2,[1024/k3→768/k3],0.246890,0.383099,false,weights,34
15,43,0.399031,1500421,2,[512/k3→256/k3],0.239478,0.383099,false,weights,49
15,44,0.406468,2315781,3,[768/k3→256/k3→256/k1],0.219535,0.383099,false,add_layer,25
15,45,0.402305,455301,2,[256/k3→128/k3],0.263743,0.383099,false,resize_layer,8
15,46,0.398950,1500421,2,[512/k3→256/k3],0.239198,0.383099,false,weights,49
15,47,0.403052,7721221,2,[1024/k3→768/k3],0.242776,0.383099,false,weights,37
15,48,0.407427,5792261,2,[768/k3→768/k3],0.225955,0.383099,false,resize_layer,3
15,49,0.402583,7721221,2,[1024/k3→768/k3],0.237615,0.383099,false,weights,34
15,50,0.397165,1818501,2,[1024/k3→128/k3],0.260583,0.383099,false,weights,8
15,51,0.393451,2999045,2,[1024/k3→256/k3],0.257227,0.383099,false,weights,28
15,52,0.395057,7721221,2,[1024/k3→768/k3],0.249173,0.383099,false,weights,54
15,53,0.540053,80389,1,[128/k3],0.551942,0.383099,false,remove_layer,8
15,54,0.415901,643077,1,[1024/k3],0.408733,0.383099,false,remove_layer,61
15,55,0.402467,2249733,2,[768/k3→256/k3],0.239389,0.383099,false,weights,3
15,56,0.399004,2249733,2,[768/k3→256/k3],0.245693,0.383099,false,weights,3
15,57,0.398926,2249733,2,[768/k3→256/k3],0.247826,0.383099,false,weights,3
15,58,0.406016,1500421,2,[512/k3→256/k3],0.231936,0.383099,false,weights,49
15,59,0.396255,7721221,2,[1024/k3→768/k3],0.251006,0.383099,false,weights,37
15,60,0.397681,2249733,2,[768/k3→256/k3],0.241769,0.383099,false,weights,59
15,61,0.422323,482309,1,[768/k3],0.418542,0.383099,false,remove_layer,59
15,62,0.419243,12438277,3,[1024/k3→1024/k3→256/k3],0.211888,0.383099,false,add_layer,12
15,63,0.501997,160773,1,[256/k3],0.511422,0.383099,false,remove_layer,25
16,0,0.408521,2999045,2,[1024/k3→256/k3],0.218246,0.383099,true,champion,51
16,1,0.399598,7721221,2,[1024/k3→768/k3],0.231469,0.383099,false,weights,14
16,2,0.425257,7559685,3,[768/k3→768/k3→256/k3],0.185155,0.383099,false,add_layer,57
16,3,0.396831,7721221,2,[1024/k3→768/k3],0.236785,0.383099,false,weights,52
16,4,0.401642,2999045,2,[1024/k3→256/k3],0.238721,0.383099,false,weights,51
16,5,0.400905,2249733,2,[768/k3→256/k3],0.232832,0.383099,false,weights,60
16,6,0.399196,7721221,2,[1024/k3→768/k3],0.229479,0.383099,false,weights,52
16,7,0.415458,643077,1,[1024/k3],0.409149,0.383099,false,remove_layer,8
16,8,0.396431,7721221,2,[1024/k3→768/k3],0.235110,0.383099,false,weights,52
16,9,0.476184,1228229,2,[1024/k3→64/k3],0.431383,0.383099,false,resize_layer,52
16,10,0.467397,482309,1,[768/k3],0.467840,0.383099,false,remove_layer,14
16,11,0.400704,2249733,2,[768/k3→256/k3],0.236793,0.383099,false,weights,30
16,12,0.415315,643077,1,[1024/k3],0.405643,0.383099,false,remove_layer,52
16,13,0.406611,8312581,3,[1024/k3→768/k3→768/k1],0.208872,0.383099,false,add_layer,14
16,14,0.405856,2249733,2,[768/k3→256/k3],0.232290,0.383099,false,weights,57
16,15,0.423196,482309,1,[768/k3],0.417905,0.383099,false,remove_layer,4
16,16,0.486420,3003944,3,[69/k1→1024/k3→256/k3],0.287561,0.383099,false,add_layer,10
16,17,0.395826,7721221,2,[1024/k3→768/k3],0.236183,0.383099,false,weights,52
16,18,0.401567,2249733,2,[768/k3→256/k3],0.234644,0.383099,false,weights,30
16,19,0.405946,2999045,2,[1024/k3→256/k3],0.235308,0.383099,false,weights,2
16,20,0.398723,2249733,2,[768/k3→256/k3],0.231338,0.383099,false,weights,60
16,21,0.418058,2840069,3,[768/k3→256/k3→256/k3],0.206516,0.383099,false,add_layer,4
16,22,0.409367,2315781,3,[768/k3→256/k3→256/k1],0.213853,0.383099,false,add_layer,30
16,23,0.407593,7721221,2,[1024/k3→768/k3],0.226159,0.383099,false,weights,59
16,24,0.404341,5792261,2,[768/k3→768/k3],0.232019,0.383099,false,resize_layer,17
16,25,0.396953,2999045,2,[1024/k3→256/k3],0.243468,0.383099,false,weights,10
16,26,0.421900,7559685,3,[768/k3→768/k3→256/k3],0.197170,0.383099,false,add_layer,30
16,27,0.417524,2840069,3,[768/k3→256/k3→256/k3],0.207537,0.383099,false,add_layer,4
16,28,0.509454,160773,1,[256/k3],0.516934,0.383099,false,remove_layer,4
16,29,0.403622,2999045,2,[1024/k3→256/k3],0.229164,0.383099,false,weights,51
16,30,0.404152,7721221,2,[1024/k3→768/k3],0.226229,0.383099,false,weights,13
16,31,0.490743,1228229,2,[1024/k3→64/k3],0.443392,0.383099,false,resize_layer,10
16,32,0.420434,8771845,3,[1024/k3→1024/k1→768/k3],0.184010,0.383099,false,add_layer,13
16,33,0.399996,7721221,2,[1024/k3→768/k3],0.227026,0.383099,false,weights,13
16,34,0.413270,3589381,3,[1024/k3→256/k3→256/k3],0.218487,0.383099,false,add_layer,2
16,35,0.402078,2999045,2,[1024/k3→256/k3],0.242158,0.383099,false,weights,2
16,36,0.420282,2292720,3,[69/k3→768/k3→256/k3],0.293410,0.383099,false,add_layer,60
16,37,0.398449,7721221,2,[1024/k3→768/k3],0.239904,0.383099,false,weights,21
16,38,0.408855,95461,2,[32/k3→256/k3],0.356238,0.383099,false,resize_layer,30
16,39,0.405292,1818501,2,[1024/k3→128/k3],0.242921,0.383099,false,weights,50
16,40,0.414472,643077,1,[1024/k3],0.405021,0.383099,false,remove_layer,14
16,41,0.464031,482309,1,[768/k3],0.459832,0.383099,false,remove_layer,59
16,42,0.399328,2249733,2,[768/k3→256/k3],0.239304,0.383099,false,weights,60
16,43,0.397744,7721221,2,[1024/k3→768/k3],0.233622,0.383099,false,weights,25
16,44,0.397551,7721221,2,[1024/k3→768/k3],0.232988,0.383099,false,weights,52
16,45,0.405068,1818501,2,[1024/k3→128/k3],0.240049,0.383099,false,weights,50
16,46,0.405364,1818501,2,[1024/k3→128/k3],0.241273,0.383099,false,weights,50
16,47,0.406161,2999045,2,[1024/k3→256/k3],0.233845,0.383099,false,weights,8
16,48,0.414503,643077,1,[1024/k3],0.405199,0.383099,false,remove_layer,13
16,49,0.422543,482309,1,[768/k3],0.416524,0.383099,false,remove_layer,57
16,50,0.414794,643077,1,[1024/k3],0.405982,0.383099,false,remove_layer,25
16,51,0.405316,1500421,2,[512/k3→256/k3],0.235887,0.383099,false,resize_layer,2
16,52,0.404734,2999045,2,[1024/k3→256/k3],0.228389,0.383099,false,weights,10
16,53,0.398347,7721221,2,[1024/k3→768/k3],0.239769,0.383099,false,weights,25
16,54,0.398965,2249733,2,[768/k3→256/k3],0.233135,0.383099,false,weights,30
16,55,0.413086,95461,2,[32/k3→256/k3],0.363066,0.383099,false,resize_layer,57
16,56,0.406452,7721221,2,[1024/k3→768/k3],0.230493,0.383099,false,weights,17
16,57,0.407026,5360133,2,[1024/k3→512/k3],0.225701,0.383099,false,resize_layer,2
16,58,0.396973,7721221,2,[1024/k3→768/k3],0.233060,0.383099,false,weights,52
16,59,0.398841,2249733,2,[768/k3→256/k3],0.237042,0.383099,false,weights,60
16,60,0.402800,7721221,2,[1024/k3→768/k3],0.233024,0.383099,false,weights,17
16,61,0.406968,2249733,2,[768/k3→256/k3],0.228118,0.383099,false,weights,57
16,62,0.408731,7721221,2,[1024/k3→768/k3],0.219687,0.383099,false,weights,59
16,63,0.404549,7721221,2,[1024/k3→768/k3],0.228814,0.383099,false,weights,52
17,0,0.410743,7721221,2,[1024/k3→768/k3],0.198680,0.383099,true,champion,17
17,1,0.465952,7726120,3,[69/k1→1024/k3→768/k3],0.294841,0.383099,false,add_layer,17
17,2,0.505972,160773,1,[256/k3],0.514905,0.383099,false,remove_layer,42
17,3,0.456161,2254632,3,[69/k1→768/k3→256/k3],0.313740,0.383099,false,add_layer,42
17,4,0.401955,7721221,2,[1024/k3→768/k3],0.219299,0.383099,false,weights,17
17,5,0.400332,7721221,2,[1024/k3→768/k3],0.220982,0.383099,false,weights,3
17,6,0.406408,7721221,2,[1024/k3→768/k3],0.218504,0.383099,false,weights,37
17,7,0.401022,2999045,2,[1024/k3→256/k3],0.226569,0.383099,false,resize_layer,53
17,8,0.431693,17160453,3,[1024/k3→1024/k3→768/k3],0.166849,0.383099,false,add_layer,1
17,9,0.400833,7721221,2,[1024/k3→768/k3],0.217167,0.383099,false,weights,17
17,10,0.412333,8312581,3,[1024/k3→768/k3→768/k1],0.190944,0.383099,false,add_layer,17
17,11,0.428901,7764208,3,[69/k3→1024/k3→768/k3],0.268809,0.383099,false,add_layer,8
17,12,0.410411,2999045,2,[1024/k3→256/k3],0.220330,0.383099,false,weights,25
17,13,0.401705,7721221,2,[1024/k3→768/k3],0.226051,0.383099,false,weights,3
17,14,0.404151,7721221,2,[1024/k3→768/k3],0.216251,0.383099,false,weights,6
17,15,0.405892,7721221,2,[1024/k3→768/k3],0.210176,0.383099,false,weights,33
17,16,0.415283,643077,1,[1024/k3],0.403529,0.383099,false,remove_layer,6
17,17,0.401463,7721221,2,[1024/k3→768/k3],0.222937,0.383099,false,weights,58
17,18,0.404203,1500421,2,[512/k3→256/k3],0.224644,0.383099,false,resize_layer,54
17,19,0.395408,7721221,2,[1024/k3→768/k3],0.226103,0.383099,false,weights,58
17,20,0.405017,7721221,2,[1024/k3→768/k3],0.223030,0.383099,false,weights,6
17,21,0.405963,2249733,2,[768/k3→256/k3],0.217039,0.383099,false,weights,20
17,22,0.405039,2249733,2,[768/k3→256/k3],0.230838,0.383099,false,weights,54
17,23,0.395167,7721221,2,[1024/k3→768/k3],0.229023,0.383099,false,weights,58
17,24,0.404432,7721221,2,[1024/k3→768/k3],0.218811,0.383099,false,weights,37
17,25,0.416111,643077,1,[1024/k3],0.405223,0.383099,false,remove_layer,8
17,26,0.404458,7721221,2,[1024/k3→768/k3],0.215600,0.383099,false,weights,3
17,27,0.407643,2999045,2,[1024/k3→256/k3],0.218112,0.383099,false,weights,25
17,28,0.411171,2249733,2,[768/k3→256/k3],0.215362,0.383099,false,weights,59
17,29,0.409497,7721221,2,[1024/k3→768/k3],0.214333,0.383099,false,weights,53
17,30,0.403943,7721221,2,[1024/k3→768/k3],0.219070,0.383099,false,weights,43
17,31,0.424178,2292720,3,[69/k3→768/k3→256/k3],0.294142,0.383099,false,add_layer,20
17,32,0.409855,95461,2,[32/k3→256/k3],0.362582,0.383099,false,resize_layer,59
17,33,0.406101,2249733,2,[768/k3→256/k3],0.217242,0.383099,false,weights,59
17,34,0.407226,2249733,2,[768/k3→256/k3],0.220604,0.383099,false,weights,42
17,35,0.422174,482309,1,[768/k3],0.417626,0.383099,false,remove_layer,59
17,36,0.400279,7721221,2,[1024/k3→768/k3],0.221309,0.383099,false,weights,1
17,37,0.405839,2999045,2,[1024/k3→256/k3],0.222210,0.383099,false,weights,25
17,38,0.463064,482309,1,[768/k3],0.458946,0.383099,false,remove_layer,37
17,39,0.404120,7721221,2,[1024/k3→768/k3],0.221419,0.383099,false,weights,43
17,40,0.461225,7726120,3,[69/k1→1024/k3→768/k3],0.296614,0.383099,false,add_layer,3
17,41,0.467860,482309,1,[768/k3],0.467082,0.383099,false,remove_layer,6
17,42,0.402385,7721221,2,[1024/k3→768/k3],0.220889,0.383099,false,weights,8
17,43,0.432737,7764208,3,[69/k3→1024/k3→768/k3],0.274854,0.383099,false,add_layer,33
17,44,0.403411,7721221,2,[1024/k3→768/k3],0.219522,0.383099,false,weights,6
17,45,0.412785,2249733,2,[768/k3→256/k3],0.207288,0.383099,false,weights,20
17,46,0.408185,7721221,2,[1024/k3→768/k3],0.213358,0.383099,false,weights,3
17,47,0.462216,482309,1,[768/k3],0.462332,0.383099,false,remove_layer,53
17,48,0.396613,7721221,2,[1024/k3→768/k3],0.225561,0.383099,false,weights,58
17,49,0.422908,17160453,3,[1024/k3→1024/k3→768/k3],0.177304,0.383099,false,add_layer,58
17,50,0.403066,7721221,2,[1024/k3→768/k3],0.214900,0.383099,false,weights,8
17,51,0.400625,7721221,2,[1024/k3→768/k3],0.221909,0.383099,false,weights,3
17,52,0.403739,7721221,2,[1024/k3→768/k3],0.223058,0.383099,false,weights,43
17,53,0.403131,7721221,2,[1024/k3→768/k3],0.218670,0.383099,false,weights,6
17,54,0.402624,7721221,2,[1024/k3→768/k3],0.223488,0.383099,false,weights,8
17,55,0.424503,3589381,3,[1024/k3→256/k3→256/k3],0.188326,0.383099,false,add_layer,25
17,56,0.402133,7721221,2,[1024/k3→768/k3],0.227161,0.383099,false,weights,37
17,57,0.425236,8771845,3,[1024/k3→1024/k1→768/k3],0.174321,0.383099,false,add_layer,6
17,58,0.403501,7721221,2,[1024/k3→768/k3],0.228419,0.383099,false,weights,37
17,59,0.403885,7721221,2,[1024/k3→768/k3],0.220622,0.383099,false,weights,6
17,60,0.470589,482309,1,[768/k3],0.469496,0.383099,false,remove_layer,33
17,61,0.397852,7721221,2,[1024/k3→768/k3],0.223076,0.383099,false,weights,58
17,62,0.407119,7721221,2,[1024/k3→768/k3],0.215948,0.383099,false,weights,37
17,63,0.464993,2254632,3,[69/k1→768/k3→256/k3],0.319118,0.383099,false,add_layer,54
18,0,0.415302,7721221,2,[1024/k3→768/k3],0.185767,0.383099,true,champion,23
18,1,0.467459,482309,1,[768/k3],0.468417,0.383099,false,remove_layer,42
18,2,0.422130,8771845,3,[1024/k3→1024/k1→768/k3],0.175798,0.383099,false,add_layer,50
18,3,0.425338,8771845,3,[1024/k3→1024/k1→768/k3],0.169166,0.383099,false,add_layer,5
18,4,0.406863,7721221,2,[1024/k3→768/k3],0.204198,0.383099,false,weights,9
18,5,0.401134,7721221,2,[1024/k3→768/k3],0.215364,0.383099,false,weights,5
18,6,0.409532,7721221,2,[1024/k3→768/k3],0.202508,0.383099,false,weights,36
18,7,0.410062,7721221,2,[1024/k3→768/k3],0.206374,0.383099,false,weights,5
18,8,0.413287,643077,1,[1024/k3],0.401102,0.383099,false,remove_layer,23
18,9,0.409625,7721221,2,[1024/k3→768/k3],0.201124,0.383099,false,weights,48
18,10,0.469971,482309,1,[768/k3],0.470570,0.383099,false,remove_layer,50
18,11,0.465698,482309,1,[768/k3],0.467082,0.383099,false,remove_layer,9
18,12,0.420863,13031173,3,[1024/k3→768/k3→768/k3],0.187339,0.383099,false,add_layer,5
18,13,0.431071,17160453,3,[1024/k3→1024/k3→768/k3],0.156434,0.383099,false,add_layer,5
18,14,0.408398,7721221,2,[1024/k3→768/k3],0.202595,0.383099,false,weights,48
18,15,0.400976,7721221,2,[1024/k3→768/k3],0.214493,0.383099,false,weights,61
18,16,0.467459,482309,1,[768/k3],0.468418,0.383099,false,remove_layer,42
18,17,0.411987,7721221,2,[1024/k3→768/k3],0.198212,0.383099,false,weights,5
18,18,0.469909,482309,1,[768/k3],0.468913,0.383099,false,remove_layer,19
18,19,0.408821,7721221,2,[1024/k3→768/k3],0.198915,0.383099,false,weights,48
18,20,0.408401,5360133,2,[1024/k3→512/k3],0.203054,0.383099,false,resize_layer,23
18,21,0.409846,7721221,2,[1024/k3→768/k3],0.198634,0.383099,false,weights,42
18,22,0.410597,7721221,2,[1024/k3→768/k3],0.205402,0.383099,false,weights,42
18,23,0.407710,7721221,2,[1024/k3→768/k3],0.210054,0.383099,false,weights,56
18,24,0.404030,7721221,2,[1024/k3→768/k3],0.208579,0.383099,false,weights,61
18,25,0.406287,969861,2,[128/k3→768/k3],0.243946,0.383099,false,resize_layer,9
18,26,0.410532,7721221,2,[1024/k3→768/k3],0.199714,0.383099,false,weights,42
18,27,0.403261,7721221,2,[1024/k3→768/k3],0.211062,0.383099,false,weights,23
18,28,0.405629,7721221,2,[1024/k3→768/k3],0.206675,0.383099,false,weights,23
18,29,0.403513,7721221,2,[1024/k3→768/k3],0.211460,0.383099,false,weights,13
18,30,0.434319,17160453,3,[1024/k3→1024/k3→768/k3],0.152905,0.383099,false,add_layer,42
18,31,0.408875,7721221,2,[1024/k3→768/k3],0.204372,0.383099,false,weights,42
18,32,0.417425,643077,1,[1024/k3],0.405835,0.383099,false,remove_layer,56
18,33,0.404299,7721221,2,[1024/k3→768/k3],0.209183,0.383099,false,weights,50
18,34,0.408810,7721221,2,[1024/k3→768/k3],0.196881,0.383099,false,weights,50
18,35,0.414612,643077,1,[1024/k3],0.402193,0.383099,false,remove_layer,4
18,36,0.469230,482309,1,[768/k3],0.469489,0.383099,false,remove_layer,36
18,37,0.405041,7721221,2,[1024/k3→768/k3],0.207974,0.383099,false,weights,9
18,38,0.399227,7721221,2,[1024/k3→768/k3],0.219500,0.383099,false,weights,5
18,39,0.464559,482309,1,[768/k3],0.464370,0.383099,false,remove_layer,13
18,40,0.405438,7721221,2,[1024/k3→768/k3],0.207781,0.383099,false,weights,5
18,41,0.414964,643077,1,[1024/k3],0.402979,0.383099,false,remove_layer,48
18,42,0.404521,7721221,2,[1024/k3→768/k3],0.211928,0.383099,false,weights,42
18,43,0.407839,7721221,2,[1024/k3→768/k3],0.200827,0.383099,false,weights,4
18,44,0.414409,5360133,2,[1024/k3→512/k3],0.197330,0.383099,false,resize_layer,56
18,45,0.410609,8312581,3,[1024/k3→768/k3→768/k1],0.193350,0.383099,false,add_layer,17
18,46,0.425347,8771845,3,[1024/k3→1024/k1→768/k3],0.169313,0.383099,false,add_layer,5
18,47,0.415510,643077,1,[1024/k3],0.402936,0.383099,false,remove_layer,51
18,48,0.407263,7721221,2,[1024/k3→768/k3],0.205337,0.383099,false,weights,51
18,49,0.419559,8312581,3,[1024/k3→768/k3→768/k1],0.174846,0.383099,false,add_layer,9
18,50,0.404396,7721221,2,[1024/k3→768/k3],0.206208,0.383099,false,weights,4
18,51,0.408583,7721221,2,[1024/k3→768/k3],0.202785,0.383099,false,weights,5
18,52,0.409441,7721221,2,[1024/k3→768/k3],0.209158,0.383099,false,weights,56
18,53,0.400698,7721221,2,[1024/k3→768/k3],0.215509,0.383099,false,weights,51
18,54,0.417966,10082309,2,[1024/k3→1024/k3],0.180784,0.383099,false,resize_layer,48
18,55,0.403569,7721221,2,[1024/k3→768/k3],0.212043,0.383099,false,weights,4
18,56,0.434276,7764208,3,[69/k3→1024/k3→768/k3],0.260622,0.383099,false,add_layer,9
18,57,0.405272,7721221,2,[1024/k3→768/k3],0.213264,0.383099,false,weights,56
18,58,0.407590,7721221,2,[1024/k3→768/k3],0.207224,0.383099,false,weights,42
18,59,0.402338,7721221,2,[1024/k3→768/k3],0.211833,0.383099,false,weights,17
18,60,0.417959,643077,1,[1024/k3],0.411340,0.383099,false,remove_layer,7
18,61,0.472355,1228229,2,[1024/k3→64/k3],0.420852,0.383099,false,resize_layer,54
18,62,0.418693,10082309,2,[1024/k3→1024/k3],0.185044,0.383099,false,resize_layer,13
18,63,0.407387,1934341,2,[256/k3→768/k3],0.229930,0.383099,false,resize_layer,54
19,0,0.417395,7721221,2,[1024/k3→768/k3],0.178758,0.383099,true,champion,38
19,1,0.408837,7721221,2,[1024/k3→768/k3],0.197507,0.383099,false,weights,5
19,2,0.437562,7764208,3,[69/k3→1024/k3→768/k3],0.258937,0.383099,false,add_layer,55
19,3,0.412752,5792261,2,[768/k3→768/k3],0.195820,0.383099,false,resize_layer,57
19,4,0.412077,7721221,2,[1024/k3→768/k3],0.187893,0.383099,false,weights,24
19,5,0.409212,7721221,2,[1024/k3→768/k3],0.201577,0.383099,false,weights,50
19,6,0.402835,7721221,2,[1024/k3→768/k3],0.200250,0.383099,false,weights,28
19,7,0.414837,7721221,2,[1024/k3→768/k3],0.187772,0.383099,false,weights,24
19,8,0.408199,7721221,2,[1024/k3→768/k3],0.198018,0.383099,false,weights,29
19,9,0.464538,482309,1,[768/k3],0.463532,0.383099,false,remove_layer,55
19,10,0.410325,7721221,2,[1024/k3→768/k3],0.191336,0.383099,false,weights,55
19,11,0.406755,7721221,2,[1024/k3→768/k3],0.200108,0.383099,false,weights,42
19,12,0.418385,13031173,3,[1024/k3→768/k3→768/k3],0.183915,0.383099,false,add_layer,15
19,13,0.470879,482309,1,[768/k3],0.472735,0.383099,false,remove_layer,38
19,14,0.408702,7721221,2,[1024/k3→768/k3],0.196853,0.383099,false,weights,28
19,15,0.412139,7721221,2,[1024/k3→768/k3],0.197228,0.383099,false,weights,24
19,16,0.405528,7721221,2,[1024/k3→768/k3],0.201948,0.383099,false,weights,24
19,17,0.414484,7721221,2,[1024/k3→768/k3],0.190052,0.383099,false,weights,59
19,18,0.409670,3863301,2,[512/k3→768/k3],0.207785,0.383099,false,resize_layer,28
19,19,0.412885,7721221,2,[1024/k3→768/k3],0.198382,0.383099,false,weights,42
19,20,0.412163,7721221,2,[1024/k3→768/k3],0.191112,0.383099,false,weights,27
19,21,0.407639,7721221,2,[1024/k3→768/k3],0.194011,0.383099,false,weights,40
19,22,0.411378,7721221,2,[1024/k3→768/k3],0.192111,0.383099,false,weights,29
19,23,0.433577,8771845,3,[1024/k3→1024/k1→768/k3],0.157914,0.383099,false,add_layer,42
19,24,0.405830,7721221,2,[1024/k3→768/k3],0.198422,0.383099,false,weights,24
19,25,0.416257,7721221,2,[1024/k3→768/k3],0.185068,0.383099,false,weights,50
19,26,0.412323,7721221,2,[1024/k3→768/k3],0.195566,0.383099,false,weights,29
19,27,0.415888,643077,1,[1024/k3],0.402417,0.383099,false,remove_layer,42
19,28,0.408565,7721221,2,[1024/k3→768/k3],0.196594,0.383099,false,weights,40
19,29,0.415404,643077,1,[1024/k3],0.401187,0.383099,false,remove_layer,55
19,30,0.410664,7721221,2,[1024/k3→768/k3],0.198499,0.383099,false,weights,55
19,31,0.409555,7721221,2,[1024/k3→768/k3],0.200772,0.383099,false,weights,29
19,32,0.413204,7721221,2,[1024/k3→768/k3],0.189590,0.383099,false,weights,59
19,33,0.410375,7721221,2,[1024/k3→768/k3],0.204324,0.383099,false,weights,57
19,34,0.415163,643077,1,[1024/k3],0.401730,0.383099,false,remove_layer,50
19,35,0.408964,7721221,2,[1024/k3→768/k3],0.194485,0.383099,false,weights,24
19,36,0.412265,7721221,2,[1024/k3→768/k3],0.190873,0.383099,false,weights,37
19,37,0.415669,643077,1,[1024/k3],0.403597,0.383099,false,remove_layer,29
19,38,0.412408,7721221,2,[1024/k3→768/k3],0.191008,0.383099,false,weights,5
19,39,0.407645,7721221,2,[1024/k3→768/k3],0.202828,0.383099,false,weights,42
19,40,0.402975,7721221,2,[1024/k3→768/k3],0.202331,0.383099,false,weights,24
19,41,0.472498,482309,1,[768/k3],0.472929,0.383099,false,remove_layer,42
19,42,0.401680,1818501,2,[1024/k3→128/k3],0.247627,0.383099,false,resize_layer,27
19,43,0.433272,17160453,3,[1024/k3→1024/k3→768/k3],0.150739,0.383099,false,add_layer,50
19,44,0.406688,7721221,2,[1024/k3→768/k3],0.202519,0.383099,false,weights,15
19,45,0.415430,643077,1,[1024/k3],0.401312,0.383099,false,remove_layer,59
19,46,0.423110,13031173,3,[1024/k3→768/k3→768/k3],0.183784,0.383099,false,add_layer,57
19,47,0.406090,7721221,2,[1024/k3→768/k3],0.201644,0.383099,false,weights,15
19,48,0.411966,7721221,2,[1024/k3→768/k3],0.188011,0.383099,false,weights,50
19,49,0.434033,17160453,3,[1024/k3→1024/k3→768/k3],0.150442,0.383099,false,add_layer,24
19,50,0.415313,643077,1,[1024/k3],0.401074,0.383099,false,remove_layer,40
19,51,0.409921,7721221,2,[1024/k3→768/k3],0.190388,0.383099,false,weights,40
19,52,0.408612,7721221,2,[1024/k3→768/k3],0.194243,0.383099,false,weights,38
19,53,0.405584,487621,2,[64/k3→768/k3],0.295344,0.383099,false,resize_layer,24
19,54,0.415273,7721221,2,[1024/k3→768/k3],0.187205,0.383099,false,weights,27
19,55,0.418056,7721221,2,[1024/k3→768/k3],0.179688,0.383099,false,weights,28
19,56,0.412684,7721221,2,[1024/k3→768/k3],0.197653,0.383099,false,weights,37
19,57,0.413463,7721221,2,[1024/k3→768/k3],0.187254,0.383099,false,weights,5
19,58,0.407371,7721221,2,[1024/k3→768/k3],0.201527,0.383099,false,weights,37
19,59,0.404738,7721221,2,[1024/k3→768/k3],0.200215,0.383099,false,weights,33
19,60,0.407657,7721221,2,[1024/k3→768/k3],0.204808,0.383099,false,weights,27
19,61,0.415163,643077,1,[1024/k3],0.401730,0.383099,false,remove_layer,50
19,62,0.406209,7721221,2,[1024/k3→768/k3],0.197653,0.383099,false,weights,24
19,63,0.411351,7721221,2,[1024/k3→768/k3],0.198333,0.383099,false,weights,27
20,0,0.411889,1818501,2,[1024/k3→128/k3],0.210888,0.383099,true,champion,42
20,1,0.410706,7721221,2,[1024/k3→768/k3],0.192354,0.383099,false,weights,39
20,2,0.413415,5360133,2,[1024/k3→512/k3],0.183786,0.383099,false,resize_layer,44
20,3,0.414490,643077,1,[1024/k3],0.400868,0.383099,false,remove_layer,47
20,4,0.410049,7721221,2,[1024/k3→768/k3],0.190685,0.383099,false,weights,44
20,5,0.411482,7721221,2,[1024/k3→768/k3],0.190408,0.383099,false,weights,44
20,6,0.412616,7721221,2,[1024/k3→768/k3],0.191102,0.383099,false,weights,16
20,7,0.428687,11257733,3,[1024/k3→1024/k3→128/k3],0.157894,0.383099,false,add_layer,42
20,8,0.412656,7721221,2,[1024/k3→768/k3],0.187349,0.383099,false,weights,44
20,9,0.414668,7721221,2,[1024/k3→768/k3],0.189236,0.383099,false,weights,44
20,10,0.415603,7721221,2,[1024/k3→768/k3],0.191145,0.383099,false,weights,58
20,11,0.408410,7721221,2,[1024/k3→768/k3],0.191945,0.383099,false,weights,39
20,12,0.471237,482309,1,[768/k3],0.473001,0.383099,false,remove_layer,21
20,13,0.412721,7721221,2,[1024/k3→768/k3],0.183777,0.383099,false,weights,62
20,14,0.417971,7721221,2,[1024/k3→768/k3],0.182902,0.383099,false,weights,62
20,15,0.412207,7721221,2,[1024/k3→768/k3],0.191484,0.383099,false,weights,62
20,16,0.412415,487621,2,[64/k3→768/k3],0.267631,0.383099,false,weights,53
20,17,0.437119,17160453,3,[1024/k3→1024/k3→768/k3],0.142002,0.383099,false,add_layer,60
20,18,0.415280,7721221,2,[1024/k3→768/k3],0.177496,0.383099,false,weights,24
20,19,0.405249,1818501,2,[1024/k3→128/k3],0.221872,0.383099,false,weights,42
20,20,0.417839,7721221,2,[1024/k3→768/k3],0.180209,0.383099,false,weights,62
20,21,0.406791,1818501,2,[1024/k3→128/k3],0.221746,0.383099,false,weights,42
20,22,0.415270,7721221,2,[1024/k3→768/k3],0.184316,0.383099,false,weights,8
20,23,0.426398,10082309,2,[1024/k3→1024/k3],0.162924,0.383099,false,resize_layer,8
20,24,0.409474,7721221,2,[1024/k3→768/k3],0.193385,0.383099,false,weights,6
20,25,0.413549,7721221,2,[1024/k3→768/k3],0.184889,0.383099,false,weights,16
20,26,0.408373,7721221,2,[1024/k3→768/k3],0.191776,0.383099,false,weights,40
20,27,0.473287,482309,1,[768/k3],0.473510,0.383099,false,remove_layer,62
20,28,0.410255,1934341,2,[256/k3→768/k3],0.215761,0.383099,false,resize_layer,59
20,29,0.417004,7721221,2,[1024/k3→768/k3],0.188544,0.383099,false,weights,60
20,30,0.409541,7721221,2,[1024/k3→768/k3],0.190467,0.383099,false,weights,24
20,31,0.416296,7721221,2,[1024/k3→768/k3],0.185603,0.383099,false,weights,24
20,32,0.412297,5792261,2,[768/k3→768/k3],0.191168,0.383099,false,resize_layer,44
20,33,0.420561,8312581,3,[1024/k3→768/k3→768/k1],0.161901,0.383099,false,add_layer,6
20,34,0.413452,7721221,2,[1024/k3→768/k3],0.183119,0.383099,false,weights,62
20,35,0.419249,246501,2,[32/k3→768/k3],0.361607,0.383099,false,resize_layer,58
20,36,0.432009,8771845,3,[1024/k3→1024/k1→768/k3],0.149789,0.383099,false,add_layer,47
20,37,0.458009,482309,1,[768/k3],0.459223,0.383099,false,remove_layer,53
20,38,0.471237,482309,1,[768/k3],0.473001,0.383099,false,remove_layer,21
20,39,0.411316,7721221,2,[1024/k3→768/k3],0.186723,0.383099,false,weights,6
20,40,0.415911,7721221,2,[1024/k3→768/k3],0.182637,0.383099,false,weights,16
20,41,0.411718,487621,2,[64/k3→768/k3],0.269283,0.383099,false,weights,53
20,42,0.417021,246501,2,[32/k3→768/k3],0.359624,0.383099,false,resize_layer,11
20,43,0.425396,8312581,3,[1024/k3→768/k3→768/k1],0.162962,0.383099,false,add_layer,58
20,44,0.408900,7721221,2,[1024/k3→768/k3],0.192010,0.383099,false,weights,16
20,45,0.416035,643077,1,[1024/k3],0.402759,0.383099,false,remove_layer,58
20,46,0.411218,7721221,2,[1024/k3→768/k3],0.188266,0.383099,false,weights,24
20,47,0.417050,7721221,2,[1024/k3→768/k3],0.174549,0.383099,false,weights,16
20,48,0.411846,7721221,2,[1024/k3→768/k3],0.190550,0.383099,false,weights,60
20,49,0.414789,7721221,2,[1024/k3→768/k3],0.181980,0.383099,false,weights,8
20,50,0.414695,7721221,2,[1024/k3→768/k3],0.186429,0.383099,false,weights,58
20,51,0.413545,487621,2,[64/k3→768/k3],0.265922,0.383099,false,weights,53
20,52,0.414758,643077,1,[1024/k3],0.400956,0.383099,false,remove_layer,44
20,53,0.413014,7721221,2,[1024/k3→768/k3],0.187196,0.383099,false,weights,60
20,54,0.435524,7764208,3,[69/k3→1024/k3→768/k3],0.254282,0.383099,false,add_layer,21
20,55,0.415269,7721221,2,[1024/k3→768/k3],0.182357,0.383099,false,weights,47
20,56,0.411600,7721221,2,[1024/k3→768/k3],0.189303,0.383099,false,weights,21
20,57,0.435840,17160453,3,[1024/k3→1024/k3→768/k3],0.140204,0.383099,false,add_layer,16
20,58,0.417093,7721221,2,[1024/k3→768/k3],0.180361,0.383099,false,weights,11
20,59,0.413004,7721221,2,[1024/k3→768/k3],0.190424,0.383099,false,weights,40
20,60,0.458009,482309,1,[768/k3],0.459223,0.383099,false,remove_layer,53
20,61,0.416928,7721221,2,[1024/k3→768/k3],0.178204,0.383099,false,weights,59
20,62,0.425237,13031173,3,[1024/k3→768/k3→768/k3],0.168616,0.383099,false,add_layer,21
20,63,0.411767,7721221,2,[1024/k3→768/k3],0.184240,0.383099,false,weights,6
21,0,0.420938,1818501,2,[1024/k3→128/k3],0.191373,0.383099,true,champion,19
21,1,0.413806,7721221,2,[1024/k3→768/k3],0.184247,0.383099,false,weights,26
21,2,0.412982,1934341,2,[256/k3→768/k3],0.210391,0.383099,false,resize_layer,63
21,3,0.418840,1818501,2,[1024/k3→128/k3],0.197516,0.383099,false,weights,21
21,4,0.467329,482309,1,[768/k3],0.468039,0.383099,false,remove_layer,56
21,5,0.413329,1934341,2,[256/k3→768/k3],0.205904,0.383099,false,weights,28
21,6,0.422900,7721221,2,[1024/k3→768/k3],0.167584,0.383099,false,weights,1
21,7,0.419034,7721221,2,[1024/k3→768/k3],0.172318,0.383099,false,weights,11
21,8,0.422267,7721221,2,[1024/k3→768/k3],0.170102,0.383099,false,weights,5
21,9,0.415628,7721221,2,[1024/k3→768/k3],0.181576,0.383099,false,weights,4
21,10,0.437761,13031173,3,[1024/k3→768/k3→768/k3],0.152644,0.383099,false,add_layer,56
21,11,0.429456,491845,3,[64/k3→64/k1→768/k3],0.247555,0.383099,false,add_layer,41
21,12,0.416246,643077,1,[1024/k3],0.400502,0.383099,false,remove_layer,24
21,13,0.429570,13031173,3,[1024/k3→768/k3→768/k3],0.159468,0.383099,false,add_layer,46
21,14,0.402293,1818501,2,[1024/k3→128/k3],0.238402,0.383099,false,resize_layer,39
21,15,0.415400,643077,1,[1024/k3],0.399649,0.383099,false,remove_layer,56
21,16,0.427554,8312581,3,[1024/k3→768/k3→768/k1],0.151113,0.383099,false,add_layer,46
21,17,0.414993,643077,1,[1024/k3],0.400992,0.383099,false,remove_layer,5
21,18,0.416943,2999045,2,[1024/k3→256/k3],0.174048,0.383099,false,resize_layer,39
21,19,0.429633,2869125,3,[1024/k3→1024/k1→128/k3],0.165876,0.383099,false,add_layer,19
21,20,0.674635,933093,2,[1024/k3→32/k3],0.664678,0.383099,false,resize_layer,44
21,21,0.411964,969861,2,[128/k3→768/k3],0.237598,0.383099,false,resize_layer,1
21,22,0.419804,643077,1,[1024/k3],0.414914,0.383099,false,remove_layer,19
21,23,0.418478,7721221,2,[1024/k3→768/k3],0.173586,0.383099,false,weights,44
21,24,0.418306,7721221,2,[1024/k3→768/k3],0.175080,0.383099,false,weights,44
21,25,0.419636,7721221,2,[1024/k3→768/k3],0.180107,0.383099,false,weights,4
21,26,0.419809,7721221,2,[1024/k3→768/k3],0.171543,0.383099,false,weights,26
21,27,0.435670,13031173,3,[1024/k3→768/k3→768/k3],0.157614,0.383099,false,add_layer,30
21,28,0.414173,7721221,2,[1024/k3→768/k3],0.183045,0.383099,false,weights,63
21,29,0.417609,7721221,2,[1024/k3→768/k3],0.172448,0.383099,false,weights,11
21,30,0.420053,7721221,2,[1024/k3→768/k3],0.171872,0.383099,false,weights,5
21,31,0.418620,7721221,2,[1024/k3→768/k3],0.177750,0.383099,false,weights,46
21,32,0.416169,487621,2,[64/k3→768/k3],0.296506,0.383099,false,resize_layer,56
21,33,0.424693,1966213,3,[1024/k3→128/k3→128/k3],0.180707,0.383099,false,add_layer,19
21,34,0.409906,1818501,2,[1024/k3→128/k3],0.204651,0.383099,false,weights,21
21,35,0.417281,7721221,2,[1024/k3→768/k3],0.177444,0.383099,false,weights,44
21,36,0.417394,7721221,2,[1024/k3→768/k3],0.176878,0.383099,false,weights,44
21,37,0.409386,487621,2,[64/k3→768/k3],0.297816,0.383099,false,resize_layer,5
21,38,0.418951,7721221,2,[1024/k3→768/k3],0.174051,0.383099,false,weights,56
21,39,0.419209,7721221,2,[1024/k3→768/k3],0.176399,0.383099,false,weights,44
21,40,0.412797,1818501,2,[1024/k3→128/k3],0.203605,0.383099,false,weights,21
21,41,0.418568,7721221,2,[1024/k3→768/k3],0.181674,0.383099,false,weights,5
21,42,0.413624,643077,1,[1024/k3],0.400514,0.383099,false,remove_layer,44
21,43,0.416416,7721221,2,[1024/k3→768/k3],0.183134,0.383099,false,weights,30
21,44,0.416271,7721221,2,[1024/k3→768/k3],0.183971,0.383099,false,weights,30
21,45,0.412818,7721221,2,[1024/k3→768/k3],0.178074,0.383099,false,weights,4
21,46,0.416864,7721221,2,[1024/k3→768/k3],0.179693,0.383099,false,weights,56
21,47,0.417526,7721221,2,[1024/k3→768/k3],0.177056,0.383099,false,weights,26
21,48,0.411828,7721221,2,[1024/k3→768/k3],0.181133,0.383099,false,weights,39
21,49,0.554667,80389,1,[128/k3],0.564904,0.383099,false,remove_layer,19
21,50,0.432535,8771845,3,[1024/k3→1024/k1→768/k3],0.140293,0.383099,false,add_layer,39
21,51,0.417039,487621,2,[64/k3→768/k3],0.255462,0.383099,false,weights,41
21,52,0.485050,7726120,3,[69/k1→1024/k3→768/k3],0.251203,0.383099,false,add_layer,30
21,53,0.471130,7726120,3,[69/k1→1024/k3→768/k3],0.267521,0.383099,false,add_layer,11
21,54,0.422463,7721221,2,[1024/k3→768/k3],0.170885,0.383099,false,weights,1
21,55,0.420269,7721221,2,[1024/k3→768/k3],0.173356,0.383099,false,weights,11
21,56,0.419022,7721221,2,[1024/k3→768/k3],0.172199,0.383099,false,weights,46
21,57,0.415696,7721221,2,[1024/k3→768/k3],0.182397,0.383099,false,weights,30
21,58,0.487966,7726120,3,[69/k1→1024/k3→768/k3],0.265265,0.383099,false,add_layer,63
21,59,0.423414,7721221,2,[1024/k3→768/k3],0.171963,0.383099,false,weights,5
21,60,0.415517,1818501,2,[1024/k3→128/k3],0.199848,0.383099,false,weights,21
21,61,0.414538,643077,1,[1024/k3],0.400399,0.383099,false,remove_layer,30
21,62,0.411080,1818501,2,[1024/k3→128/k3],0.212479,0.383099,false,weights,21
21,63,0.413169,7721221,2,[1024/k3→768/k3],0.177127,0.383099,false,weights,26
22,0,0.413048,1818501,2,[1024/k3→128/k3],0.201148,0.383099,true,champion,14
22,1,0.391995,643077,1,[1024/k3],0.331575,0.383099,false,remove_layer,42
22,2,0.405666,1818501,2,[1024/k3→128/k3],0.217464,0.383099,false,weights,14
22,3,0.420373,7721221,2,[1024/k3→768/k3],0.168227,0.383099,false,weights,1
22,4,0.423820,7721221,2,[1024/k3→768/k3],0.186950,0.383099,false,resize_layer,62
22,5,0.417959,1818501,2,[1024/k3→128/k3],0.192385,0.383099,false,weights,34
22,6,0.393835,643077,1,[1024/k3],0.347879,0.383099,false,weights,61
22,7,0.417217,487621,2,[64/k3→768/k3],0.265424,0.383099,false,weights,37
22,8,0.417758,1934341,2,[256/k3→768/k3],0.195843,0.383099,false,weights,5
22,9,0.406911,1818501,2,[1024/k3→128/k3],0.213072,0.383099,false,weights,14
22,10,0.416919,7721221,2,[1024/k3→768/k3],0.176934,0.383099,false,weights,63
22,11,0.440019,160773,1,[256/k3],0.436562,0.383099,false,remove_layer,2
22,12,0.417532,3863301,2,[512/k3→768/k3],0.188506,0.383099,false,resize_layer,1
22,13,0.413827,1934341,2,[256/k3→768/k3],0.199222,0.383099,false,weights,2
22,14,0.451128,7764208,3,[69/k3→1024/k3→768/k3],0.237131,0.383099,false,add_layer,1
22,15,0.415586,7721221,2,[1024/k3→768/k3],0.172327,0.383099,false,weights,45
22,16,0.422312,2999045,2,[1024/k3→256/k3],0.165288,0.383099,false,resize_layer,28
22,17,0.416676,7721221,2,[1024/k3→768/k3],0.166789,0.383099,false,weights,48
22,18,0.421113,643077,1,[1024/k3],0.414653,0.383099,false,remove_layer,40
22,19,0.414647,7721221,2,[1024/k3→768/k3],0.171245,0.383099,false,weights,48
22,20,0.429781,8312581,3,[1024/k3→768/k3→768/k1],0.142973,0.383099,false,add_layer,48
22,21,0.417433,1934341,2,[256/k3→768/k3],0.192578,0.383099,false,weights,5
22,22,0.416910,1818501,2,[1024/k3→128/k3],0.201317,0.383099,false,weights,62
22,23,0.434896,17160453,3,[1024/k3→1024/k3→768/k3],0.132411,0.383099,false,add_layer,48
22,24,0.417954,7721221,2,[1024/k3→768/k3],0.176228,0.383099,false,weights,28
22,25,0.421199,1934341,2,[256/k3→768/k3],0.191432,0.383099,false,weights,2
22,26,0.417766,7721221,2,[1024/k3→768/k3],0.169268,0.383099,false,weights,48
22,27,0.433099,2525701,3,[256/k3→768/k3→768/k1],0.173666,0.383099,false,add_layer,2
22,28,0.425142,7721221,2,[1024/k3→768/k3],0.160079,0.383099,false,weights,45
22,29,0.430901,2869125,3,[1024/k3→1024/k1→128/k3],0.159827,0.383099,false,add_layer,34
22,30,0.396514,1693701,2,[1024/k3→1024/k1],0.315483,0.383099,false,add_layer,17
22,31,0.420078,7721221,2,[1024/k3→768/k3],0.163914,0.383099,false,weights,1
22,32,0.422684,1818501,2,[1024/k3→128/k3],0.183177,0.383099,false,weights,40
22,33,0.452601,1228229,2,[1024/k3→64/k3],0.346176,0.383099,false,resize_layer,14
22,34,0.555439,80389,1,[128/k3],0.565030,0.383099,false,remove_layer,40
22,35,0.415391,673157,2,[128/k3→512/k3],0.225028,0.383099,false,resize_layer,21
22,36,0.396732,1693701,2,[1024/k3→1024/k1],0.315373,0.383099,false,add_layer,17
22,37,0.416814,7721221,2,[1024/k3→768/k3],0.171263,0.383099,false,weights,28
22,38,0.435003,8771845,3,[1024/k3→1024/k1→768/k3],0.142432,0.383099,false,add_layer,1
22,39,0.416923,1818501,2,[1024/k3→128/k3],0.205592,0.383099,false,weights,62
22,40,0.461337,482309,1,[768/k3],0.463775,0.383099,false,remove_layer,37
22,41,0.417532,3863301,2,[512/k3→768/k3],0.188507,0.383099,false,resize_layer,1
22,42,0.420127,7721221,2,[1024/k3→768/k3],0.171957,0.383099,false,weights,1
22,43,0.415799,487621,2,[64/k3→768/k3],0.267663,0.383099,false,weights,37
22,44,0.415787,643077,1,[1024/k3],0.400703,0.383099,false,remove_layer,63
22,45,0.393043,643077,1,[1024/k3],0.345267,0.383099,false,weights,61
22,46,0.433751,530608,3,[69/k3→64/k3→768/k3],0.317915,0.383099,false,add_layer,37
22,47,0.393489,643077,1,[1024/k3],0.343260,0.383099,false,weights,61
22,48,0.460595,482309,1,[768/k3],0.461502,0.383099,false,remove_layer,21
22,49,0.418497,7721221,2,[1024/k3→768/k3],0.172958,0.383099,false,weights,1
22,50,0.416363,969861,2,[128/k3→768/k3],0.224508,0.383099,false,weights,21
22,51,0.411078,228101,2,[128/k3→128/k3],0.248134,0.383099,false,resize_layer,40
22,52,0.435636,2525701,3,[256/k3→768/k3→768/k1],0.168401,0.383099,false,add_layer,5
22,53,0.415487,1818501,2,[1024/k3→128/k3],0.205343,0.383099,false,weights,62
22,54,0.390786,643077,1,[1024/k3],0.348171,0.383099,false,weights,42
22,55,0.415878,969861,2,[128/k3→768/k3],0.223008,0.383099,false,weights,21
22,56,0.412537,487621,2,[64/k3→768/k3],0.285018,0.383099,false,resize_layer,21
22,57,0.420579,7721221,2,[1024/k3→768/k3],0.166679,0.383099,false,weights,48
22,58,0.421182,7721221,2,[1024/k3→768/k3],0.166396,0.383099,false,weights,28
22,59,0.392640,643077,1,[1024/k3],0.340583,0.383099,false,weights,61
22,60,0.417245,3863301,2,[512/k3→768/k3],0.185192,0.383099,false,resize_layer,48
22,61,0.422039,1934341,2,[256/k3→768/k3],0.193385,0.383099,false,weights,2
22,62,0.391464,643077,1,[1024/k3],0.335351,0.383099,false,weights,17
22,63,0.391879,643077,1,[1024/k3],0.346544,0.383099,false,weights,17
23,0,0.393059,643077,1,[1024/k3],0.320551,0.383099,true,champion,54
23,1,0.423272,1934341,2,[256/k3→768/k3],0.186436,0.383099,false,weights,13
23,2,0.391431,643077,1,[1024/k3],0.327425,0.383099,false,weights,54
23,3,0.393473,643077,1,[1024/k3],0.327513,0.383099,false,weights,47
23,4,0.418501,1818501,2,[1024/k3→128/k3],0.193765,0.383099,false,weights,9
23,5,0.396357,1693701,2,[1024/k3→1024/k1],0.277483,0.383099,false,weights,36
23,6,0.393328,643077,1,[1024/k3],0.319822,0.383099,false,weights,1
23,7,0.411875,2744325,3,[1024/k3→1024/k1→1024/k1],0.243671,0.383099,false,add_layer,36
23,8,0.430538,2869125,3,[1024/k3→1024/k1→128/k3],0.152673,0.383099,false,add_layer,0
23,9,0.394136,643077,1,[1024/k3],0.318484,0.383099,false,remove_layer,63
23,10,0.409279,1818501,2,[1024/k3→128/k3],0.203898,0.383099,false,weights,2
23,11,0.394136,643077,1,[1024/k3],0.318484,0.383099,false,remove_layer,63
23,12,0.392041,643077,1,[1024/k3],0.330290,0.383099,false,weights,63
23,13,0.396398,1693701,2,[1024/k3→1024/k1],0.281024,0.383099,false,weights,30
23,14,0.456347,647976,2,[69/k1→1024/k3],0.388280,0.383099,false,add_layer,47
23,15,0.392467,643077,1,[1024/k3],0.330429,0.383099,false,weights,63
23,16,0.397802,1693701,2,[1024/k3→1024/k1],0.280243,0.383099,false,weights,36
23,17,0.398101,1693701,2,[1024/k3→1024/k1],0.281027,0.383099,false,weights,30
23,18,0.420485,7721221,2,[1024/k3→768/k3],0.182523,0.383099,false,resize_layer,9
23,19,0.423127,1934341,2,[256/k3→768/k3],0.183301,0.383099,false,weights,13
23,20,0.479052,647976,2,[69/k1→1024/k3],0.370379,0.383099,false,add_layer,6
23,21,0.393914,643077,1,[1024/k3],0.321386,0.383099,false,weights,1
23,22,0.410371,686064,2,[69/k3→1024/k3],0.340497,0.383099,false,add_layer,1
23,23,0.421528,487621,2,[64/k3→768/k3],0.255596,0.383099,false,weights,56
23,24,0.393514,643077,1,[1024/k3],0.326368,0.383099,false,weights,47
23,25,0.398946,1693701,2,[1024/k3→1024/k1],0.270378,0.383099,false,weights,36
23,26,0.396030,1693701,2,[1024/k3→1024/k1],0.281332,0.383099,false,weights,36
23,27,0.391638,643077,1,[1024/k3],0.330948,0.383099,false,weights,54
23,28,0.422686,244741,3,[128/k3→128/k3→128/k1],0.225946,0.383099,false,add_layer,51
23,29,0.392849,643077,1,[1024/k3],0.330276,0.383099,false,weights,45
23,30,0.407496,7721221,2,[1024/k3→768/k3],0.205488,0.383099,false,resize_layer,13
23,31,0.393732,643077,1,[1024/k3],0.327389,0.383099,false,weights,59
23,32,0.416405,1818501,2,[1024/k3→128/k3],0.194423,0.383099,false,weights,2
23,33,0.394656,643077,1,[1024/k3],0.312443,0.383099,false,remove_layer,62
23,34,0.398207,1693701,2,[1024/k3→1024/k1],0.279308,0.383099,false,weights,36
23,35,0.391910,643077,1,[1024/k3],0.333832,0.383099,false,weights,54
23,36,0.413704,1818501,2,[1024/k3→128/k3],0.193955,0.383099,false,weights,9
23,37,0.391193,643077,1,[1024/k3],0.329536,0.383099,false,weights,54
23,38,0.393175,643077,1,[1024/k3],0.328202,0.383099,false,weights,45
23,39,0.396191,643077,1,[1024/k3],0.309913,0.383099,false,remove_layer,1
23,40,0.413618,2744325,3,[1024/k3→1024/k1→1024/k1],0.233771,0.383099,false,add_layer,36
23,41,0.398147,1693701,2,[1024/k3→1024/k1],0.276868,0.383099,false,weights,30
23,42,0.394300,643077,1,[1024/k3],0.329966,0.383099,false,weights,6
23,43,0.398347,1693701,2,[1024/k3→1024/k1],0.275685,0.383099,false,weights,36
23,44,0.393403,643077,1,[1024/k3],0.319394,0.383099,false,weights,1
23,45,0.392800,321541,1,[512/k3],0.337210,0.383099,false,resize_layer,47
23,46,0.393059,643077,1,[1024/k3],0.320552,0.383099,false,remove_layer,54
23,47,0.393967,643077,1,[1024/k3],0.327815,0.383099,false,weights,59
23,48,0.475299,77829,1,[1024/k1],0.424767,0.383099,false,remove_layer,36
23,49,0.396191,643077,1,[1024/k3],0.309914,0.383099,false,remove_layer,1
23,50,0.394006,643077,1,[1024/k3],0.322923,0.383099,false,weights,59
23,51,0.422709,244741,3,[128/k3→128/k3→128/k1],0.225948,0.383099,false,add_layer,51
23,52,0.391902,643077,1,[1024/k3],0.326761,0.383099,false,weights,54
23,53,0.392744,643077,1,[1024/k3],0.331223,0.383099,false,weights,63
23,54,0.394423,643077,1,[1024/k3],0.321869,0.383099,false,weights,1
23,55,0.399537,1693701,2,[1024/k3→1024/k1],0.275879,0.383099,false,weights,36
23,56,0.394048,643077,1,[1024/k3],0.325382,0.383099,false,weights,47
23,57,0.398476,1693701,2,[1024/k3→1024/k1],0.280678,0.383099,false,weights,30
23,58,0.393613,643077,1,[1024/k3],0.320108,0.383099,false,weights,1
23,59,0.393573,643077,1,[1024/k3],0.322143,0.383099,false,weights,1
23,60,0.393679,643077,1,[1024/k3],0.319189,0.383099,false,weights,1
23,61,0.412807,1818501,2,[1024/k3→128/k3],0.200899,0.383099,false,weights,2
23,62,0.398972,1693701,2,[1024/k3→1024/k1],0.272675,0.383099,false,weights,36
23,63,0.413941,11132933,3,[1024/k3→1024/k3→1024/k1],0.205050,0.383099,false,add_layer,36
24,0,0.395492,643077,1,[1024/k3],0.309869,0.383099,true,champion,37
24,1,0.393216,643077,1,[1024/k3],0.319842,0.383099,false,weights,2
24,2,0.393648,643077,1,[1024/k3],0.314321,0.383099,false,weights,2
24,3,0.395134,643077,1,[1024/k3],0.314363,0.383099,false,weights,6
24,4,0.405941,10082309,2,[1024/k3→1024/k3],0.256173,0.383099,false,add_layer,44
24,5,0.418830,686064,2,[69/k3→1024/k3],0.346067,0.383099,false,add_layer,15
24,6,0.394715,643077,1,[1024/k3],0.323988,0.383099,false,weights,35
24,7,0.395577,643077,1,[1024/k3],0.310064,0.383099,false,weights,44
24,8,0.396158,643077,1,[1024/k3],0.313867,0.383099,false,weights,44
24,9,0.395142,643077,1,[1024/k3],0.314948,0.383099,false,remove_layer,35
24,10,0.549077,40197,1,[64/k3],0.562855,0.383099,false,resize_layer,45
24,11,0.397092,643077,1,[1024/k3],0.305545,0.383099,false,remove_layer,46
24,12,0.394538,643077,1,[1024/k3],0.311170,0.383099,false,weights,46
24,13,0.394661,643077,1,[1024/k3],0.316864,0.383099,false,weights,3
24,14,0.394271,643077,1,[1024/k3],0.318103,0.383099,false,weights,12
24,15,0.393575,643077,1,[1024/k3],0.321766,0.383099,false,weights,35
24,16,0.393822,643077,1,[1024/k3],0.316375,0.383099,false,weights,52
24,17,0.392809,643077,1,[1024/k3],0.319358,0.383099,false,weights,29
24,18,0.396714,643077,1,[1024/k3],0.309233,0.383099,false,weights,6
24,19,0.732773,20101,1,[32/k3],0.753958,0.383099,false,resize_layer,12
24,20,0.395584,643077,1,[1024/k3],0.314607,0.383099,false,weights,46
24,21,0.399149,643077,1,[1024/k3],0.301937,0.383099,false,remove_layer,6
24,22,0.395215,643077,1,[1024/k3],0.311213,0.383099,false,weights,6
24,23,0.394445,643077,1,[1024/k3],0.322380,0.383099,false,weights,53
24,24,0.394430,643077,1,[1024/k3],0.319961,0.383099,false,weights,3
24,25,0.394836,643077,1,[1024/k3],0.313422,0.383099,false,weights,46
24,26,0.393561,643077,1,[1024/k3],0.318953,0.383099,false,weights,12
24,27,0.401754,10082309,2,[1024/k3→1024/k3],0.264509,0.383099,false,add_layer,52
24,28,0.466161,647976,2,[69/k1→1024/k3],0.372604,0.383099,false,add_layer,3
24,29,0.397501,643077,1,[1024/k3],0.305649,0.383099,false,remove_layer,15
24,30,0.395493,643077,1,[1024/k3],0.309863,0.383099,false,remove_layer,37
24,31,0.393765,643077,1,[1024/k3],0.321181,0.383099,false,weights,35
24,32,0.395231,643077,1,[1024/k3],0.313232,0.383099,false,weights,44
24,33,0.395626,643077,1,[1024/k3],0.313745,0.383099,false,weights,46
24,34,0.393324,482309,1,[768/k3],0.320374,0.383099,false,resize_layer,29
24,35,0.393075,321541,1,[512/k3],0.324971,0.383099,false,resize_layer,0
24,36,0.396043,643077,1,[1024/k3],0.309882,0.383099,false,remove_layer,38
24,37,0.394506,643077,1,[1024/k3],0.322972,0.383099,false,weights,29
24,38,0.394541,643077,1,[1024/k3],0.317749,0.383099,false,weights,2
24,39,0.394482,643077,1,[1024/k3],0.313996,0.383099,false,weights,0
24,40,0.394370,643077,1,[1024/k3],0.318929,0.383099,false,weights,37
24,41,0.401995,10082309,2,[1024/k3→1024/k3],0.263649,0.383099,false,add_layer,38
24,42,0.393675,643077,1,[1024/k3],0.317930,0.383099,false,weights,38
24,43,0.394043,643077,1,[1024/k3],0.318196,0.383099,false,weights,12
24,44,0.396043,643077,1,[1024/k3],0.309882,0.383099,false,remove_layer,38
24,45,0.397107,643077,1,[1024/k3],0.305517,0.383099,false,remove_layer,0
24,46,0.394096,643077,1,[1024/k3],0.321887,0.383099,false,weights,35
24,47,0.393631,643077,1,[1024/k3],0.319965,0.383099,false,weights,35
24,48,0.392932,643077,1,[1024/k3],0.321658,0.383099,false,weights,37
24,49,0.734306,20101,1,[32/k3],0.754469,0.383099,false,resize_layer,6
24,50,0.400099,10082309,2,[1024/k3→1024/k3],0.273315,0.383099,false,add_layer,35
24,51,0.405227,10082309,2,[1024/k3→1024/k3],0.260014,0.383099,false,add_layer,6
24,52,0.394085,643077,1,[1024/k3],0.312526,0.383099,false,weights,44
24,53,0.412562,1693701,2,[1024/k3→1024/k1],0.278345,0.383099,false,add_layer,6
24,54,0.394584,321541,1,[512/k3],0.323434,0.383099,false,weights,45
24,55,0.394863,643077,1,[1024/k3],0.312056,0.383099,false,weights,0
24,56,0.418394,686064,2,[69/k3→1024/k3],0.342609,0.383099,false,add_layer,3
24,57,0.393930,643077,1,[1024/k3],0.322703,0.383099,false,weights,27
24,58,0.393876,321541,1,[512/k3],0.323432,0.383099,false,weights,45
24,59,0.393834,643077,1,[1024/k3],0.320797,0.383099,false,weights,27
24,60,0.407168,1693701,2,[1024/k3→1024/k1],0.286460,0.383099,false,add_layer,27
24,61,0.394562,643077,1,[1024/k3],0.312047,0.383099,false,weights,46
24,62,0.395803,643077,1,[1024/k3],0.311772,0.383099,false,weights,44
24,63,0.395762,643077,1,[1024/k3],0.316818,0.383099,false,weights,46
25,0,0.396610,643077,1,[1024/k3],0.304908,0.383099,true,champion,17
25,1,0.395774,643077,1,[1024/k3],0.307407,0.383099,false,weights,42
25,2,0.413322,1693701,2,[1024/k3→1024/k1],0.276467,0.383099,false,add_layer,42
25,3,0.395698,643077,1,[1024/k3],0.311219,0.383099,false,weights,43
25,4,0.399233,643077,1,[1024/k3],0.298439,0.383099,false,remove_layer,42
25,5,0.395361,643077,1,[1024/k3],0.309615,0.383099,false,weights,17
25,6,0.396972,321541,1,[512/k3],0.309878,0.383099,false,remove_layer,35
25,7,0.396586,643077,1,[1024/k3],0.308723,0.383099,false,weights,2
25,8,0.398343,643077,1,[1024/k3],0.299575,0.383099,false,remove_layer,2
25,9,0.480380,647976,2,[69/k1→1024/k3],0.349170,0.383099,false,add_layer,17
25,10,0.395927,643077,1,[1024/k3],0.310664,0.383099,false,weights,57
25,11,0.396309,643077,1,[1024/k3],0.314347,0.383099,false,weights,47
25,12,0.395626,643077,1,[1024/k3],0.310630,0.383099,false,weights,48
25,13,0.396611,482309,1,[768/k3],0.314124,0.383099,false,weights,34
25,14,0.398598,643077,1,[1024/k3],0.301648,0.383099,false,remove_layer,43
25,15,0.396444,321541,1,[512/k3],0.310901,0.383099,false,remove_layer,58
25,16,0.475892,647976,2,[69/k1→1024/k3],0.354279,0.383099,false,add_layer,47
25,17,0.396145,643077,1,[1024/k3],0.307565,0.383099,false,weights,16
25,18,0.395468,643077,1,[1024/k3],0.309843,0.383099,false,weights,1
25,19,0.395465,643077,1,[1024/k3],0.313195,0.383099,false,weights,43
25,20,0.394894,643077,1,[1024/k3],0.312247,0.383099,false,weights,47
25,21,0.397572,643077,1,[1024/k3],0.308479,0.383099,false,weights,43
25,22,0.395586,321541,1,[512/k3],0.319952,0.383099,false,weights,58
25,23,0.395053,643077,1,[1024/k3],0.313924,0.383099,false,weights,57
25,24,0.394717,643077,1,[1024/k3],0.313116,0.383099,false,weights,48
25,25,0.393405,321541,1,[512/k3],0.322799,0.383099,false,resize_layer,16
25,26,0.394728,643077,1,[1024/k3],0.308439,0.383099,false,weights,2
25,27,0.395722,643077,1,[1024/k3],0.311000,0.383099,false,weights,1
25,28,0.397051,643077,1,[1024/k3],0.306434,0.383099,false,remove_layer,57
25,29,0.417534,686064,2,[69/k3→1024/k3],0.341588,0.383099,false,add_layer,47
25,30,0.395966,643077,1,[1024/k3],0.308197,0.383099,false,weights,26
25,31,0.396610,643077,1,[1024/k3],0.304908,0.383099,false,remove_layer,17
25,32,0.395474,643077,1,[1024/k3],0.310220,0.383099,false,weights,17
25,33,0.395487,643077,1,[1024/k3],0.315759,0.383099,false,weights,57
25,34,0.396085,643077,1,[1024/k3],0.305539,0.383099,false,weights,2
25,35,0.395610,321541,1,[512/k3],0.316237,0.383099,false,weights,35
25,36,0.395009,482309,1,[768/k3],0.316006,0.383099,false,resize_layer,15
25,37,0.395915,643077,1,[1024/k3],0.312227,0.383099,false,weights,1
25,38,0.481044,647976,2,[69/k1→1024/k3],0.352829,0.383099,false,add_layer,59
25,39,0.396017,643077,1,[1024/k3],0.311500,0.383099,false,weights,26
25,40,0.411365,2681861,2,[512/k3→512/k3],0.260192,0.383099,false,add_layer,35
25,41,0.395367,643077,1,[1024/k3],0.313829,0.383099,false,weights,31
25,42,0.398344,643077,1,[1024/k3],0.299568,0.383099,false,remove_layer,2
25,43,0.396103,643077,1,[1024/k3],0.314480,0.383099,false,weights,59
25,44,0.569914,40197,1,[64/k3],0.581932,0.383099,false,resize_layer,2
25,45,0.395981,643077,1,[1024/k3],0.315541,0.383099,false,weights,57
25,46,0.414880,686064,2,[69/k3→1024/k3],0.338244,0.383099,false,add_layer,15
25,47,0.394864,643077,1,[1024/k3],0.311946,0.383099,false,weights,1
25,48,0.417306,686064,2,[69/k3→1024/k3],0.340073,0.383099,false,add_layer,15
25,49,0.396042,643077,1,[1024/k3],0.306462,0.383099,false,weights,2
25,50,0.398344,643077,1,[1024/k3],0.299570,0.383099,false,remove_layer,2
25,51,0.394111,482309,1,[768/k3],0.313373,0.383099,false,resize_layer,17
25,52,0.431199,80389,1,[128/k3],0.426752,0.383099,false,resize_layer,17
25,53,0.412897,1073669,2,[768/k3→768/k1],0.284880,0.383099,false,add_layer,34
25,54,0.395771,643077,1,[1024/k3],0.310516,0.383099,false,weights,43
25,55,0.395781,321541,1,[512/k3],0.312777,0.383099,false,weights,35
25,56,0.396532,643077,1,[1024/k3],0.310512,0.383099,false,weights,43
25,57,0.395725,643077,1,[1024/k3],0.309120,0.383099,false,weights,16
25,58,0.417660,686064,2,[69/k3→1024/k3],0.345504,0.383099,false,add_layer,48
25,59,0.395379,643077,1,[1024/k3],0.312853,0.383099,false,weights,31
25,60,0.458493,647976,2,[69/k1→1024/k3],0.363273,0.383099,false,add_layer,42
25,61,0.403870,10082309,2,[1024/k3→1024/k3],0.266843,0.383099,false,add_layer,59
25,62,0.402642,10082309,2,[1024/k3→1024/k3],0.265224,0.383099,false,add_layer,1
25,63,0.397034,643077,1,[1024/k3],0.310129,0.383099,false,resize_layer,35
26,0,0.397282,321541,1,[512/k3],0.309100,0.383099,true,champion,25
26,1,0.397102,482309,1,[768/k3],0.307734,0.383099,false,weights,36
26,2,0.396885,643077,1,[1024/k3],0.304098,0.383099,false,weights,23
26,3,0.398015,643077,1,[1024/k3],0.310490,0.383099,false,weights,41
26,4,0.736897,20101,1,[32/k3],0.753756,0.383099,false,resize_layer,33
26,5,0.397453,643077,1,[1024/k3],0.309433,0.383099,false,weights,59
26,6,0.395224,482309,1,[768/k3],0.307589,0.383099,false,weights,51
26,7,0.395822,482309,1,[768/k3],0.311769,0.383099,false,resize_layer,33
26,8,0.395692,482309,1,[768/k3],0.310141,0.383099,false,resize_layer,23
26,9,0.398341,643077,1,[1024/k3],0.302198,0.383099,false,weights,47
26,10,0.396496,482309,1,[768/k3],0.308812,0.383099,false,weights,51
26,11,0.394149,321541,1,[512/k3],0.314871,0.383099,false,weights,25
26,12,0.399997,643077,1,[1024/k3],0.300115,0.383099,false,remove_layer,41
26,13,0.396499,643077,1,[1024/k3],0.302571,0.383099,false,weights,26
26,14,0.398671,643077,1,[1024/k3],0.300591,0.383099,false,remove_layer,24
26,15,0.397350,643077,1,[1024/k3],0.303252,0.383099,false,weights,26
26,16,0.397712,643077,1,[1024/k3],0.301633,0.383099,false,weights,23
26,17,0.399565,643077,1,[1024/k3],0.299536,0.383099,false,remove_layer,59
26,18,0.397739,643077,1,[1024/k3],0.308565,0.383099,false,weights,18
26,19,0.397596,643077,1,[1024/k3],0.306841,0.383099,false,weights,47
26,20,0.399034,482309,1,[768/k3],0.301025,0.383099,false,remove_layer,36
26,21,0.396937,643077,1,[1024/k3],0.304171,0.383099,false,weights,20
26,22,0.398987,643077,1,[1024/k3],0.298045,0.383099,false,remove_layer,47
26,23,0.420181,686064,2,[69/k3→1024/k3],0.342936,0.383099,false,add_layer,20
26,24,0.567159,40197,1,[64/k3],0.577074,0.383099,false,resize_layer,23
26,25,0.398583,643077,1,[1024/k3],0.298001,0.383099,false,remove_layer,26
26,26,0.399519,643077,1,[1024/k3],0.297121,0.383099,false,remove_layer,18
26,27,0.397281,321541,1,[512/k3],0.309102,0.383099,false,remove_layer,25
26,28,0.397358,643077,1,[1024/k3],0.303295,0.383099,false,weights,24
26,29,0.407271,10082309,2,[1024/k3→1024/k3],0.260841,0.383099,false,add_layer,24
26,30,0.453267,326440,2,[69/k1→512/k3],0.372444,0.383099,false,add_layer,22
26,31,0.395774,643077,1,[1024/k3],0.305182,0.383099,false,weights,5
26,32,0.465362,647976,2,[69/k1→1024/k3],0.361665,0.383099,false,add_layer,20
26,33,0.418536,364528,2,[69/k3→512/k3],0.348210,0.383099,false,add_layer,22
26,34,0.397234,643077,1,[1024/k3],0.307119,0.383099,false,weights,19
26,35,0.396243,482309,1,[768/k3],0.311080,0.383099,false,weights,36
26,36,0.420635,686064,2,[69/k3→1024/k3],0.337289,0.383099,false,add_layer,26
26,37,0.396479,482309,1,[768/k3],0.309090,0.383099,false,weights,36
26,38,0.405457,10082309,2,[1024/k3→1024/k3],0.263330,0.383099,false,add_layer,47
26,39,0.397408,643077,1,[1024/k3],0.308423,0.383099,false,weights,20
26,40,0.415687,1073669,2,[768/k3→768/k1],0.279276,0.383099,false,add_layer,51
26,41,0.395675,643077,1,[1024/k3],0.306681,0.383099,false,weights,32
26,42,0.397695,643077,1,[1024/k3],0.310273,0.383099,false,weights,33
26,43,0.395395,643077,1,[1024/k3],0.306002,0.383099,false,weights,20
26,44,0.397645,643077,1,[1024/k3],0.301037,0.383099,false,weights,26
26,45,0.396436,643077,1,[1024/k3],0.309198,0.383099,false,weights,33
26,46,0.416750,1073669,2,[768/k3→768/k1],0.280607,0.383099,false,add_layer,36
26,47,0.397728,643077,1,[1024/k3],0.299503,0.383099,false,weights,26
26,48,0.398924,643077,1,[1024/k3],0.297259,0.383099,false,remove_layer,32
26,49,0.393742,160773,1,[256/k3],0.345195,0.383099,false,resize_layer,18
26,50,0.398145,321541,1,[512/k3],0.311478,0.383099,false,weights,22
26,51,0.564255,40197,1,[64/k3],0.576575,0.383099,false,resize_layer,36
26,52,0.397908,643077,1,[1024/k3],0.303288,0.383099,false,weights,18
26,53,0.416569,1073669,2,[768/k3→768/k1],0.280618,0.383099,false,add_layer,36
26,54,0.397001,643077,1,[1024/k3],0.308533,0.383099,false,weights,59
26,55,0.396878,482309,1,[768/k3],0.304275,0.383099,false,weights,51
26,56,0.396197,643077,1,[1024/k3],0.308154,0.383099,false,weights,33
26,57,0.395603,643077,1,[1024/k3],0.307497,0.383099,false,weights,59
26,58,0.399252,643077,1,[1024/k3],0.297893,0.383099,false,remove_layer,20
26,59,0.396197,643077,1,[1024/k3],0.307153,0.383099,false,weights,20
26,60,0.397103,643077,1,[1024/k3],0.309946,0.383099,false,weights,23
26,61,0.398436,321541,1,[512/k3],0.308392,0.383099,false,remove_layer,22
26,62,0.396975,482309,1,[768/k3],0.310523,0.383099,false,weights,36
26,63,0.396740,643077,1,[1024/k3],0.304015,0.383099,false,weights,5
27,0,0.393416,160773,1,[256/k3],0.323377,0.383099,true,champion,49
27,1,0.397473,643077,1,[1024/k3],0.300458,0.383099,false,weights,31
27,2,0.393539,321541,1,[512/k3],0.317629,0.383099,false,resize_layer,31
27,3,0.392048,160773,1,[256/k3],0.328620,0.383099,false,weights,49
27,4,0.424179,686064,2,[69/k3→1024/k3],0.338958,0.383099,false,add_layer,13
27,5,0.398263,643077,1,[1024/k3],0.303143,0.383099,false,weights,45
27,6,0.397582,643077,1,[1024/k3],0.299566,0.383099,false,weights,43
27,7,0.410816,226821,2,[256/k3→256/k1],0.311023,0.383099,false,add_layer,49
27,8,0.397666,643077,1,[1024/k3],0.301505,0.383099,false,weights,57
27,9,0.398250,482309,1,[768/k3],0.302134,0.383099,false,weights,6
27,10,0.422356,686064,2,[69/k3→1024/k3],0.335114,0.383099,false,add_layer,41
27,11,0.400995,482309,1,[768/k3],0.294915,0.383099,false,remove_layer,10
27,12,0.398363,643077,1,[1024/k3],0.305498,0.383099,false,weights,45
27,13,0.476011,487208,2,[69/k1→768/k3],0.353642,0.383099,false,add_layer,10
27,14,0.394837,321541,1,[512/k3],0.319356,0.383099,false,resize_layer,45
27,15,0.396205,321541,1,[512/k3],0.310035,0.383099,false,weights,11
27,16,0.400535,482309,1,[768/k3],0.296001,0.383099,false,remove_layer,8
27,17,0.418779,1073669,2,[768/k3→768/k1],0.275634,0.383099,false,add_layer,6
27,18,0.393824,160773,1,[256/k3],0.340498,0.383099,false,resize_layer,35
27,19,0.399156,482309,1,[768/k3],0.302993,0.383099,false,weights,35
27,20,0.398431,482309,1,[768/k3],0.304979,0.383099,false,weights,35
27,21,0.397238,482309,1,[768/k3],0.303749,0.383099,false,weights,6
27,22,0.394220,321541,1,[512/k3],0.317651,0.383099,false,resize_layer,57
27,23,0.472800,647976,2,[69/k1→1024/k3],0.364340,0.383099,false,add_layer,43
27,24,0.398178,643077,1,[1024/k3],0.301058,0.383099,false,weights,56
27,25,0.399662,482309,1,[768/k3],0.299719,0.383099,false,weights,37
27,26,0.398381,482309,1,[768/k3],0.304774,0.383099,false,weights,35
27,27,0.397881,643077,1,[1024/k3],0.301852,0.383099,false,weights,43
27,28,0.398040,643077,1,[1024/k3],0.301786,0.383099,false,weights,59
27,29,0.397833,482309,1,[768/k3],0.304210,0.383099,false,weights,6
27,30,0.398028,482309,1,[768/k3],0.305734,0.383099,false,weights,6
27,31,0.728483,20101,1,[32/k3],0.748240,0.383099,false,resize_layer,59
27,32,0.398999,643077,1,[1024/k3],0.300955,0.383099,false,weights,41
27,33,0.398384,643077,1,[1024/k3],0.297344,0.383099,false,weights,13
27,34,0.392602,160773,1,[256/k3],0.330766,0.383099,false,weights,49
27,35,0.397693,643077,1,[1024/k3],0.302131,0.383099,false,weights,57
27,36,0.392199,160773,1,[256/k3],0.328708,0.383099,false,weights,49
27,37,0.398141,643077,1,[1024/k3],0.296047,0.383099,false,remove_layer,31
27,38,0.397467,643077,1,[1024/k3],0.302262,0.383099,false,weights,56
27,39,0.398420,643077,1,[1024/k3],0.303073,0.383099,false,weights,56
27,40,0.397775,482309,1,[768/k3],0.303115,0.383099,false,weights,10
27,41,0.398602,643077,1,[1024/k3],0.299287,0.383099,false,weights,59
27,42,0.397899,643077,1,[1024/k3],0.297346,0.383099,false,weights,13
27,43,0.397205,321541,1,[512/k3],0.307924,0.383099,false,weights,11
27,44,0.423594,686064,2,[69/k3→1024/k3],0.340337,0.383099,false,add_layer,41
27,45,0.559872,40197,1,[64/k3],0.573357,0.383099,false,resize_layer,41
27,46,0.399255,643077,1,[1024/k3],0.303894,0.383099,false,weights,31
27,47,0.397874,643077,1,[1024/k3],0.300430,0.383099,false,weights,57
27,48,0.398615,482309,1,[768/k3],0.301349,0.383099,false,weights,8
27,49,0.432121,80389,1,[128/k3],0.423289,0.383099,false,resize_layer,56
27,50,0.398046,482309,1,[768/k3],0.302608,0.383099,false,weights,10
27,51,0.398125,643077,1,[1024/k3],0.298580,0.383099,false,weights,59
27,52,0.401745,643077,1,[1024/k3],0.289582,0.383099,false,remove_layer,13
27,53,0.727671,20101,1,[32/k3],0.747801,0.383099,false,resize_layer,10
27,54,0.408128,10082309,2,[1024/k3→1024/k3],0.255158,0.383099,false,add_layer,56
27,55,0.394594,321541,1,[512/k3],0.317722,0.383099,false,resize_layer,59
27,56,0.398367,482309,1,[768/k3],0.301582,0.383099,false,weights,10
27,57,0.397050,482309,1,[768/k3],0.300463,0.383099,false,resize_layer,13
27,58,0.398937,643077,1,[1024/k3],0.296460,0.383099,false,weights,43
27,59,0.398961,643077,1,[1024/k3],0.296473,0.383099,false,weights,31
27,60,0.451793,326440,2,[69/k1→512/k3],0.369132,0.383099,false,add_layer,11
27,61,0.397710,482309,1,[768/k3],0.303592,0.383099,false,weights,7
27,62,0.425425,525296,2,[69/k3→768/k3],0.341320,0.383099,false,add_layer,10
27,63,0.399162,482309,1,[768/k3],0.303954,0.383099,false,weights,8
