generation,individual,val_loss,n_params,n_layers,architecture,train_loss,best_ever,is_champion,mutation_type,parent_idx
1,0,0.448447,3887717,9,[32/k1→768/k3→64/k1→64/k1→768/k1→512/k3→32/k1→32/k1→64/k1],0.420971,0.399008,false,,
1,1,0.409837,9896325,8,[64/k3→64/k3→512/k3→1024/k1→1024/k1→768/k3→128/k3→64/k1],0.380788,0.399008,false,,
1,2,0.444070,14380805,10,[128/k1→32/k3→32/k3→1024/k3→512/k3→1024/k1→768/k3→512/k1→256/k1→512/k3],0.435433,0.399008,false,,
1,3,0.420551,4436805,10,[768/k3→512/k1→768/k1→32/k1→1024/k3→32/k1→1024/k1→256/k3→256/k3→64/k3],0.391182,0.399008,false,,
1,4,0.408260,1165765,6,[64/k3→768/k1→512/k1→512/k1→64/k3→256/k3],0.342881,0.399008,false,,
1,5,0.451831,9587077,9,[768/k1→768/k3→1024/k1→64/k1→1024/k3→256/k3→32/k1→512/k3→64/k3],0.443279,0.399008,false,,
1,6,0.418651,9967493,7,[768/k3→64/k3→64/k1→768/k3→768/k3→512/k3→128/k1],0.409365,0.399008,false,,
1,7,0.401955,820933,5,[512/k3→32/k1→1024/k1→64/k1→1024/k3],0.377108,0.399008,false,,
1,8,0.436014,14604549,8,[32/k3→256/k3→512/k3→512/k1→768/k1→768/k3→1024/k3→32/k3],0.432548,0.399008,false,,
1,9,0.411478,6673989,7,[64/k3→32/k3→512/k1→512/k1→1024/k3→1024/k1→64/k3],0.389205,0.399008,false,,
1,10,0.440779,1978821,10,[64/k1→512/k3→256/k1→32/k3→1024/k3→64/k1→64/k1→32/k3→1024/k1→1024/k1],0.422880,0.399008,false,,
1,11,0.402490,1600901,5,[768/k3→512/k1→128/k3→64/k1→768/k3],0.370417,0.399008,false,,
1,12,0.425661,2281669,7,[768/k3→256/k3→32/k1→64/k1→128/k1→512/k1→512/k1],0.397326,0.399008,false,,
1,13,0.481246,22725,4,[32/k1→64/k1→32/k3→32/k1],0.482875,0.399008,false,,
1,14,0.402160,1754053,6,[768/k3→64/k1→768/k3→64/k3→1024/k3→64/k1],0.377184,0.399008,false,,
1,15,0.402194,1610245,4,[768/k3→128/k3→256/k3→1024/k1],0.386612,0.399008,false,,
1,16,0.416228,1446469,9,[768/k1→32/k3→768/k3→1024/k1→64/k1→64/k3→64/k3→64/k3→256/k1],0.391868,0.399008,false,,
1,17,0.429383,991973,10,[32/k3→1024/k1→32/k1→32/k1→64/k3→256/k3→64/k3→32/k1→256/k1→256/k3],0.402928,0.399008,false,,
1,18,0.409798,3003653,10,[1024/k3→128/k3→768/k3→64/k1→128/k1→32/k1→768/k3→32/k1→512/k3→512/k1],0.381762,0.399008,false,,
1,19,0.400191,601925,4,[512/k1→1024/k1→32/k1→768/k1],0.373702,0.399008,false,,
1,20,0.427467,2823653,7,[32/k1→512/k1→512/k1→256/k3→128/k1→768/k3→64/k3],0.406844,0.399008,false,,
1,21,0.409270,905413,7,[64/k3→256/k3→1024/k1→32/k3→512/k1→32/k1→512/k3],0.374696,0.399008,false,,
1,22,0.399504,515589,5,[128/k1→64/k3→128/k1→256/k3→512/k1],0.357731,0.399008,false,,
1,23,0.453605,6407557,9,[1024/k3→768/k1→64/k3→32/k1→768/k1→128/k3→512/k1→768/k3→64/k3],0.452962,0.399008,false,,
1,24,0.426283,2275909,8,[256/k3→1024/k1→32/k3→1024/k3→32/k1→128/k1→768/k3→64/k3],0.409510,0.399008,false,,
1,25,0.403507,6370373,8,[768/k3→512/k1→32/k1→768/k1→512/k1→1024/k3→512/k1→256/k1],0.373699,0.399008,false,,
1,26,0.403374,394885,4,[128/k3→1024/k1→128/k1→768/k1],0.366049,0.399008,false,,
1,27,0.414540,2987301,9,[32/k3→1024/k3→512/k1→64/k1→1024/k1→256/k1→64/k3→1024/k3→1024/k1],0.399085,0.399008,false,,
1,28,0.419456,4217925,6,[64/k1→256/k1→1024/k3→64/k1→1024/k3→128/k3],0.394124,0.399008,false,,
1,29,0.416177,5222469,10,[1024/k1→64/k1→768/k1→256/k3→128/k1→1024/k3→128/k3→768/k3→32/k1→128/k1],0.382495,0.399008,false,,
1,30,0.412232,1120677,8,[128/k1→32/k3→128/k3→256/k1→256/k1→128/k1→768/k3→32/k1],0.375689,0.399008,false,,
1,31,0.495185,14564613,6,[256/k1→768/k3→512/k3→768/k1→768/k3→512/k3],0.500913,0.399008,false,,
1,32,0.429848,6073605,9,[256/k3→256/k3→512/k1→64/k3→768/k3→768/k1→512/k3→256/k1→128/k3],0.420328,0.399008,false,,
1,33,0.399092,2422021,5,[256/k3→256/k3→256/k1→512/k3→1024/k1],0.377303,0.399008,false,,
1,34,0.436275,1050277,9,[32/k3→512/k3→32/k1→768/k3→64/k1→64/k1→32/k1→256/k1→256/k3],0.415193,0.399008,false,,
1,35,0.429155,16280837,9,[512/k1→768/k3→256/k3→64/k1→768/k1→1024/k1→1024/k3→64/k1→1024/k3],0.421619,0.399008,false,,
1,36,0.408071,3168261,4,[512/k1→1024/k1→256/k1→1024/k3],0.396787,0.399008,false,,
1,37,0.538912,34153605,9,[512/k3→1024/k3→512/k3→1024/k3→64/k3→256/k3→1024/k1→1024/k3→1024/k3],0.544298,0.399008,false,,
1,38,0.409236,2508741,9,[64/k3→256/k1→768/k3→64/k3→128/k3→512/k1→64/k1→64/k3→768/k1],0.372440,0.399008,false,,
1,39,0.414485,3562309,9,[64/k1→256/k3→128/k3→256/k1→64/k3→256/k1→1024/k3→256/k1→128/k3],0.390441,0.399008,false,,
1,40,0.410743,10744261,10,[256/k3→512/k1→256/k1→128/k3→256/k1→256/k3→768/k3→768/k1→1024/k3→64/k1],0.368465,0.399008,false,,
1,41,0.413234,570437,7,[512/k1→32/k3→64/k3→64/k1→128/k3→128/k1→256/k3],0.397080,0.399008,false,,
1,42,0.402147,1741189,6,[1024/k3→128/k3→128/k1→256/k1→768/k1→128/k1],0.379108,0.399008,false,,
1,43,0.426013,2057509,9,[32/k1→1024/k1→64/k1→1024/k1→512/k1→64/k1→256/k1→512/k1→256/k3],0.397438,0.399008,false,,
1,44,0.424034,1474821,10,[128/k1→512/k1→1024/k1→128/k1→512/k1→128/k3→256/k1→32/k1→32/k3→1024/k1],0.315912,0.399008,false,,
1,45,0.428791,2646981,10,[512/k1→128/k3→768/k3→32/k3→32/k3→1024/k3→32/k3→128/k3→768/k1→256/k1],0.421382,0.399008,false,,
1,46,0.450729,7825541,9,[512/k3→512/k3→256/k3→1024/k3→128/k1→1024/k1→128/k3→64/k3→512/k3],0.444404,0.399008,false,,
1,47,0.436814,2703013,6,[32/k3→1024/k3→64/k3→64/k3→1024/k3→128/k3],0.431047,0.399008,false,,
1,48,0.469399,8339013,8,[768/k3→512/k1→512/k1→32/k1→768/k3→256/k1→768/k3→768/k3],0.471388,0.399008,false,,
1,49,0.428557,2161861,7,[1024/k1→32/k3→64/k3→768/k1→128/k3→256/k3→256/k3],0.420354,0.399008,false,,
1,50,0.411428,1174341,6,[768/k3→128/k3→128/k1→32/k1→128/k1→768/k1],0.386109,0.399008,false,,
1,51,0.420073,113157,5,[64/k3→128/k3→32/k1→128/k1→128/k1],0.407270,0.399008,false,,
1,52,0.453450,5402949,6,[32/k1→128/k1→32/k3→768/k1→768/k3→32/k1],0.438225,0.399008,false,,
1,53,0.419449,804581,8,[128/k3→256/k3→128/k1→32/k3→1024/k3→32/k1→256/k3→32/k1],0.385048,0.399008,false,,
1,54,0.448935,4767941,5,[64/k3→32/k1→32/k3→512/k1→1024/k3],0.450253,0.399008,false,,
1,55,0.399008,4026245,7,[256/k3→1024/k3→128/k1→512/k1→1024/k1→768/k1→128/k1],0.376562,0.399008,false,,
1,56,0.419955,1991109,5,[64/k1→512/k1→64/k1→256/k3→768/k3],0.393429,0.399008,false,,
1,57,0.410705,987749,6,[32/k1→128/k3→768/k3→32/k1→128/k1→256/k1],0.382744,0.399008,false,,
1,58,0.429888,2825477,8,[64/k1→128/k1→32/k1→64/k3→512/k3→256/k1→256/k3→768/k3],0.413522,0.399008,false,,
1,59,0.407995,2748133,6,[512/k3→256/k1→512/k1→256/k3→512/k3→32/k1],0.359774,0.399008,false,,
1,60,0.432774,10511877,5,[768/k1→1024/k3→512/k1→1024/k1→256/k3],0.428980,0.399008,false,,
1,61,0.401423,967045,6,[64/k3→768/k3→32/k3→128/k3→128/k3→768/k1],0.373730,0.399008,false,,
1,62,0.461327,10479685,10,[64/k3→256/k3→128/k3→1024/k1→256/k1→128/k3→128/k1→1024/k3→1024/k1→768/k3],0.457016,0.399008,false,,
1,63,0.408214,7464869,7,[32/k1→512/k3→512/k3→768/k3→1024/k1→64/k3→512/k1],0.385470,0.399008,false,,
2,0,0.398151,4026245,7,[256/k3→1024/k3→128/k1→512/k1→1024/k1→768/k1→128/k1],0.317725,0.393089,true,champion,55
2,1,0.402660,1600901,5,[768/k3→512/k1→128/k3→64/k1→768/k3],0.351523,0.393089,false,weights,11
2,2,0.409445,601925,4,[512/k1→1024/k1→32/k1→768/k1],0.310419,0.393089,false,weights,19
2,3,0.402156,1758277,7,[768/k3→64/k1→64/k1→768/k3→64/k3→1024/k3→64/k1],0.330233,0.393089,false,add_layer,14
2,4,0.399267,3168261,4,[512/k1→1024/k1→256/k1→1024/k3],0.359590,0.393089,false,weights,36
2,5,0.409564,601925,4,[512/k1→1024/k1→32/k1→768/k1],0.302071,0.393089,false,weights,19
2,6,0.402194,967045,6,[64/k3→768/k3→32/k3→128/k3→128/k3→768/k1],0.349660,0.393089,false,weights,61
2,7,0.393089,1610245,4,[768/k3→128/k3→256/k3→1024/k1],0.360147,0.393089,false,weights,15
2,8,0.415226,1165765,6,[64/k3→768/k1→512/k1→512/k1→64/k3→256/k3],0.312529,0.393089,false,weights,4
2,9,0.414878,2748133,6,[512/k3→256/k1→512/k1→256/k3→512/k3→32/k1],0.294517,0.393089,false,weights,59
2,10,0.398800,1593669,5,[64/k3→768/k3→128/k3→128/k3→768/k1],0.361458,0.393089,false,remove_layer,61
2,11,0.400496,3168261,4,[512/k1→1024/k1→256/k1→1024/k3],0.356670,0.393089,false,weights,36
2,12,0.393845,1183749,3,[768/k3→128/k3→1024/k1],0.370545,0.393089,false,remove_layer,15
2,13,0.439993,1153477,4,[768/k3→512/k1→128/k3→64/k1],0.408102,0.393089,false,remove_layer,11
2,14,0.405262,902597,5,[64/k3→768/k1→512/k1→64/k3→256/k3],0.361367,0.393089,false,remove_layer,4
2,15,0.422431,1165765,6,[64/k3→768/k1→512/k1→512/k1→64/k3→256/k3],0.291742,0.393089,false,weights,4
2,16,0.412620,2748133,6,[512/k3→256/k1→512/k1→256/k3→512/k3→32/k1],0.301322,0.393089,false,weights,59
2,17,0.404680,7722629,6,[1024/k3→768/k3→128/k1→256/k1→768/k1→128/k1],0.314942,0.393089,false,resize_layer,42
2,18,0.409765,2748133,6,[512/k3→256/k1→512/k1→256/k3→512/k3→32/k1],0.301194,0.393089,false,weights,59
2,19,0.397990,2422021,5,[256/k3→256/k3→256/k1→512/k3→1024/k1],0.352268,0.393089,false,weights,33
2,20,0.418010,2748133,6,[512/k3→256/k1→512/k1→256/k3→512/k3→32/k1],0.265207,0.393089,false,weights,59
2,21,0.404293,967045,6,[64/k3→768/k3→32/k3→128/k3→128/k3→768/k1],0.343762,0.393089,false,weights,61
2,22,0.400224,291845,3,[128/k3→1024/k1→128/k1],0.385884,0.393089,false,remove_layer,26
2,23,0.411357,601925,4,[512/k1→1024/k1→32/k1→768/k1],0.312047,0.393089,false,weights,19
2,24,0.405055,967045,6,[64/k3→768/k3→32/k3→128/k3→128/k3→768/k1],0.349929,0.393089,false,weights,61
2,25,0.404868,967045,6,[64/k3→768/k3→32/k3→128/k3→128/k3→768/k1],0.368481,0.393089,false,weights,61
2,26,0.395226,1610245,4,[768/k3→128/k3→256/k3→1024/k1],0.364701,0.393089,false,weights,15
2,27,0.402203,382213,4,[128/k1→64/k3→128/k1→256/k3],0.351751,0.393089,false,remove_layer,22
2,28,0.416567,3262981,6,[512/k3→256/k1→512/k1→256/k3→512/k3→1024/k1],0.304755,0.393089,false,resize_layer,59
2,29,0.405006,1120901,5,[768/k1→512/k1→512/k1→64/k3→256/k3],0.376443,0.393089,false,remove_layer,4
2,30,0.411633,515589,5,[128/k1→64/k3→128/k1→256/k3→512/k1],0.312645,0.393089,false,weights,22
2,31,0.404863,1231749,5,[256/k3→512/k1→128/k3→64/k1→768/k3],0.352019,0.393089,false,resize_layer,11
2,32,0.407096,88389,3,[1024/k1→32/k1→768/k1],0.394703,0.393089,false,remove_layer,19
2,33,0.405766,7464869,7,[32/k1→512/k3→512/k3→768/k3→1024/k1→64/k3→512/k1],0.352149,0.393089,false,weights,63
2,34,0.399211,4026245,7,[256/k3→1024/k3→128/k1→512/k1→1024/k1→768/k1→128/k1],0.324055,0.393089,false,weights,55
2,35,0.407167,1600901,5,[768/k3→512/k1→128/k3→64/k1→768/k3],0.332617,0.393089,false,weights,11
2,36,0.399388,1754053,6,[768/k3→64/k1→768/k3→64/k3→1024/k3→64/k1],0.352109,0.393089,false,weights,14
2,37,0.400421,820933,5,[512/k3→32/k1→1024/k1→64/k1→1024/k3],0.354481,0.393089,false,weights,7
2,38,0.403217,5108453,7,[512/k3→512/k3→256/k1→512/k1→256/k3→512/k3→32/k1],0.332073,0.393089,false,add_layer,59
2,39,0.401985,967045,6,[64/k3→768/k3→32/k3→128/k3→128/k3→768/k1],0.350257,0.393089,false,weights,61
2,40,0.404242,7464869,7,[32/k1→512/k3→512/k3→768/k3→1024/k1→64/k3→512/k1],0.361232,0.393089,false,weights,63
2,41,0.399881,14314789,7,[32/k1→512/k3→512/k3→768/k3→1024/k1→768/k3→512/k1],0.362714,0.393089,false,resize_layer,63
2,42,0.400977,820933,5,[512/k3→32/k1→1024/k1→64/k1→1024/k3],0.358629,0.393089,false,weights,7
2,43,0.406713,1748613,6,[768/k3→512/k1→128/k3→128/k3→64/k1→768/k3],0.325863,0.393089,false,add_layer,11
2,44,0.416024,5104549,6,[32/k1→512/k3→768/k3→1024/k1→64/k3→512/k1],0.398923,0.393089,false,remove_layer,63
2,45,0.402823,2515941,5,[256/k1→512/k1→256/k3→512/k3→32/k1],0.367922,0.393089,false,remove_layer,59
2,46,0.398984,1754053,6,[768/k3→64/k1→768/k3→64/k3→1024/k3→64/k1],0.340184,0.393089,false,weights,14
2,47,0.401517,1152197,5,[768/k3→512/k1→32/k3→64/k1→768/k3],0.361679,0.393089,false,resize_layer,11
2,48,0.397384,2748133,6,[512/k3→256/k1→512/k1→256/k3→512/k3→32/k1],0.345953,0.393089,false,weights,59
2,49,0.399827,1143301,5,[256/k3→256/k3→256/k1→128/k3→1024/k1],0.339503,0.393089,false,resize_layer,33
2,50,0.402280,1758277,7,[768/k3→64/k1→64/k1→768/k3→64/k3→1024/k3→64/k1],0.329912,0.393089,false,add_layer,14
2,51,0.408604,2332549,7,[1024/k3→128/k3→128/k1→256/k1→768/k1→768/k1→128/k1],0.303112,0.393089,false,add_layer,42
2,52,0.410511,199109,4,[128/k1→1024/k1→32/k1→768/k1],0.332342,0.393089,false,resize_layer,19
2,53,0.400038,7464869,7,[32/k1→512/k3→512/k3→768/k3→1024/k1→64/k3→512/k1],0.351686,0.393089,false,weights,63
2,54,0.403828,967045,6,[64/k3→768/k3→32/k3→128/k3→128/k3→768/k1],0.357694,0.393089,false,weights,61
2,55,0.403162,3168261,4,[512/k1→1024/k1→256/k1→1024/k3],0.348346,0.393089,false,weights,36
2,56,0.406635,6370373,8,[768/k3→512/k1→32/k1→768/k1→512/k1→1024/k3→512/k1→256/k1],0.332651,0.393089,false,weights,25
2,57,0.399837,820933,5,[512/k3→32/k1→1024/k1→64/k1→1024/k3],0.360040,0.393089,false,weights,7
2,58,0.404453,1822149,6,[64/k3→768/k1→1024/k1→512/k1→64/k3→256/k3],0.344637,0.393089,false,resize_layer,4
2,59,0.400224,291845,3,[128/k3→1024/k1→128/k1],0.385884,0.393089,false,remove_layer,26
2,60,0.411269,515589,5,[128/k1→64/k3→128/k1→256/k3→512/k1],0.313644,0.393089,false,weights,22
2,61,0.405986,1850341,6,[512/k3→256/k1→512/k1→256/k3→128/k3→32/k1],0.336581,0.393089,false,resize_layer,59
2,62,0.403300,451909,4,[64/k3→128/k1→256/k3→512/k1],0.383933,0.393089,false,remove_layer,22
2,63,0.399625,1610245,4,[768/k3→128/k3→256/k3→1024/k1],0.358702,0.393089,false,weights,15
3,0,0.418509,1610245,4,[768/k3→128/k3→256/k3→1024/k1],0.281768,0.393041,true,champion,7
3,1,0.399462,4026245,7,[256/k3→1024/k3→128/k1→512/k1→1024/k1→768/k1→128/k1],0.315850,0.393041,false,weights,34
3,2,0.406229,1610245,4,[768/k3→128/k3→256/k3→1024/k1],0.312270,0.393041,false,weights,63
3,3,0.435309,11049477,5,[768/k3→128/k3→256/k3→1024/k1→1024/k3],0.430781,0.393041,false,add_layer,7
3,4,0.423324,11193285,7,[768/k3→64/k1→768/k3→64/k3→1024/k3→1024/k3→64/k1],0.296414,0.393041,false,add_layer,46
3,5,0.456255,3168836,5,[23/k1→512/k1→1024/k1→256/k1→1024/k3],0.351340,0.393041,false,add_layer,4
3,6,0.393216,4231941,3,[768/k3→512/k3→1024/k1],0.350172,0.393041,false,resize_layer,12
3,7,0.439268,2748133,6,[512/k3→256/k1→512/k1→256/k3→512/k3→32/k1],0.220847,0.393041,false,weights,48
3,8,0.400115,2422021,5,[256/k3→256/k3→256/k1→512/k3→1024/k1],0.315749,0.393041,false,weights,19
3,9,0.398563,820933,5,[512/k3→32/k1→1024/k1→64/k1→1024/k3],0.331314,0.393041,false,weights,57
3,10,0.396997,10260165,6,[512/k3→32/k1→1024/k1→1024/k3→64/k1→1024/k3],0.347002,0.393041,false,add_layer,57
3,11,0.418059,4026245,7,[256/k3→1024/k3→128/k1→512/k1→1024/k1→768/k1→128/k1],0.271524,0.393041,false,weights,34
3,12,0.411278,14314789,7,[32/k1→512/k3→512/k3→768/k3→1024/k1→768/k3→512/k1],0.316926,0.393041,false,weights,41
3,13,0.396738,1610245,4,[768/k3→128/k3→256/k3→1024/k1],0.332770,0.393041,false,weights,63
3,14,0.400155,1610245,4,[768/k3→128/k3→256/k3→1024/k1],0.322374,0.393041,false,weights,63
3,15,0.432259,683301,6,[512/k3→256/k1→512/k1→32/k3→512/k3→32/k1],0.245041,0.393041,false,resize_layer,48
3,16,0.408831,1610309,6,[64/k3→768/k3→128/k3→128/k3→128/k1→768/k1],0.324940,0.393041,false,add_layer,10
3,17,0.429820,164997,2,[128/k3→1024/k1],0.394996,0.393041,false,remove_layer,12
3,18,0.394874,1831685,4,[256/k3→256/k1→512/k3→1024/k1],0.369836,0.393041,false,remove_layer,19
3,19,0.396275,2199813,3,[768/k3→256/k3→1024/k1],0.372428,0.393041,false,remove_layer,26
3,20,0.401336,338757,4,[64/k3→128/k3→128/k3→768/k1],0.387131,0.393041,false,remove_layer,10
3,21,0.425709,1100741,5,[768/k3→64/k1→768/k3→64/k3→64/k1],0.358524,0.393041,false,remove_layer,36
3,22,0.401264,1610245,4,[768/k3→128/k3→256/k3→1024/k1],0.323878,0.393041,false,weights,7
3,23,0.402637,2422021,5,[256/k3→256/k3→256/k1→512/k3→1024/k1],0.317020,0.393041,false,weights,19
3,24,0.462189,2748708,7,[23/k1→512/k3→256/k1→512/k1→256/k3→512/k3→32/k1],0.313660,0.393041,false,add_layer,48
3,25,0.401304,1610245,4,[768/k3→128/k3→256/k3→1024/k1],0.325228,0.393041,false,weights,7
3,26,0.406086,1754053,6,[768/k3→64/k1→768/k3→64/k3→1024/k3→64/k1],0.295771,0.393041,false,weights,36
3,27,0.415722,2685189,6,[256/k3→256/k3→256/k1→512/k3→512/k1→1024/k1],0.281947,0.393041,false,add_layer,19
3,28,0.399874,1610245,4,[768/k3→128/k3→256/k3→1024/k1],0.342642,0.393041,false,weights,26
3,29,0.439420,2748133,6,[512/k3→256/k1→512/k1→256/k3→512/k3→32/k1],0.230391,0.393041,false,weights,48
3,30,0.397730,1331461,4,[768/k3→128/k3→128/k3→1024/k1],0.322585,0.393041,false,add_layer,12
3,31,0.393041,1610245,4,[768/k3→128/k3→256/k3→1024/k1],0.334273,0.393041,false,weights,7
3,32,0.414431,1143301,5,[256/k3→256/k3→256/k1→128/k3→1024/k1],0.276719,0.393041,false,weights,49
3,33,0.414659,14314789,7,[32/k1→512/k3→512/k3→768/k3→1024/k1→768/k3→512/k1],0.308514,0.393041,false,weights,41
3,34,0.406448,2422021,5,[256/k3→256/k3→256/k1→512/k3→1024/k1],0.312002,0.393041,false,weights,19
3,35,0.408717,1754053,6,[768/k3→64/k1→768/k3→64/k3→1024/k3→64/k1],0.301524,0.393041,false,weights,36
3,36,0.414756,3168261,4,[512/k1→1024/k1→256/k1→1024/k3],0.305185,0.393041,false,weights,4
3,37,0.404983,2515941,5,[256/k1→512/k1→256/k3→512/k3→32/k1],0.379570,0.393041,false,remove_layer,48
3,38,0.401777,1593669,5,[64/k3→768/k3→128/k3→128/k3→768/k1],0.358055,0.393041,false,weights,10
3,39,0.403715,820933,5,[512/k3→32/k1→1024/k1→64/k1→1024/k3],0.310740,0.393041,false,weights,57
3,40,0.401046,830213,6,[512/k3→32/k1→32/k3→1024/k1→64/k1→1024/k3],0.325355,0.393041,false,add_layer,57
3,41,0.415290,1758277,7,[768/k3→64/k1→64/k1→768/k3→64/k3→1024/k3→64/k1],0.285072,0.393041,false,add_layer,36
3,42,0.417429,7464869,7,[32/k1→512/k3→512/k3→768/k3→1024/k1→64/k3→512/k1],0.306901,0.393041,false,weights,53
3,43,0.397706,1610245,4,[768/k3→128/k3→256/k3→1024/k1],0.330432,0.393041,false,weights,26
3,44,0.431465,591493,3,[128/k3→256/k3→1024/k1],0.397372,0.393041,false,remove_layer,63
3,45,0.408820,7064005,7,[768/k3→64/k1→768/k3→768/k3→64/k3→1024/k3→64/k1],0.314220,0.393041,false,add_layer,36
3,46,0.414670,698277,4,[32/k1→1024/k1→64/k1→1024/k3],0.398852,0.393041,false,remove_layer,57
3,47,0.425258,4218885,5,[512/k1→1024/k1→1024/k1→256/k1→1024/k3],0.263705,0.393041,false,add_layer,4
3,48,0.408768,1593669,5,[64/k3→768/k3→128/k3→128/k3→768/k1],0.335107,0.393041,false,weights,10
3,49,0.426221,2748133,6,[512/k3→256/k1→512/k1→256/k3→512/k3→32/k1],0.250802,0.393041,false,weights,48
3,50,0.403263,1559269,5,[512/k3→256/k1→512/k1→256/k3→32/k1],0.331057,0.393041,false,remove_layer,48
3,51,0.431495,1100741,5,[768/k3→64/k1→768/k3→64/k3→64/k1],0.349759,0.393041,false,remove_layer,46
3,52,0.415730,1626885,5,[768/k3→128/k3→128/k1→256/k3→1024/k1],0.289917,0.393041,false,add_layer,7
3,53,0.408379,4026245,7,[256/k3→1024/k3→128/k1→512/k1→1024/k1→768/k1→128/k1],0.295573,0.393041,false,weights,0
3,54,0.409061,1754053,6,[768/k3→64/k1→768/k3→64/k3→1024/k3→64/k1],0.298144,0.393041,false,weights,36
3,55,0.407228,2422021,5,[256/k3→256/k3→256/k1→512/k3→1024/k1],0.299133,0.393041,false,weights,19
3,56,0.449159,2422596,6,[23/k1→256/k3→256/k3→256/k1→512/k3→1024/k1],0.346551,0.393041,false,add_layer,19
3,57,0.405603,1593669,5,[64/k3→768/k3→128/k3→128/k3→768/k1],0.344610,0.393041,false,weights,10
3,58,0.420107,4026245,7,[256/k3→1024/k3→128/k1→512/k1→1024/k1→768/k1→128/k1],0.260619,0.393041,false,weights,0
3,59,0.396183,1020293,4,[768/k3→64/k3→256/k3→1024/k1],0.339048,0.393041,false,resize_layer,26
3,60,0.396976,1331461,4,[768/k3→128/k3→128/k3→1024/k1],0.324527,0.393041,false,add_layer,12
3,61,0.398203,820933,5,[512/k3→32/k1→1024/k1→64/k1→1024/k3],0.335545,0.393041,false,weights,57
3,62,0.423292,4026245,7,[256/k3→1024/k3→128/k1→512/k1→1024/k1→768/k1→128/k1],0.264814,0.393041,false,weights,34
3,63,0.399628,1610245,4,[768/k3→128/k3→256/k3→1024/k1],0.329779,0.393041,false,weights,63
4,0,0.421056,1610245,4,[768/k3→128/k3→256/k3→1024/k1],0.272786,0.390442,true,champion,31
4,1,0.429091,2422021,5,[256/k3→256/k3→256/k1→512/k3→1024/k1],0.250247,0.390442,false,weights,8
4,2,0.406793,10260165,6,[512/k3→32/k1→1024/k1→1024/k3→64/k1→1024/k3],0.298738,0.390442,false,weights,10
4,3,0.407533,1610245,4,[768/k3→128/k3→256/k3→1024/k1],0.303508,0.390442,false,weights,31
4,4,0.395692,954117,2,[768/k3→1024/k1],0.365395,0.390442,false,remove_layer,19
4,5,0.402318,820933,5,[512/k3→32/k1→1024/k1→64/k1→1024/k3],0.309474,0.390442,false,weights,61
4,6,0.413697,1610245,4,[768/k3→128/k3→256/k3→1024/k1],0.290734,0.390442,false,weights,63
4,7,0.399996,10260165,6,[512/k3→32/k1→1024/k1→1024/k3→64/k1→1024/k3],0.305165,0.390442,false,weights,10
4,8,0.413012,820933,5,[512/k3→32/k1→1024/k1→64/k1→1024/k3],0.287775,0.390442,false,weights,9
4,9,0.390442,4231941,3,[768/k3→512/k3→1024/k1],0.353924,0.390442,false,weights,6
4,10,0.395554,1302789,3,[256/k3→256/k1→512/k3],0.357164,0.390442,false,remove_layer,18
4,11,0.458813,9336197,8,[256/k3→1024/k3→128/k1→512/k1→1024/k1→768/k1→768/k3→128/k1],0.193768,0.390442,false,add_layer,1
4,12,0.402508,1020293,4,[768/k3→64/k3→256/k3→1024/k1],0.323039,0.390442,false,weights,59
4,13,0.400051,1342213,3,[768/k3→128/k3→256/k3],0.326715,0.390442,false,remove_layer,13
4,14,0.406609,820933,5,[512/k3→32/k1→1024/k1→64/k1→1024/k3],0.298442,0.390442,false,weights,9
4,15,0.401775,10260165,6,[512/k3→32/k1→1024/k1→1024/k3→64/k1→1024/k3],0.308906,0.390442,false,weights,10
4,16,0.399534,1831685,4,[256/k3→256/k1→512/k3→1024/k1],0.323771,0.390442,false,weights,18
4,17,0.399788,820933,5,[512/k3→32/k1→1024/k1→64/k1→1024/k3],0.308596,0.390442,false,weights,61
4,18,0.398315,1831685,4,[256/k3→256/k1→512/k3→1024/k1],0.319189,0.390442,false,weights,18
4,19,0.401964,1610245,4,[768/k3→128/k3→256/k3→1024/k1],0.300697,0.390442,false,resize_layer,60
4,20,0.391166,2199813,3,[768/k3→256/k3→1024/k1],0.341096,0.390442,false,weights,19
4,21,0.399630,1331461,4,[768/k3→128/k3→128/k3→1024/k1],0.306305,0.390442,false,weights,60
4,22,0.394955,1831685,4,[256/k3→256/k1→512/k3→1024/k1],0.337042,0.390442,false,weights,18
4,23,0.416370,2422021,5,[256/k3→256/k3→256/k1→512/k3→1024/k1],0.278136,0.390442,false,weights,8
4,24,0.418533,11049477,5,[768/k3→128/k3→256/k3→1024/k1→1024/k3],0.405512,0.390442,false,add_layer,28
4,25,0.406789,820933,5,[512/k3→32/k1→1024/k1→64/k1→1024/k3],0.289561,0.390442,false,weights,61
4,26,0.424781,1626885,5,[768/k3→128/k3→128/k1→256/k3→1024/k1],0.260681,0.390442,false,add_layer,28
4,27,0.414875,820933,5,[512/k3→32/k1→1024/k1→64/k1→1024/k3],0.285818,0.390442,false,weights,9
4,28,0.410737,1610245,4,[768/k3→128/k3→256/k3→1024/k1],0.299619,0.390442,false,weights,28
4,29,0.399879,1331461,4,[768/k3→128/k3→128/k3→1024/k1],0.312374,0.390442,false,weights,30
4,30,0.461547,11270917,5,[256/k3→256/k1→512/k3→1024/k1→1024/k3],0.454223,0.390442,false,add_layer,18
4,31,0.420179,1610245,4,[768/k3→128/k3→256/k3→1024/k1],0.280961,0.390442,false,weights,28
4,32,0.391075,4231941,3,[768/k3→512/k3→1024/k1],0.346804,0.390442,false,weights,6
4,33,0.399567,1331461,4,[768/k3→128/k3→128/k3→1024/k1],0.310878,0.390442,false,weights,60
4,34,0.392290,421701,3,[768/k3→32/k3→1024/k1],0.358079,0.390442,false,resize_layer,19
4,35,0.409085,882629,5,[768/k3→32/k1→1024/k1→64/k1→1024/k3],0.278085,0.390442,false,resize_layer,61
4,36,0.409435,1610245,4,[768/k3→128/k3→256/k3→1024/k1],0.295144,0.390442,false,weights,13
4,37,0.405396,1610245,4,[768/k3→128/k3→256/k3→1024/k1],0.304087,0.390442,false,weights,28
4,38,0.411701,820933,5,[512/k3→32/k1→1024/k1→64/k1→1024/k3],0.292460,0.390442,false,weights,9
4,39,0.426531,591493,3,[128/k3→256/k3→1024/k1],0.398588,0.390442,false,remove_layer,63
4,40,0.410901,820933,5,[512/k3→32/k1→1024/k1→64/k1→1024/k3],0.286782,0.390442,false,weights,61
4,41,0.443606,4026245,7,[256/k3→1024/k3→128/k1→512/k1→1024/k1→768/k1→128/k1],0.217678,0.390442,false,weights,1
4,42,0.392161,2199813,3,[768/k3→256/k3→1024/k1],0.346079,0.390442,false,weights,19
4,43,0.390444,8296197,3,[768/k3→1024/k3→1024/k1],0.351246,0.390442,false,resize_layer,19
4,44,0.448587,4026245,7,[256/k3→1024/k3→128/k1→512/k1→1024/k1→768/k1→128/k1],0.206615,0.390442,false,weights,1
4,45,0.397562,1831685,4,[256/k3→256/k1→512/k3→1024/k1],0.328342,0.390442,false,weights,18
4,46,0.444631,224261,4,[512/k3→32/k1→1024/k1→64/k1],0.434882,0.390442,false,remove_layer,61
4,47,0.397065,4192005,5,[256/k3→256/k1→512/k3→512/k3→1024/k1],0.322674,0.390442,false,add_layer,18
4,48,0.406210,1610245,4,[768/k3→128/k3→256/k3→1024/k1],0.303985,0.390442,false,weights,31
4,49,0.406093,1331461,4,[768/k3→128/k3→128/k3→1024/k1],0.301219,0.390442,false,weights,60
4,50,0.400894,1331461,4,[768/k3→128/k3→128/k3→1024/k1],0.309256,0.390442,false,weights,60
4,51,0.400770,1831685,4,[256/k3→256/k1→512/k3→1024/k1],0.331662,0.390442,false,weights,18
4,52,0.393673,9541893,4,[768/k3→768/k3→512/k3→1024/k1],0.360867,0.390442,false,add_layer,6
4,53,0.394702,2199813,3,[768/k3→256/k3→1024/k1],0.340460,0.390442,false,weights,19
4,54,0.420189,1615052,5,[23/k3→768/k3→128/k3→256/k3→1024/k1],0.341599,0.390442,false,add_layer,13
4,55,0.405198,3181253,6,[512/k3→512/k3→32/k1→1024/k1→64/k1→1024/k3],0.335620,0.390442,false,add_layer,9
4,56,0.395155,1193861,3,[768/k3→128/k3→128/k3],0.349117,0.390442,false,remove_layer,30
4,57,0.413486,10260165,6,[512/k3→32/k1→1024/k1→1024/k3→64/k1→1024/k3],0.283758,0.390442,false,weights,10
4,58,0.420625,2094085,5,[256/k3→128/k3→256/k1→512/k3→1024/k1],0.272183,0.390442,false,resize_layer,8
4,59,0.414159,1610245,4,[768/k3→128/k3→256/k3→1024/k1],0.293029,0.390442,false,weights,28
4,60,0.446617,4026245,7,[256/k3→1024/k3→128/k1→512/k1→1024/k1→768/k1→128/k1],0.211797,0.390442,false,weights,1
4,61,0.391678,2199813,3,[768/k3→256/k3→1024/k1],0.360214,0.390442,false,remove_layer,13
4,62,0.405587,1610245,4,[768/k3→128/k3→256/k3→1024/k1],0.301814,0.390442,false,weights,43
4,63,0.416434,820933,5,[512/k3→32/k1→1024/k1→64/k1→1024/k3],0.280647,0.390442,false,weights,9
5,0,0.400947,4231941,3,[768/k3→512/k3→1024/k1],0.310975,0.390442,true,champion,9
5,1,0.393782,2199813,3,[768/k3→256/k3→1024/k1],0.324223,0.390442,false,weights,20
5,2,0.392205,2199813,3,[768/k3→256/k3→1024/k1],0.325418,0.390442,false,weights,53
5,3,0.416873,4192005,5,[256/k3→256/k1→512/k3→512/k3→1024/k1],0.281026,0.390442,false,weights,47
5,4,0.405457,1950725,4,[512/k3→256/k1→512/k3→1024/k1],0.298628,0.390442,false,resize_layer,45
5,5,0.391495,8296197,3,[768/k3→1024/k3→1024/k1],0.339674,0.390442,false,weights,43
5,6,0.440386,210117,2,[768/k3→64/k1],0.429805,0.390442,false,resize_layer,4
5,7,0.399198,4231941,3,[768/k3→512/k3→1024/k1],0.320375,0.390442,false,weights,9
5,8,0.456363,175109,2,[128/k3→128/k3],0.432377,0.390442,false,remove_layer,56
5,9,0.393508,8296197,3,[768/k3→1024/k3→1024/k1],0.339521,0.390442,false,weights,43
5,10,0.396150,954117,2,[768/k3→1024/k1],0.363832,0.390442,false,remove_layer,61
5,11,0.439964,1832260,5,[23/k1→256/k3→256/k1→512/k3→1024/k1],0.360168,0.390442,false,add_layer,45
5,12,0.400515,2199813,3,[768/k3→256/k3→1024/k1],0.303113,0.390442,false,weights,53
5,13,0.407689,4192005,5,[256/k3→256/k1→512/k3→512/k3→1024/k1],0.298403,0.390442,false,weights,47
5,14,0.400210,1831685,4,[256/k3→256/k1→512/k3→1024/k1],0.311094,0.390442,false,weights,22
5,15,0.411529,1831685,4,[256/k3→256/k1→512/k3→1024/k1],0.296190,0.390442,false,weights,45
5,16,0.409196,1831685,4,[256/k3→256/k1→512/k3→1024/k1],0.291870,0.390442,false,weights,18
5,17,0.400647,14851845,5,[768/k3→768/k3→768/k3→512/k3→1024/k1],0.335441,0.390442,false,add_layer,52
5,18,0.395984,9541893,4,[768/k3→768/k3→512/k3→1024/k1],0.349743,0.390442,false,add_layer,9
5,19,0.408897,2204620,4,[23/k3→768/k3→256/k3→1024/k1],0.354895,0.390442,false,add_layer,42
5,20,0.409684,3966213,3,[768/k3→512/k3→512/k1],0.294001,0.390442,false,resize_layer,32
5,21,0.397248,4231941,3,[768/k3→512/k3→1024/k1],0.326796,0.390442,false,weights,9
5,22,0.395027,755717,2,[768/k3→768/k1],0.341427,0.390442,false,resize_layer,4
5,23,0.399360,4231941,3,[768/k3→512/k3→1024/k1],0.320519,0.390442,false,weights,9
5,24,0.413709,9546700,5,[23/k3→768/k3→768/k3→512/k3→1024/k1],0.352426,0.390442,false,add_layer,52
5,25,0.392907,2199813,3,[768/k3→256/k3→1024/k1],0.337019,0.390442,false,weights,61
5,26,0.393236,1931781,2,[768/k3→256/k3],0.365286,0.390442,false,remove_layer,42
5,27,0.421010,1698821,4,[256/k3→256/k1→512/k3→768/k1],0.271796,0.390442,false,resize_layer,45
5,28,0.412924,322821,2,[256/k3→1024/k1],0.395017,0.390442,false,remove_layer,42
5,29,0.408224,1831685,4,[256/k3→256/k1→512/k3→1024/k1],0.300416,0.390442,false,weights,45
5,30,0.394095,2199813,3,[768/k3→256/k3→1024/k1],0.344343,0.390442,false,resize_layer,34
5,31,0.395390,259717,2,[768/k3→128/k1],0.377747,0.390442,false,resize_layer,4
5,32,0.415958,1269765,2,[1024/k3→1024/k1],0.401097,0.390442,false,remove_layer,43
5,33,0.411765,1831685,4,[256/k3→256/k1→512/k3→1024/k1],0.290499,0.390442,false,weights,22
5,34,0.399867,1193861,3,[768/k3→128/k3→128/k3],0.320823,0.390442,false,weights,56
5,35,0.412136,2749701,5,[256/k3→256/k1→512/k3→256/k3→1024/k1],0.291584,0.390442,false,resize_layer,47
5,36,0.406180,8420997,3,[768/k3→1024/k3→128/k3],0.318244,0.390442,false,resize_layer,56
5,37,0.407841,1831685,4,[256/k3→256/k1→512/k3→1024/k1],0.294476,0.390442,false,weights,18
5,38,0.391279,1931781,2,[768/k3→256/k3],0.363597,0.390442,false,remove_layer,53
5,39,0.402731,4192005,5,[256/k3→256/k1→512/k3→512/k3→1024/k1],0.302253,0.390442,false,weights,47
5,40,0.401844,2199813,3,[768/k3→256/k3→1024/k1],0.306103,0.390442,false,weights,42
5,41,0.396951,4231941,3,[768/k3→512/k3→1024/k1],0.332610,0.390442,false,weights,32
5,42,0.415335,2094853,5,[256/k3→256/k1→512/k3→512/k1→1024/k1],0.275987,0.390442,false,add_layer,45
5,43,0.410666,1831685,4,[256/k3→256/k1→512/k3→1024/k1],0.296370,0.390442,false,weights,45
5,44,0.401747,3663109,4,[256/k3→256/k1→512/k3→512/k3],0.328013,0.390442,false,add_layer,10
5,45,0.391831,8296197,3,[768/k3→1024/k3→1024/k1],0.338485,0.390442,false,weights,43
5,46,0.403785,1302789,3,[256/k3→256/k1→512/k3],0.324377,0.390442,false,weights,10
5,47,0.392410,1556485,3,[512/k3→256/k3→1024/k1],0.333392,0.390442,false,resize_layer,42
5,48,0.411382,1831685,4,[256/k3→256/k1→512/k3→1024/k1],0.291445,0.390442,false,weights,45
5,49,0.404181,1302789,3,[256/k3→256/k1→512/k3],0.317161,0.390442,false,weights,10
5,50,0.431908,17735429,4,[768/k3→1024/k3→1024/k1→1024/k3],0.422400,0.390442,false,add_layer,43
5,51,0.410181,1302789,3,[256/k3→256/k1→512/k3],0.303661,0.390442,false,weights,10
5,52,0.394186,2199813,3,[768/k3→256/k3→1024/k1],0.333239,0.390442,false,weights,61
5,53,0.398072,2199813,3,[768/k3→256/k3→1024/k1],0.308708,0.390442,false,weights,53
5,54,0.404034,2199813,3,[768/k3→256/k3→1024/k1],0.303634,0.390442,false,weights,42
5,55,0.397211,2199813,3,[768/k3→256/k3→1024/k1],0.311925,0.390442,false,weights,20
5,56,0.405074,1831685,4,[256/k3→256/k1→512/k3→1024/k1],0.309942,0.390442,false,weights,45
5,57,0.409872,1831685,4,[256/k3→256/k1→512/k3→1024/k1],0.291257,0.390442,false,weights,18
5,58,0.398056,4231941,3,[768/k3→512/k3→1024/k1],0.330500,0.390442,false,weights,32
5,59,0.409788,3536645,4,[256/k3→256/k1→1024/k3→1024/k1],0.294542,0.390442,false,resize_layer,45
5,60,0.410634,1893125,4,[256/k3→256/k1→256/k3→512/k3],0.299316,0.390442,false,add_layer,10
5,61,0.393405,7509765,4,[768/k3→768/k3→256/k3→1024/k1],0.340967,0.390442,false,add_layer,42
5,62,0.399307,9541893,4,[768/k3→768/k3→512/k3→1024/k1],0.325362,0.390442,false,weights,52
5,63,0.394703,2199813,3,[768/k3→256/k3→1024/k1],0.327439,0.390442,false,weights,61
6,0,0.398209,1931781,2,[768/k3→256/k3],0.314102,0.390442,true,champion,38
6,1,0.401307,2199813,3,[768/k3→256/k3→1024/k1],0.300470,0.390442,false,weights,52
6,2,0.437303,1557060,4,[23/k1→512/k3→256/k3→1024/k1],0.357246,0.390442,false,add_layer,47
6,3,0.410814,2199813,3,[768/k3→256/k3→1024/k1],0.277079,0.390442,false,weights,1
6,4,0.401855,9541893,4,[768/k3→768/k3→512/k3→1024/k1],0.316408,0.390442,false,weights,18
6,5,0.393836,8296197,3,[768/k3→1024/k3→1024/k1],0.328206,0.390442,false,weights,45
6,6,0.398281,8296197,3,[768/k3→1024/k3→1024/k1],0.318679,0.390442,false,weights,45
6,7,0.400173,2199813,3,[768/k3→256/k3→1024/k1],0.307697,0.390442,false,weights,52
6,8,0.413845,322821,2,[256/k3→1024/k1],0.400773,0.390442,false,remove_layer,25
6,9,0.396185,755717,2,[768/k3→768/k1],0.324836,0.390442,false,weights,22
6,10,0.401134,2199813,3,[768/k3→256/k3→1024/k1],0.307498,0.390442,false,weights,2
6,11,0.400245,2199813,3,[768/k3→256/k3→1024/k1],0.310412,0.390442,false,weights,25
6,12,0.401441,1964165,3,[768/k3→256/k3→128/k1],0.320918,0.390442,false,resize_layer,52
6,13,0.398386,8296197,3,[768/k3→1024/k3→1024/k1],0.317444,0.390442,false,weights,45
6,14,0.396901,8296197,3,[768/k3→1024/k3→1024/k1],0.321319,0.390442,false,weights,9
6,15,0.398311,8296197,3,[768/k3→1024/k3→1024/k1],0.315439,0.390442,false,weights,45
6,16,0.400781,1556485,3,[512/k3→256/k3→1024/k1],0.298288,0.390442,false,weights,47
6,17,0.390678,1931781,2,[768/k3→256/k3],0.365855,0.390442,false,remove_layer,30
6,18,0.418871,1269765,2,[1024/k3→1024/k1],0.400445,0.390442,false,remove_layer,5
6,19,0.397639,8296197,3,[768/k3→1024/k3→1024/k1],0.314412,0.390442,false,weights,45
6,20,0.393177,9346821,4,[768/k3→1024/k3→1024/k1→1024/k1],0.339435,0.390442,false,add_layer,9
6,21,0.410680,13606149,4,[768/k3→768/k3→1024/k3→1024/k1],0.282072,0.390442,false,resize_layer,18
6,22,0.398631,2199813,3,[768/k3→256/k3→1024/k1],0.305601,0.390442,false,weights,1
6,23,0.404679,2199813,3,[768/k3→256/k3→1024/k1],0.295124,0.390442,false,weights,63
6,24,0.397564,8296197,3,[768/k3→1024/k3→1024/k1],0.318166,0.390442,false,weights,5
6,25,0.399574,259717,2,[768/k3→128/k1],0.338395,0.390442,false,weights,31
6,26,0.396090,954117,2,[768/k3→1024/k1],0.376664,0.390442,false,remove_layer,30
6,27,0.397279,591493,3,[128/k3→256/k3→1024/k1],0.341601,0.390442,false,resize_layer,52
6,28,0.405480,2199813,3,[768/k3→256/k3→1024/k1],0.290403,0.390442,false,weights,2
6,29,0.399691,8296197,3,[768/k3→1024/k3→1024/k1],0.311520,0.390442,false,weights,9
6,30,0.398492,8296197,3,[768/k3→1024/k3→1024/k1],0.317008,0.390442,false,weights,5
6,31,0.393347,755717,2,[768/k3→768/k1],0.332840,0.390442,false,weights,22
6,32,0.390777,1931781,2,[768/k3→256/k3],0.364111,0.390442,false,remove_layer,25
6,33,0.397944,2199813,3,[768/k3→256/k3→1024/k1],0.336947,0.390442,false,weights,30
6,34,0.399670,259717,2,[768/k3→128/k1],0.337575,0.390442,false,weights,31
6,35,0.396039,1931781,2,[768/k3→256/k3],0.318975,0.390442,false,weights,38
6,36,0.400149,173445,2,[512/k3→128/k1],0.341107,0.390442,false,resize_layer,31
6,37,0.405507,2199813,3,[768/k3→256/k3→1024/k1],0.290779,0.390442,false,weights,52
6,38,0.408847,9541893,4,[768/k3→768/k3→512/k3→1024/k1],0.301026,0.390442,false,weights,18
6,39,0.399583,2199813,3,[768/k3→256/k3→1024/k1],0.310384,0.390442,false,weights,2
6,40,0.396510,954117,2,[768/k3→1024/k1],0.359609,0.390442,false,remove_layer,52
6,41,0.398243,8296197,3,[768/k3→1024/k3→1024/k1],0.317427,0.390442,false,weights,5
6,42,0.397558,1931781,2,[768/k3→256/k3],0.320355,0.390442,false,weights,26
6,43,0.399792,2199813,3,[768/k3→256/k3→1024/k1],0.305854,0.390442,false,weights,63
6,44,0.391602,7245573,2,[768/k3→1024/k3],0.355459,0.390442,false,remove_layer,9
6,45,0.410085,2199813,3,[768/k3→256/k3→1024/k1],0.278101,0.390442,false,weights,2
6,46,0.396510,954117,2,[768/k3→1024/k1],0.359609,0.390442,false,remove_layer,52
6,47,0.413740,322821,2,[256/k3→1024/k1],0.400769,0.390442,false,remove_layer,52
6,48,0.404574,2199813,3,[768/k3→256/k3→1024/k1],0.293862,0.390442,false,weights,63
6,49,0.408086,10995717,4,[512/k3→256/k3→1024/k1→1024/k3],0.381162,0.390442,false,add_layer,47
6,50,0.404800,3916805,4,[512/k3→512/k3→256/k3→1024/k1],0.298616,0.390442,false,add_layer,47
6,51,0.394820,2199813,3,[768/k3→256/k3→1024/k1],0.341366,0.390442,false,weights,30
6,52,0.402005,2199813,3,[768/k3→256/k3→1024/k1],0.295496,0.390442,false,weights,1
6,53,0.406043,14851845,5,[768/k3→768/k3→768/k3→512/k3→1024/k1],0.317871,0.390442,false,add_layer,18
6,54,0.398476,1931781,2,[768/k3→256/k3],0.317646,0.390442,false,weights,38
6,55,0.397170,755717,2,[768/k3→768/k1],0.327226,0.390442,false,weights,22
6,56,0.398391,1931781,2,[768/k3→256/k3],0.319680,0.390442,false,weights,38
6,57,0.421381,16948997,5,[768/k3→768/k3→256/k3→1024/k1→1024/k3],0.401438,0.390442,false,add_layer,61
6,58,0.396021,2199813,3,[768/k3→256/k3→1024/k1],0.315431,0.390442,false,weights,25
6,59,0.393961,2199813,3,[768/k3→256/k3→1024/k1],0.319896,0.390442,false,weights,63
6,60,0.394201,8296197,3,[768/k3→1024/k3→1024/k1],0.327743,0.390442,false,weights,5
6,61,0.397163,1931781,2,[768/k3→256/k3],0.330554,0.390442,false,weights,26
6,62,0.406803,1556485,3,[512/k3→256/k3→1024/k1],0.284974,0.390442,false,weights,47
6,63,0.415620,4231941,3,[768/k3→512/k3→1024/k1],0.399413,0.390442,false,remove_layer,18
7,0,0.396906,1931781,2,[768/k3→256/k3],0.319834,0.390442,true,champion,17
7,1,0.397840,755717,2,[768/k3→768/k1],0.317657,0.390442,false,weights,31
7,2,0.402513,8296197,3,[768/k3→1024/k3→1024/k1],0.298794,0.390442,false,weights,14
7,3,0.408264,8296197,3,[768/k3→1024/k3→1024/k1],0.286839,0.390442,false,weights,5
7,4,0.408843,10393349,3,[768/k3→1024/k1→1024/k3],0.393533,0.390442,false,add_layer,26
7,5,0.409327,8296197,3,[768/k3→1024/k3→1024/k1],0.286865,0.390442,false,weights,14
7,6,0.403552,2199813,3,[768/k3→256/k3→1024/k1],0.295984,0.390442,false,weights,58
7,7,0.391025,1931781,2,[768/k3→256/k3],0.361160,0.390442,false,remove_layer,58
7,8,0.410188,11639045,4,[768/k3→256/k3→1024/k1→1024/k3],0.394204,0.390442,false,add_layer,59
7,9,0.406690,8296197,3,[768/k3→1024/k3→1024/k1],0.296920,0.390442,false,weights,14
7,10,0.399288,2199813,3,[768/k3→256/k3→1024/k1],0.331090,0.390442,false,weights,51
7,11,0.393660,259717,2,[768/k3→128/k1],0.366150,0.390442,false,resize_layer,9
7,12,0.395271,755717,2,[768/k3→768/k1],0.324863,0.390442,false,weights,31
7,13,0.393296,7245573,2,[768/k3→1024/k3],0.336589,0.390442,false,weights,44
7,14,0.413581,2791173,4,[768/k3→768/k1→256/k3→1024/k1],0.284763,0.390442,false,add_layer,51
7,15,0.398603,1964165,3,[768/k3→256/k3→128/k1],0.331962,0.390442,false,resize_layer,51
7,16,0.399390,755717,2,[768/k3→768/k1],0.316255,0.390442,false,weights,31
7,17,0.403767,8296197,3,[768/k3→1024/k3→1024/k1],0.299577,0.390442,false,weights,60
7,18,0.440822,8296772,4,[23/k1→768/k3→1024/k3→1024/k1],0.359246,0.390442,false,add_layer,60
7,19,0.394133,954117,2,[768/k3→1024/k1],0.343159,0.390442,false,weights,46
7,20,0.396246,755717,2,[768/k3→768/k1],0.321368,0.390442,false,weights,31
7,21,0.403740,8296197,3,[768/k3→1024/k3→1024/k1],0.300836,0.390442,false,weights,5
7,22,0.407149,8296197,3,[768/k3→1024/k3→1024/k1],0.288556,0.390442,false,weights,14
7,23,0.407188,2199813,3,[768/k3→256/k3→1024/k1],0.285554,0.390442,false,weights,58
7,24,0.435085,7246148,3,[23/k1→768/k3→1024/k3],0.374993,0.390442,false,add_layer,44
7,25,0.404001,8296197,3,[768/k3→1024/k3→1024/k1],0.296908,0.390442,false,weights,5
7,26,0.395431,3703045,2,[768/k3→512/k3],0.322473,0.390442,false,resize_layer,32
7,27,0.404316,421701,3,[768/k3→32/k3→1024/k1],0.342126,0.390442,false,resize_layer,5
7,28,0.395721,1931781,2,[768/k3→256/k3],0.327871,0.390442,false,weights,17
7,29,0.392623,1931781,2,[768/k3→256/k3],0.319333,0.390442,false,weights,35
7,30,0.396994,5883397,3,[512/k3→1024/k3→1024/k1],0.316808,0.390442,false,resize_layer,14
7,31,0.393405,954117,2,[768/k3→1024/k1],0.345968,0.390442,false,weights,40
7,32,0.396265,1931781,2,[768/k3→256/k3],0.317254,0.390442,false,weights,35
7,33,0.412733,2204620,4,[23/k3→768/k3→256/k3→1024/k1],0.355705,0.390442,false,add_layer,51
7,34,0.402598,2199813,3,[768/k3→256/k3→1024/k1],0.296273,0.390442,false,weights,58
7,35,0.424908,17735429,4,[768/k3→1024/k3→1024/k1→1024/k3],0.410523,0.390442,false,add_layer,5
7,36,0.396739,1931781,2,[768/k3→256/k3],0.313011,0.390442,false,weights,35
7,37,0.406465,1183749,3,[768/k3→128/k3→1024/k1],0.305117,0.390442,false,resize_layer,5
7,38,0.407955,8296197,3,[768/k3→1024/k3→1024/k1],0.282476,0.390442,false,weights,60
7,39,0.409370,164357,1,[768/k3],0.396625,0.390442,false,remove_layer,40
7,40,0.405750,2199813,3,[768/k3→256/k3→1024/k1],0.290386,0.390442,false,weights,58
7,41,0.413397,2791173,4,[768/k3→768/k1→256/k3→1024/k1],0.285313,0.390442,false,add_layer,51
7,42,0.415427,9346821,4,[768/k3→1024/k3→1024/k1→1024/k1],0.278657,0.390442,false,weights,20
7,43,0.413628,2790149,4,[768/k3→256/k3→256/k3→1024/k1],0.274140,0.390442,false,add_layer,58
7,44,0.405790,8296197,3,[768/k3→1024/k3→1024/k1],0.291754,0.390442,false,weights,60
7,45,0.395817,755717,2,[768/k3→768/k1],0.323593,0.390442,false,weights,31
7,46,0.393511,954117,2,[768/k3→1024/k1],0.353588,0.390442,false,weights,26
7,47,0.391799,7245573,2,[768/k3→1024/k3],0.347625,0.390442,false,remove_layer,14
7,48,0.392133,1931781,2,[768/k3→256/k3],0.358772,0.390442,false,remove_layer,59
7,49,0.392380,7245573,2,[768/k3→1024/k3],0.330356,0.390442,false,weights,44
7,50,0.393074,954117,2,[768/k3→1024/k1],0.356577,0.390442,false,weights,26
7,51,0.458211,54789,1,[256/k3],0.447475,0.390442,false,remove_layer,32
7,52,0.396332,755717,2,[768/k3→768/k1],0.320107,0.390442,false,weights,31
7,53,0.395485,954117,2,[768/k3→1024/k1],0.338006,0.390442,false,weights,40
7,54,0.408580,8296197,3,[768/k3→1024/k3→1024/k1],0.288580,0.390442,false,weights,14
7,55,0.395717,1931781,2,[768/k3→256/k3],0.321652,0.390442,false,weights,32
7,56,0.394832,954117,2,[768/k3→1024/k1],0.341601,0.390442,false,weights,40
7,57,0.429698,11639045,4,[768/k3→256/k3→1024/k1→1024/k3],0.416144,0.390442,false,add_layer,58
7,58,0.395936,1997829,3,[768/k3→256/k3→256/k1],0.322358,0.390442,false,add_layer,17
7,59,0.393599,1931781,2,[768/k3→256/k3],0.327185,0.390442,false,weights,32
7,60,0.396088,645125,2,[256/k3→256/k3],0.333634,0.390442,false,resize_layer,32
7,61,0.398800,1931781,2,[768/k3→256/k3],0.307040,0.390442,false,weights,32
7,62,0.407763,164357,1,[768/k3],0.394038,0.390442,false,remove_layer,31
7,63,0.394764,358917,2,[768/k3→256/k1],0.362609,0.390442,false,resize_layer,26
8,0,0.400164,1931781,2,[768/k3→256/k3],0.308074,0.389074,true,champion,7
8,1,0.399005,358917,2,[768/k3→256/k1],0.333727,0.389074,false,weights,63
8,2,0.413591,2523141,3,[768/k3→768/k1→256/k3],0.261750,0.389074,false,add_layer,29
8,3,0.396555,557317,2,[768/k3→512/k1],0.339723,0.389074,false,resize_layer,50
8,4,0.432946,1932356,3,[23/k1→768/k3→256/k3],0.367405,0.389074,false,add_layer,29
8,5,0.394832,7245573,2,[768/k3→1024/k3],0.327662,0.389074,false,resize_layer,7
8,6,0.397252,954117,2,[768/k3→1024/k1],0.325392,0.389074,false,weights,56
8,7,0.396714,954117,2,[768/k3→1024/k1],0.322927,0.389074,false,weights,31
8,8,0.444401,308773,2,[32/k3→1024/k3],0.375676,0.389074,false,resize_layer,13
8,9,0.432607,954692,3,[23/k1→768/k3→1024/k1],0.385377,0.389074,false,add_layer,56
8,10,0.399213,7245573,2,[768/k3→1024/k3],0.316029,0.389074,false,weights,13
8,11,0.399164,755717,2,[768/k3→768/k1],0.306644,0.389074,false,weights,12
8,12,0.394149,7245573,2,[768/k3→1024/k3],0.322399,0.389074,false,weights,47
8,13,0.399070,755717,2,[768/k3→768/k1],0.304691,0.389074,false,weights,12
8,14,0.393504,7245573,2,[768/k3→1024/k3],0.323820,0.389074,false,weights,47
8,15,0.408557,164357,1,[768/k3],0.394420,0.389074,false,remove_layer,31
8,16,0.399794,259717,2,[768/k3→128/k1],0.327297,0.389074,false,weights,11
8,17,0.396224,954117,2,[768/k3→1024/k1],0.324397,0.389074,false,weights,31
8,18,0.389074,6264069,3,[768/k3→768/k3→1024/k1],0.353621,0.389074,false,add_layer,50
8,19,0.396921,3703045,2,[768/k3→512/k3],0.318476,0.389074,false,resize_layer,47
8,20,0.417554,851077,3,[768/k3→768/k1→128/k1],0.276811,0.389074,false,add_layer,11
8,21,0.397098,1931781,2,[768/k3→256/k3],0.314187,0.389074,false,weights,59
8,22,0.393411,3703045,2,[768/k3→512/k3],0.316035,0.389074,false,weights,26
8,23,0.444758,54789,1,[256/k3],0.435838,0.389074,false,remove_layer,29
8,24,0.396308,322821,2,[256/k3→1024/k1],0.345892,0.389074,false,resize_layer,56
8,25,0.395434,954117,2,[768/k3→1024/k1],0.329456,0.389074,false,weights,31
8,26,0.540813,381925,2,[768/k3→32/k3],0.518372,0.389074,false,resize_layer,48
8,27,0.395266,7245573,2,[768/k3→1024/k3],0.322222,0.389074,false,weights,13
8,28,0.450348,219141,1,[1024/k3],0.413418,0.389074,false,remove_layer,47
8,29,0.396265,7245573,2,[768/k3→1024/k3],0.318952,0.389074,false,weights,13
8,30,0.398005,259717,2,[768/k3→128/k1],0.331918,0.389074,false,weights,11
8,31,0.400631,9658373,2,[1024/k3→1024/k3],0.302622,0.389074,false,resize_layer,13
8,32,0.397307,1236741,2,[256/k3→512/k3],0.321874,0.389074,false,resize_layer,26
8,33,0.394132,954117,2,[768/k3→1024/k1],0.335001,0.389074,false,weights,31
8,34,0.396239,358917,2,[768/k3→256/k1],0.338262,0.389074,false,weights,63
8,35,0.396494,1931781,2,[768/k3→256/k3],0.311585,0.389074,false,weights,59
8,36,0.396903,3703045,2,[768/k3→512/k3],0.315169,0.389074,false,weights,26
8,37,0.408724,164357,1,[768/k3],0.396160,0.389074,false,remove_layer,26
8,38,0.397361,7245573,2,[768/k3→1024/k3],0.316007,0.389074,false,weights,13
8,39,0.413646,958924,3,[23/k3→768/k3→1024/k1],0.366719,0.389074,false,add_layer,31
8,40,0.396360,954117,2,[768/k3→1024/k1],0.324651,0.389074,false,weights,56
8,41,0.396610,954117,2,[768/k3→1024/k1],0.327540,0.389074,false,weights,31
8,42,0.392254,3703045,2,[768/k3→512/k3],0.325162,0.389074,false,weights,26
8,43,0.396834,259717,2,[768/k3→128/k1],0.335130,0.389074,false,weights,11
8,44,0.393732,3703045,2,[768/k3→512/k3],0.323247,0.389074,false,weights,26
8,45,0.394352,954117,2,[768/k3→1024/k1],0.336539,0.389074,false,weights,19
8,46,0.394017,3703045,2,[768/k3→512/k3],0.324999,0.389074,false,weights,26
8,47,0.394697,7245573,2,[768/k3→1024/k3],0.325984,0.389074,false,weights,47
8,48,0.432776,82213,2,[32/k3→256/k3],0.384640,0.389074,false,resize_layer,48
8,49,0.395974,954117,2,[768/k3→1024/k1],0.329492,0.389074,false,weights,56
8,50,0.441689,1932356,3,[23/k1→768/k3→256/k3],0.364862,0.389074,false,add_layer,48
8,51,0.397535,755717,2,[768/k3→768/k1],0.313528,0.389074,false,weights,12
8,52,0.442197,3703620,3,[23/k1→768/k3→512/k3],0.371830,0.389074,false,add_layer,26
8,53,0.395566,954117,2,[768/k3→1024/k1],0.332134,0.389074,false,weights,56
8,54,0.394069,954117,2,[768/k3→1024/k1],0.341295,0.389074,false,weights,46
8,55,0.409237,30725,1,[1024/k1],0.404353,0.389074,false,remove_layer,56
8,56,0.406220,610373,2,[64/k3→1024/k3],0.364592,0.389074,false,resize_layer,49
8,57,0.391989,12555525,3,[768/k3→768/k3→1024/k3],0.345123,0.389074,false,add_layer,13
8,58,0.410726,30725,1,[1024/k1],0.406241,0.389074,false,remove_layer,46
8,59,0.396780,557317,2,[768/k3→512/k1],0.327394,0.389074,false,resize_layer,19
8,60,0.398100,164997,2,[128/k3→1024/k1],0.364066,0.389074,false,resize_layer,31
8,61,0.402215,1997829,3,[768/k3→256/k3→256/k1],0.306275,0.389074,false,add_layer,48
8,62,0.397029,1931781,2,[768/k3→256/k3],0.319316,0.389074,false,weights,48
8,63,0.399136,3703045,2,[768/k3→512/k3],0.303391,0.389074,false,weights,26
9,0,0.401339,6264069,3,[768/k3→768/k3→1024/k1],0.299174,0.389074,true,champion,18
9,1,0.399290,3703045,2,[768/k3→512/k3],0.302703,0.389074,false,weights,44
9,2,0.397262,954117,2,[768/k3→1024/k1],0.320005,0.389074,false,weights,45
9,3,0.399557,311877,2,[64/k3→512/k3],0.362555,0.389074,false,resize_layer,22
9,4,0.400615,1046149,2,[768/k3→128/k3],0.317025,0.389074,false,resize_layer,46
9,5,0.415014,6356101,3,[768/k3→768/k3→128/k3],0.285554,0.389074,false,resize_layer,57
9,6,0.401436,12555525,3,[768/k3→768/k3→1024/k3],0.303553,0.389074,false,weights,57
9,7,0.466961,5520069,3,[768/k3→768/k3→64/k1],0.416271,0.389074,false,resize_layer,18
9,8,0.409577,603333,2,[768/k3→64/k3],0.363845,0.389074,false,resize_layer,5
9,9,0.397248,954117,2,[768/k3→1024/k1],0.327663,0.389074,false,weights,54
9,10,0.399894,954117,2,[768/k3→1024/k1],0.314745,0.389074,false,weights,45
9,11,0.401779,3703045,2,[768/k3→512/k3],0.297930,0.389074,false,weights,42
9,12,0.402572,12555525,3,[768/k3→768/k3→1024/k3],0.302719,0.389074,false,weights,57
9,13,0.402056,3703045,2,[768/k3→512/k3],0.293482,0.389074,false,weights,42
9,14,0.531889,381925,2,[768/k3→32/k3],0.505292,0.389074,false,resize_layer,5
9,15,0.408712,164357,1,[768/k3],0.395664,0.389074,false,remove_layer,33
9,16,0.399245,954117,2,[768/k3→1024/k1],0.315657,0.389074,false,weights,53
9,17,0.394936,7245573,2,[768/k3→1024/k3],0.321567,0.389074,false,weights,5
9,18,0.394686,7245573,2,[768/k3→1024/k3],0.321404,0.389074,false,weights,5
9,19,0.414685,958924,3,[23/k3→768/k3→1024/k1],0.362088,0.389074,false,add_layer,54
9,20,0.394602,7245573,2,[768/k3→1024/k3],0.316401,0.389074,false,weights,14
9,21,0.389958,12555525,3,[768/k3→768/k3→1024/k3],0.343826,0.389074,false,add_layer,14
9,22,0.398173,3703045,2,[768/k3→512/k3],0.304728,0.389074,false,weights,22
9,23,0.401500,954117,2,[768/k3→1024/k1],0.306763,0.389074,false,weights,25
9,24,0.397598,7245573,2,[768/k3→1024/k3],0.306894,0.389074,false,weights,14
9,25,0.403310,7245573,2,[768/k3→1024/k3],0.294155,0.389074,false,weights,27
9,26,0.400120,3703045,2,[768/k3→512/k3],0.299035,0.389074,false,weights,42
9,27,0.395723,7245573,2,[768/k3→1024/k3],0.321975,0.389074,false,weights,5
9,28,0.404536,3966213,3,[768/k3→512/k3→512/k1],0.290252,0.389074,false,add_layer,42
9,29,0.437080,3703620,3,[23/k1→768/k3→512/k3],0.366929,0.389074,false,add_layer,44
9,30,0.399670,954117,2,[768/k3→1024/k1],0.313824,0.389074,false,weights,33
9,31,0.404138,3703045,2,[768/k3→512/k3],0.289438,0.389074,false,weights,42
9,32,0.400416,7245573,2,[768/k3→1024/k3],0.301254,0.389074,false,weights,12
9,33,0.396129,557317,2,[768/k3→512/k1],0.324490,0.389074,false,resize_layer,33
9,34,0.404936,3703045,2,[768/k3→512/k3],0.291560,0.389074,false,weights,46
9,35,0.391737,4231941,3,[768/k3→512/k3→1024/k1],0.327798,0.389074,false,resize_layer,18
9,36,0.408437,164357,1,[768/k3],0.395800,0.389074,false,remove_layer,5
9,37,0.397158,954117,2,[768/k3→1024/k1],0.318220,0.389074,false,weights,25
9,38,0.395070,7245573,2,[768/k3→1024/k3],0.316543,0.389074,false,weights,14
9,39,0.399410,3703045,2,[768/k3→512/k3],0.301202,0.389074,false,weights,46
9,40,0.400128,5474309,2,[768/k3→768/k3],0.309146,0.389074,false,resize_layer,5
9,41,0.399648,164997,2,[128/k3→1024/k1],0.361998,0.389074,false,resize_layer,53
9,42,0.397849,7245573,2,[768/k3→1024/k3],0.310787,0.389074,false,weights,5
9,43,0.396273,7245573,2,[768/k3→1024/k3],0.311558,0.389074,false,weights,47
9,44,0.402460,3966213,3,[768/k3→512/k3→512/k1],0.294284,0.389074,false,add_layer,44
9,45,0.398114,322821,2,[256/k3→1024/k1],0.335497,0.389074,false,resize_layer,25
9,46,0.445768,219141,1,[1024/k3],0.413927,0.389074,false,remove_layer,12
9,47,0.414505,7250380,3,[23/k3→768/k3→1024/k3],0.342661,0.389074,false,add_layer,27
9,48,0.397861,954117,2,[768/k3→1024/k1],0.325888,0.389074,false,weights,54
9,49,0.444351,219141,1,[1024/k3],0.414129,0.389074,false,remove_layer,27
9,50,0.397296,557317,2,[768/k3→512/k1],0.319732,0.389074,false,resize_layer,25
9,51,0.391142,7245573,2,[768/k3→1024/k3],0.324778,0.389074,false,weights,5
9,52,0.401542,7245573,2,[768/k3→1024/k3],0.299877,0.389074,false,weights,27
9,53,0.399081,8296197,3,[768/k3→1024/k3→1024/k1],0.315732,0.389074,false,add_layer,47
9,54,0.407964,164357,1,[768/k3],0.394405,0.389074,false,remove_layer,22
9,55,0.412757,3707852,3,[23/k3→768/k3→512/k3],0.351107,0.389074,false,add_layer,44
9,56,0.584387,185317,2,[768/k3→32/k1],0.586546,0.389074,false,resize_layer,45
9,57,0.392555,6264069,3,[768/k3→768/k3→1024/k1],0.324933,0.389074,false,weights,18
9,58,0.397371,954117,2,[768/k3→1024/k1],0.330044,0.389074,false,weights,54
9,59,0.399828,7245573,2,[768/k3→1024/k3],0.302735,0.389074,false,weights,14
9,60,0.401791,3703045,2,[768/k3→512/k3],0.296068,0.389074,false,weights,22
9,61,0.398044,3703045,2,[768/k3→512/k3],0.302088,0.389074,false,weights,42
9,62,0.394588,7245573,2,[768/k3→1024/k3],0.316086,0.389074,false,weights,14
9,63,0.402571,3703045,2,[768/k3→512/k3],0.301849,0.389074,false,weights,46
10,0,0.411355,12555525,3,[768/k3→768/k3→1024/k3],0.268773,0.389074,true,champion,21
10,1,0.399808,6264069,3,[768/k3→768/k3→1024/k1],0.298604,0.389074,false,weights,57
10,2,0.401018,557317,2,[768/k3→512/k1],0.303026,0.389074,false,weights,33
10,3,0.403453,6264069,3,[768/k3→768/k3→1024/k1],0.296472,0.389074,false,weights,57
10,4,0.421171,6855429,4,[768/k3→768/k1→768/k3→1024/k1],0.252462,0.389074,false,add_layer,57
10,5,0.399731,7245573,2,[768/k3→1024/k3],0.295090,0.389074,false,weights,20
10,6,0.401110,322821,2,[256/k3→1024/k1],0.335240,0.389074,false,resize_layer,9
10,7,0.398993,7245573,2,[768/k3→1024/k3],0.300147,0.389074,false,weights,20
10,8,0.404016,954117,2,[768/k3→1024/k1],0.299134,0.389074,false,weights,37
10,9,0.394438,7245573,2,[768/k3→1024/k3],0.313690,0.389074,false,weights,18
10,10,0.399273,17865477,4,[768/k3→768/k3→768/k3→1024/k3],0.308638,0.389074,false,add_layer,21
10,11,0.403428,4231941,3,[768/k3→512/k3→1024/k1],0.292777,0.389074,false,weights,35
10,12,0.401101,7245573,2,[768/k3→1024/k3],0.293075,0.389074,false,weights,20
10,13,0.403303,6264069,3,[768/k3→768/k3→1024/k1],0.295381,0.389074,false,weights,57
10,14,0.399232,557317,2,[768/k3→512/k1],0.308419,0.389074,false,weights,33
10,15,0.403052,6264069,3,[768/k3→768/k3→1024/k1],0.293275,0.389074,false,weights,57
10,16,0.407718,164357,1,[768/k3],0.395062,0.389074,false,remove_layer,20
10,17,0.420489,4495109,4,[768/k3→512/k3→512/k1→1024/k1],0.257770,0.389074,false,add_layer,35
10,18,0.397105,7245573,2,[768/k3→1024/k3],0.306183,0.389074,false,weights,17
10,19,0.403289,7245573,2,[768/k3→1024/k3],0.294093,0.389074,false,weights,62
10,20,0.400219,7245573,2,[768/k3→1024/k3],0.299739,0.389074,false,weights,62
10,21,0.404411,820485,3,[768/k3→512/k1→512/k1],0.294974,0.389074,false,add_layer,50
10,22,0.400248,7245573,2,[768/k3→1024/k3],0.296047,0.389074,false,weights,20
10,23,0.419733,15365,1,[512/k1],0.415125,0.389074,false,remove_layer,33
10,24,0.440109,603333,2,[768/k3→64/k3],0.406695,0.389074,false,resize_layer,43
10,25,0.408251,164357,1,[768/k3],0.394702,0.389074,false,remove_layer,18
10,26,0.391573,6264069,3,[768/k3→768/k3→1024/k1],0.335804,0.389074,false,add_layer,9
10,27,0.400151,557317,2,[768/k3→512/k1],0.306221,0.389074,false,weights,50
10,28,0.395880,7245573,2,[768/k3→1024/k3],0.311214,0.389074,false,weights,17
10,29,0.394027,7245573,2,[768/k3→1024/k3],0.314754,0.389074,false,weights,27
10,30,0.401806,557317,2,[768/k3→512/k1],0.302079,0.389074,false,weights,50
10,31,0.405852,6264069,3,[768/k3→768/k3→1024/k1],0.287483,0.389074,false,weights,57
10,32,0.398040,7245573,2,[768/k3→1024/k3],0.303418,0.389074,false,weights,43
10,33,0.400080,954117,2,[768/k3→1024/k1],0.308079,0.389074,false,weights,2
10,34,0.397214,11574021,4,[768/k3→768/k3→768/k3→1024/k1],0.311975,0.389074,false,add_layer,57
10,35,0.397226,7245573,2,[768/k3→1024/k3],0.309308,0.389074,false,weights,51
10,36,0.395846,4231941,3,[768/k3→512/k3→1024/k1],0.307946,0.389074,false,weights,35
10,37,0.396555,7245573,2,[768/k3→1024/k3],0.314501,0.389074,false,weights,17
10,38,0.407806,164357,1,[768/k3],0.395407,0.389074,false,remove_layer,43
10,39,0.430122,7246148,3,[23/k1→768/k3→1024/k3],0.365485,0.389074,false,add_layer,20
10,40,0.396433,7245573,2,[768/k3→1024/k3],0.308215,0.389074,false,weights,51
10,41,0.399784,7245573,2,[768/k3→1024/k3],0.294725,0.389074,false,weights,20
10,42,0.399365,7245573,2,[768/k3→1024/k3],0.308333,0.389074,false,weights,27
10,43,0.401092,6264069,3,[768/k3→768/k3→1024/k1],0.297969,0.389074,false,weights,57
10,44,0.406498,755717,2,[768/k3→768/k1],0.304445,0.389074,false,resize_layer,9
10,45,0.437082,7246148,3,[23/k1→768/k3→1024/k3],0.358438,0.389074,false,add_layer,62
10,46,0.416143,7250380,3,[23/k3→768/k3→1024/k3],0.343058,0.389074,false,add_layer,62
10,47,0.397965,557317,2,[768/k3→512/k1],0.310453,0.389074,false,weights,50
10,48,0.402569,954117,2,[768/k3→1024/k1],0.311054,0.389074,false,weights,9
10,49,0.407475,4231941,3,[768/k3→512/k3→1024/k1],0.286555,0.389074,false,weights,35
10,50,0.399826,7245573,2,[768/k3→1024/k3],0.297388,0.389074,false,weights,43
10,51,0.391134,5474309,2,[768/k3→768/k3],0.345550,0.389074,false,remove_layer,21
10,52,0.413606,13671173,4,[768/k3→512/k3→1024/k1→1024/k3],0.384946,0.389074,false,add_layer,35
10,53,0.397583,954117,2,[768/k3→1024/k1],0.333858,0.389074,false,remove_layer,35
10,54,0.395717,2419973,2,[256/k3→1024/k3],0.323666,0.389074,false,resize_layer,18
10,55,0.398874,7245573,2,[768/k3→1024/k3],0.301449,0.389074,false,weights,38
10,56,0.401503,7245573,2,[768/k3→1024/k3],0.298358,0.389074,false,weights,62
10,57,0.416973,26661,2,[32/k3→512/k1],0.401190,0.389074,false,resize_layer,33
10,58,0.399688,7314693,4,[768/k3→768/k3→1024/k1→1024/k1],0.305656,0.389074,false,add_layer,57
10,59,0.397717,2618117,3,[256/k3→768/k3→1024/k1],0.309623,0.389074,false,resize_layer,57
10,60,0.401458,954117,2,[768/k3→1024/k1],0.306434,0.389074,false,weights,2
10,61,0.402932,9658373,2,[1024/k3→1024/k3],0.294309,0.389074,false,resize_layer,18
10,62,0.398551,7245573,2,[768/k3→1024/k3],0.304560,0.389074,false,weights,27
10,63,0.401313,7245573,2,[768/k3→1024/k3],0.289893,0.389074,false,weights,38
11,0,0.399926,5474309,2,[768/k3→768/k3],0.302261,0.389074,true,champion,51
11,1,0.401477,7245573,2,[768/k3→1024/k3],0.297754,0.389074,false,weights,29
11,2,0.413864,4231941,3,[768/k3→512/k3→1024/k1],0.270629,0.389074,false,weights,36
11,3,0.401805,7245573,2,[768/k3→1024/k3],0.288910,0.389074,false,weights,40
11,4,0.403502,7245573,2,[768/k3→1024/k3],0.288967,0.389074,false,weights,9
11,5,0.400588,2419973,2,[256/k3→1024/k3],0.309816,0.389074,false,weights,54
11,6,0.403540,557317,2,[768/k3→512/k1],0.293697,0.389074,false,weights,47
11,7,0.403881,5474309,2,[768/k3→768/k3],0.291780,0.389074,false,resize_layer,9
11,8,0.396351,2419973,2,[256/k3→1024/k3],0.315448,0.389074,false,weights,54
11,9,0.444627,7246148,3,[23/k1→768/k3→1024/k3],0.355569,0.389074,false,add_layer,29
11,10,0.405108,11574021,4,[768/k3→768/k3→768/k3→1024/k1],0.283581,0.389074,false,weights,34
11,11,0.411886,30725,1,[1024/k1],0.407890,0.389074,false,remove_layer,53
11,12,0.401059,2419973,2,[256/k3→1024/k3],0.307291,0.389074,false,weights,54
11,13,0.416002,4231941,3,[768/k3→512/k3→1024/k1],0.261380,0.389074,false,weights,36
11,14,0.411270,201413,2,[256/k3→64/k3],0.370030,0.389074,false,resize_layer,54
11,15,0.432857,308773,2,[32/k3→1024/k3],0.378345,0.389074,false,resize_layer,29
11,16,0.398956,954117,2,[768/k3→1024/k1],0.322048,0.389074,false,weights,53
11,17,0.402512,2419973,2,[256/k3→1024/k3],0.305776,0.389074,false,weights,54
11,18,0.402344,7245573,2,[768/k3→1024/k3],0.292817,0.389074,false,weights,40
11,19,0.437282,219141,1,[1024/k3],0.416622,0.389074,false,remove_layer,18
11,20,0.396421,7245573,2,[768/k3→1024/k3],0.301902,0.389074,false,weights,18
11,21,0.413343,7836933,3,[768/k3→768/k1→1024/k3],0.266035,0.389074,false,add_layer,28
11,22,0.396581,7245573,2,[768/k3→1024/k3],0.304493,0.389074,false,weights,40
11,23,0.439043,7246148,3,[23/k1→768/k3→1024/k3],0.350571,0.389074,false,add_layer,32
11,24,0.396923,2419973,2,[256/k3→1024/k3],0.316958,0.389074,false,resize_layer,35
11,25,0.407889,2618117,3,[256/k3→768/k3→1024/k1],0.287318,0.389074,false,weights,59
11,26,0.437568,308773,2,[32/k3→1024/k3],0.373742,0.389074,false,resize_layer,32
11,27,0.402313,7245573,2,[768/k3→1024/k3],0.291409,0.389074,false,weights,29
11,28,0.401215,4231941,3,[768/k3→512/k3→1024/k1],0.305412,0.389074,false,resize_layer,26
11,29,0.402641,16684805,3,[768/k3→1024/k3→1024/k3],0.307884,0.389074,false,add_layer,18
11,30,0.449255,2618692,4,[23/k1→256/k3→768/k3→1024/k1],0.343879,0.389074,false,add_layer,59
11,31,0.404162,7245573,2,[768/k3→1024/k3],0.288361,0.389074,false,weights,37
11,32,0.402781,4832773,2,[512/k3→1024/k3],0.298754,0.389074,false,resize_layer,28
11,33,0.415279,11574021,4,[768/k3→768/k3→768/k3→1024/k1],0.265935,0.389074,false,weights,34
11,34,0.401261,7245573,2,[768/k3→1024/k3],0.293773,0.389074,false,weights,29
11,35,0.402198,7245573,2,[768/k3→1024/k3],0.289601,0.389074,false,weights,40
11,36,0.404406,2618117,3,[256/k3→768/k3→1024/k1],0.289155,0.389074,false,weights,59
11,37,0.399298,6264069,3,[768/k3→768/k3→1024/k1],0.308761,0.389074,false,weights,26
11,38,0.412890,4231941,3,[768/k3→512/k3→1024/k1],0.269773,0.389074,false,weights,36
11,39,0.392416,5474309,2,[768/k3→768/k3],0.322305,0.389074,false,weights,51
11,40,0.403522,7245573,2,[768/k3→1024/k3],0.291772,0.389074,false,weights,37
11,41,0.438827,7246148,3,[23/k1→768/k3→1024/k3],0.364398,0.389074,false,add_layer,37
11,42,0.398927,6264069,3,[768/k3→768/k3→1024/k1],0.308831,0.389074,false,remove_layer,34
11,43,0.401036,7245573,2,[768/k3→1024/k3],0.295779,0.389074,false,weights,29
11,44,0.396145,7245573,2,[768/k3→1024/k3],0.304852,0.389074,false,weights,29
11,45,0.401565,6264069,3,[768/k3→768/k3→1024/k1],0.300838,0.389074,false,weights,26
11,46,0.398393,7245573,2,[768/k3→1024/k3],0.297870,0.389074,false,weights,35
11,47,0.403820,7245573,2,[768/k3→1024/k3],0.290253,0.389074,false,weights,9
11,48,0.410348,954117,2,[768/k3→1024/k1],0.396187,0.389074,false,remove_layer,26
11,49,0.402014,7245573,2,[768/k3→1024/k3],0.295937,0.389074,false,weights,40
11,50,0.400772,2419973,2,[256/k3→1024/k3],0.307537,0.389074,false,weights,54
11,51,0.398370,6264069,3,[768/k3→768/k3→1024/k1],0.306382,0.389074,false,weights,26
11,52,0.408496,2618117,3,[256/k3→768/k3→1024/k1],0.280773,0.389074,false,weights,59
11,53,0.411462,11574021,4,[768/k3→768/k3→768/k3→1024/k1],0.270826,0.389074,false,weights,34
11,54,0.399302,7245573,2,[768/k3→1024/k3],0.301252,0.389074,false,weights,35
11,55,0.402306,6264069,3,[768/k3→768/k3→1024/k1],0.297447,0.389074,false,weights,26
11,56,0.398046,2618117,3,[256/k3→768/k3→1024/k1],0.324188,0.389074,false,resize_layer,26
11,57,0.407913,164357,1,[768/k3],0.394893,0.389074,false,remove_layer,18
11,58,0.405042,11574021,4,[768/k3→768/k3→768/k3→1024/k1],0.294294,0.389074,false,weights,34
11,59,0.398420,7245573,2,[768/k3→1024/k3],0.302824,0.389074,false,weights,35
11,60,0.416245,7250380,3,[23/k3→768/k3→1024/k3],0.348265,0.389074,false,add_layer,18
11,61,0.399949,7245573,2,[768/k3→1024/k3],0.294571,0.389074,false,weights,35
11,62,0.399765,8296197,3,[768/k3→1024/k3→1024/k1],0.302950,0.389074,false,add_layer,28
11,63,0.401277,2419973,2,[256/k3→1024/k3],0.304913,0.389074,false,weights,54
12,0,0.399287,5474309,2,[768/k3→768/k3],0.293910,0.387821,true,champion,39
12,1,0.406226,6264069,3,[768/k3→768/k3→1024/k1],0.285224,0.387821,false,weights,51
12,2,0.397080,7297285,2,[1024/k3→768/k3],0.298686,0.387821,false,resize_layer,39
12,3,0.391832,5474309,2,[768/k3→768/k3],0.334983,0.387821,false,remove_layer,37
12,4,0.403957,7245573,2,[768/k3→1024/k3],0.287433,0.387821,false,weights,59
12,5,0.407505,6264069,3,[768/k3→768/k3→1024/k1],0.279580,0.387821,false,weights,51
12,6,0.438710,7246148,3,[23/k1→768/k3→1024/k3],0.356677,0.387821,false,add_layer,22
12,7,0.419761,5668869,3,[768/k3→768/k3→256/k1],0.256181,0.387821,false,resize_layer,51
12,8,0.402830,954117,2,[768/k3→1024/k1],0.310863,0.387821,false,weights,16
12,9,0.404970,7245573,2,[768/k3→1024/k3],0.284239,0.387821,false,weights,20
12,10,0.419590,6264069,3,[768/k3→768/k3→1024/k1],0.247812,0.387821,false,weights,37
12,11,0.439230,7246148,3,[23/k1→768/k3→1024/k3],0.363150,0.387821,false,add_layer,54
12,12,0.406790,7245573,2,[768/k3→1024/k3],0.279824,0.387821,false,weights,59
12,13,0.412758,11574021,4,[768/k3→768/k3→768/k3→1024/k1],0.279741,0.387821,false,add_layer,37
12,14,0.411037,8296197,3,[768/k3→1024/k3→1024/k1],0.277069,0.387821,false,weights,62
12,15,0.403559,2618117,3,[256/k3→768/k3→1024/k1],0.300128,0.387821,false,weights,56
12,16,0.404917,7245573,2,[768/k3→1024/k3],0.282944,0.387821,false,weights,20
12,17,0.408950,8296197,3,[768/k3→1024/k3→1024/k1],0.277371,0.387821,false,weights,62
12,18,0.403084,322821,2,[256/k3→1024/k1],0.324657,0.387821,false,resize_layer,16
12,19,0.404834,7245573,2,[768/k3→1024/k3],0.286854,0.387821,false,weights,59
12,20,0.402580,2419973,2,[256/k3→1024/k3],0.301087,0.387821,false,weights,8
12,21,0.408214,7245573,2,[768/k3→1024/k3],0.278275,0.387821,false,weights,44
12,22,0.405153,7245573,2,[768/k3→1024/k3],0.284895,0.387821,false,weights,22
12,23,0.407697,954117,2,[768/k3→1024/k1],0.299179,0.387821,false,weights,16
12,24,0.402176,7245573,2,[768/k3→1024/k3],0.288206,0.387821,false,weights,59
12,25,0.400819,3703045,2,[768/k3→512/k3],0.294670,0.387821,false,resize_layer,39
12,26,0.417144,6264069,3,[768/k3→768/k3→1024/k1],0.255719,0.387821,false,weights,51
12,27,0.408659,7245573,2,[768/k3→1024/k3],0.275778,0.387821,false,weights,22
12,28,0.413026,6264069,3,[768/k3→768/k3→1024/k1],0.271753,0.387821,false,weights,51
12,29,0.403429,2004741,3,[768/k3→1024/k1→1024/k1],0.306902,0.387821,false,add_layer,16
12,30,0.429310,308773,2,[32/k3→1024/k3],0.378625,0.387821,false,resize_layer,46
12,31,0.406056,2419973,2,[256/k3→1024/k3],0.294950,0.387821,false,weights,8
12,32,0.405800,7245573,2,[768/k3→1024/k3],0.284726,0.387821,false,weights,22
12,33,0.414139,6264069,3,[768/k3→768/k3→1024/k1],0.271032,0.387821,false,weights,42
12,34,0.401638,7245573,2,[768/k3→1024/k3],0.289249,0.387821,false,weights,44
12,35,0.411564,6264069,3,[768/k3→768/k3→1024/k1],0.269093,0.387821,false,weights,37
12,36,0.400346,7245573,2,[768/k3→1024/k3],0.289168,0.387821,false,weights,54
12,37,0.401767,2419973,2,[256/k3→1024/k3],0.305888,0.387821,false,weights,24
12,38,0.402241,7245573,2,[768/k3→1024/k3],0.288536,0.387821,false,weights,22
12,39,0.403267,15703301,4,[768/k3→768/k3→1024/k1→1024/k3],0.376696,0.387821,false,add_layer,51
12,40,0.395268,5474309,2,[768/k3→768/k3],0.303788,0.387821,false,weights,0
12,41,0.400449,7245573,2,[768/k3→1024/k3],0.288743,0.387821,false,weights,22
12,42,0.417012,6268876,4,[23/k3→768/k3→768/k3→1024/k1],0.329713,0.387821,false,add_layer,51
12,43,0.403836,954117,2,[768/k3→1024/k1],0.308288,0.387821,false,weights,16
12,44,0.397041,358917,2,[768/k3→256/k1],0.343341,0.387821,false,resize_layer,16
12,45,0.405302,7245573,2,[768/k3→1024/k3],0.281894,0.387821,false,weights,46
12,46,0.407217,6264069,3,[768/k3→768/k3→1024/k1],0.279634,0.387821,false,weights,51
12,47,0.401158,7245573,2,[768/k3→1024/k3],0.294682,0.387821,false,weights,46
12,48,0.413000,30725,1,[1024/k1],0.408310,0.387821,false,remove_layer,16
12,49,0.400602,2419973,2,[256/k3→1024/k3],0.306161,0.387821,false,weights,24
12,50,0.401360,7245573,2,[768/k3→1024/k3],0.290347,0.387821,false,weights,46
12,51,0.445078,219141,1,[1024/k3],0.423694,0.387821,false,remove_layer,44
12,52,0.405231,6264069,3,[768/k3→768/k3→1024/k1],0.284860,0.387821,false,weights,37
12,53,0.402197,2419973,2,[256/k3→1024/k3],0.301272,0.387821,false,weights,24
12,54,0.409443,1269765,2,[1024/k3→1024/k1],0.296832,0.387821,false,resize_layer,16
12,55,0.405931,638469,2,[512/k3→1024/k1],0.309612,0.387821,false,resize_layer,16
12,56,0.399427,322821,2,[256/k3→1024/k1],0.332686,0.387821,false,remove_layer,56
12,57,0.406737,7245573,2,[768/k3→1024/k3],0.279391,0.387821,false,weights,59
12,58,0.405684,7245573,2,[768/k3→1024/k3],0.282127,0.387821,false,weights,44
12,59,0.387821,5474309,2,[768/k3→768/k3],0.317056,0.387821,false,weights,0
12,60,0.399427,322821,2,[256/k3→1024/k1],0.332686,0.387821,false,remove_layer,56
12,61,0.537073,127461,2,[256/k3→32/k3],0.513661,0.387821,false,resize_layer,24
12,62,0.395820,5474309,2,[768/k3→768/k3],0.304331,0.387821,false,weights,39
12,63,0.409065,164357,1,[768/k3],0.394938,0.387821,false,remove_layer,22
13,0,0.410168,5474309,2,[768/k3→768/k3],0.269392,0.387821,true,champion,59
13,1,0.398504,5474309,2,[768/k3→768/k3],0.296005,0.387821,false,weights,40
13,2,0.394671,3703045,2,[768/k3→512/k3],0.298160,0.387821,false,weights,25
13,3,0.406430,7245573,2,[768/k3→1024/k3],0.272440,0.387821,false,weights,41
13,4,0.409040,164357,1,[768/k3],0.394487,0.387821,false,remove_layer,47
13,5,0.403907,7245573,2,[768/k3→1024/k3],0.279032,0.387821,false,weights,41
13,6,0.404622,2419973,2,[256/k3→1024/k3],0.291578,0.387821,false,weights,49
13,7,0.391364,7297285,2,[1024/k3→768/k3],0.314415,0.387821,false,weights,2
13,8,0.404599,7245573,2,[768/k3→1024/k3],0.278703,0.387821,false,weights,36
13,9,0.436008,109573,1,[512/k3],0.423763,0.387821,false,remove_layer,25
13,10,0.395946,7888645,3,[1024/k3→768/k3→768/k1],0.310830,0.387821,false,add_layer,2
13,11,0.395998,916869,2,[128/k3→768/k3],0.338900,0.387821,false,resize_layer,62
13,12,0.399787,5474309,2,[768/k3→768/k3],0.292002,0.387821,false,weights,40
13,13,0.415064,7302092,3,[23/k3→1024/k3→768/k3],0.362151,0.387821,false,add_layer,2
13,14,0.409516,7245573,2,[768/k3→1024/k3],0.269247,0.387821,false,weights,50
13,15,0.399842,5474309,2,[768/k3→768/k3],0.291732,0.387821,false,weights,40
13,16,0.403229,5474309,2,[768/k3→768/k3],0.285275,0.387821,false,weights,59
13,17,0.414153,1931781,2,[768/k3→256/k3],0.267103,0.387821,false,resize_layer,47
13,18,0.397363,3703045,2,[768/k3→512/k3],0.290082,0.387821,false,weights,25
13,19,0.444321,219141,1,[1024/k3],0.424728,0.387821,false,remove_layer,34
13,20,0.390880,7297285,2,[1024/k3→768/k3],0.323488,0.387821,false,weights,2
13,21,0.396889,5474309,2,[768/k3→768/k3],0.308842,0.387821,false,weights,3
13,22,0.396342,5474309,2,[768/k3→768/k3],0.296352,0.387821,false,weights,62
13,23,0.396662,3703045,2,[768/k3→512/k3],0.291667,0.387821,false,weights,25
13,24,0.399326,5474309,2,[768/k3→768/k3],0.294685,0.387821,false,weights,40
13,25,0.416130,7836933,3,[768/k3→768/k1→1024/k3],0.253106,0.387821,false,add_layer,34
13,26,0.414254,7245573,2,[768/k3→1024/k3],0.265362,0.387821,false,weights,47
13,27,0.404138,7245573,2,[768/k3→1024/k3],0.276308,0.387821,false,resize_layer,0
13,28,0.415537,388869,3,[256/k3→256/k1→1024/k1],0.292896,0.387821,false,add_layer,60
13,29,0.392237,5474309,2,[768/k3→768/k3],0.305494,0.387821,false,weights,62
13,30,0.403734,7245573,2,[768/k3→1024/k3],0.279152,0.387821,false,weights,34
13,31,0.412822,7245573,2,[768/k3→1024/k3],0.266170,0.387821,false,weights,47
13,32,0.412918,7245573,2,[768/k3→1024/k3],0.264635,0.387821,false,weights,34
13,33,0.417141,7302092,3,[23/k3→1024/k3→768/k3],0.364063,0.387821,false,add_layer,2
13,34,0.396926,5474309,2,[768/k3→768/k3],0.300969,0.387821,false,weights,62
13,35,0.527742,381925,2,[768/k3→32/k3],0.493479,0.387821,false,resize_layer,34
13,36,0.393698,3703045,2,[768/k3→512/k3],0.304028,0.387821,false,weights,25
13,37,0.406288,2419973,2,[256/k3→1024/k3],0.289286,0.387821,false,weights,49
13,38,0.405304,7245573,2,[768/k3→1024/k3],0.274876,0.387821,false,weights,50
13,39,0.403477,322821,2,[256/k3→1024/k1],0.318977,0.387821,false,weights,60
13,40,0.394753,5474309,2,[768/k3→768/k3],0.300684,0.387821,false,weights,62
13,41,0.406675,4832773,2,[512/k3→1024/k3],0.281895,0.387821,false,resize_layer,47
13,42,0.401993,164357,1,[768/k3],0.375602,0.387821,false,remove_layer,3
13,43,0.405500,7245573,2,[768/k3→1024/k3],0.282480,0.387821,false,weights,34
13,44,0.410010,7245573,2,[768/k3→1024/k3],0.270292,0.387821,false,weights,36
13,45,0.394637,5474309,2,[768/k3→768/k3],0.316661,0.387821,false,weights,3
13,46,0.403432,358917,2,[768/k3→256/k1],0.316269,0.387821,false,weights,44
13,47,0.404199,461125,2,[64/k3→768/k3],0.358057,0.387821,false,resize_layer,2
13,48,0.395237,5474309,2,[768/k3→768/k3],0.303815,0.387821,false,weights,0
13,49,0.404835,7245573,2,[768/k3→1024/k3],0.282245,0.387821,false,weights,47
13,50,0.404753,164357,1,[768/k3],0.388838,0.387821,false,remove_layer,44
13,51,0.430700,308773,2,[32/k3→1024/k3],0.377559,0.387821,false,resize_layer,41
13,52,0.401337,3703045,2,[768/k3→512/k3],0.288979,0.387821,false,weights,25
13,53,0.403441,322821,2,[256/k3→1024/k1],0.319037,0.387821,false,weights,60
13,54,0.402577,164357,1,[768/k3],0.378036,0.387821,false,remove_layer,59
13,55,0.394894,5474309,2,[768/k3→768/k3],0.302745,0.387821,false,weights,62
13,56,0.395998,916869,2,[128/k3→768/k3],0.338900,0.387821,false,resize_layer,62
13,57,0.427548,54789,1,[256/k3],0.419703,0.387821,false,remove_layer,49
13,58,0.402114,6063365,3,[768/k3→512/k3→512/k3],0.300181,0.387821,false,add_layer,25
13,59,0.398918,5474309,2,[768/k3→768/k3],0.302497,0.387821,false,weights,3
13,60,0.399239,3703045,2,[768/k3→512/k3],0.292349,0.387821,false,weights,25
13,61,0.417630,7250380,3,[23/k3→768/k3→1024/k3],0.345171,0.387821,false,add_layer,41
13,62,0.403521,164997,2,[128/k3→1024/k1],0.338551,0.387821,false,resize_layer,60
13,63,0.406262,7245573,2,[768/k3→1024/k3],0.275794,0.387821,false,weights,36
14,0,0.407756,7297285,2,[1024/k3→768/k3],0.273653,0.387821,true,champion,20
14,1,0.402339,311877,2,[64/k3→512/k3],0.350863,0.387821,false,resize_layer,36
14,2,0.400329,1497605,3,[1024/k3→128/k3→768/k1],0.306959,0.387821,false,resize_layer,10
14,3,0.408849,6065669,3,[768/k3→768/k3→768/k1],0.270507,0.387821,false,add_layer,48
14,4,0.400249,5474309,2,[768/k3→768/k3],0.284503,0.387821,false,weights,40
14,5,0.408983,6063365,3,[768/k3→512/k3→512/k3],0.282148,0.387821,false,add_layer,23
14,6,0.407301,7297285,2,[1024/k3→768/k3],0.273732,0.387821,false,weights,7
14,7,0.413646,8480005,4,[1024/k3→768/k3→768/k1→768/k1],0.257374,0.387821,false,add_layer,10
14,8,0.403547,7297285,2,[1024/k3→768/k3],0.286182,0.387821,false,weights,20
14,9,0.438508,164357,1,[768/k3],0.417329,0.387821,false,remove_layer,40
14,10,0.399822,7297285,2,[1024/k3→768/k3],0.289729,0.387821,false,weights,7
14,11,0.397758,5474309,2,[768/k3→768/k3],0.290792,0.387821,false,weights,40
14,12,0.440844,5474884,3,[23/k1→768/k3→768/k3],0.354423,0.387821,false,add_layer,22
14,13,0.402322,5474309,2,[768/k3→768/k3],0.283639,0.387821,false,weights,55
14,14,0.410702,5474309,2,[768/k3→768/k3],0.263666,0.387821,false,resize_layer,2
14,15,0.399775,916869,2,[128/k3→768/k3],0.319239,0.387821,false,weights,11
14,16,0.408880,6065669,3,[768/k3→768/k3→768/k1],0.270683,0.387821,false,add_layer,48
14,17,0.407119,7888645,3,[1024/k3→768/k3→768/k1],0.272392,0.387821,false,weights,10
14,18,0.438508,164357,1,[768/k3],0.417329,0.387821,false,remove_layer,40
14,19,0.405586,5474309,2,[768/k3→768/k3],0.274909,0.387821,false,weights,40
14,20,0.455440,164357,1,[768/k3],0.417782,0.387821,false,remove_layer,20
14,21,0.398662,3651333,2,[512/k3→768/k3],0.291894,0.387821,false,resize_layer,34
14,22,0.404419,7297285,2,[1024/k3→768/k3],0.283614,0.387821,false,weights,20
14,23,0.405840,13198597,4,[1024/k3→768/k3→768/k3→768/k1],0.286138,0.387821,false,add_layer,10
14,24,0.402785,164357,1,[768/k3],0.378629,0.387821,false,remove_layer,22
14,25,0.405715,5474309,2,[768/k3→768/k3],0.275978,0.387821,false,weights,48
14,26,0.404022,5474309,2,[768/k3→768/k3],0.276960,0.387821,false,weights,22
14,27,0.400239,916869,2,[128/k3→768/k3],0.317888,0.387821,false,weights,11
14,28,0.414884,7888645,3,[1024/k3→768/k3→768/k1],0.260797,0.387821,false,weights,10
14,29,0.403110,5474309,2,[768/k3→768/k3],0.279378,0.387821,false,weights,29
14,30,0.439569,27397,1,[128/k3],0.441826,0.387821,false,remove_layer,56
14,31,0.404521,7888645,3,[1024/k3→768/k3→768/k1],0.284785,0.387821,false,weights,10
14,32,0.412553,7245573,2,[768/k3→1024/k3],0.259827,0.387821,false,resize_layer,55
14,33,0.400694,1508229,3,[128/k3→768/k3→768/k1],0.317435,0.387821,false,add_layer,56
14,34,0.398007,1931781,2,[768/k3→256/k3],0.307513,0.387821,false,resize_layer,34
14,35,0.406698,5474309,2,[768/k3→768/k3],0.271694,0.387821,false,weights,22
14,36,0.402976,5474309,2,[768/k3→768/k3],0.280758,0.387821,false,weights,40
14,37,0.406351,3703045,2,[768/k3→512/k3],0.274668,0.387821,false,resize_layer,34
14,38,0.398943,7297285,2,[1024/k3→768/k3],0.292943,0.387821,false,remove_layer,10
14,39,0.408792,3703045,2,[768/k3→512/k3],0.266458,0.387821,false,weights,2
14,40,0.408761,6065669,3,[768/k3→768/k3→768/k1],0.270574,0.387821,false,add_layer,48
14,41,0.419029,921676,3,[23/k3→128/k3→768/k3],0.358402,0.387821,false,add_layer,56
14,42,0.402218,10784261,3,[768/k3→768/k3→768/k3],0.299096,0.387821,false,add_layer,55
14,43,0.397711,916869,2,[128/k3→768/k3],0.320883,0.387821,false,weights,56
14,44,0.401775,164357,1,[768/k3],0.374187,0.387821,false,remove_layer,21
14,45,0.452612,164357,1,[768/k3],0.418660,0.387821,false,remove_layer,7
14,46,0.405218,7297285,2,[1024/k3→768/k3],0.277349,0.387821,false,resize_layer,34
14,47,0.402243,5474309,2,[768/k3→768/k3],0.284022,0.387821,false,weights,22
14,48,0.398647,5474309,2,[768/k3→768/k3],0.294098,0.387821,false,weights,45
14,49,0.444616,603333,2,[768/k3→64/k3],0.401172,0.387821,false,resize_layer,23
14,50,0.422574,164357,1,[768/k3],0.420510,0.387821,false,remove_layer,56
14,51,0.402032,5474309,2,[768/k3→768/k3],0.282377,0.387821,false,weights,29
14,52,0.411283,3703045,2,[768/k3→512/k3],0.259360,0.387821,false,weights,2
14,53,0.399262,5474309,2,[768/k3→768/k3],0.295159,0.387821,false,weights,21
14,54,0.409696,3703045,2,[768/k3→512/k3],0.267287,0.387821,false,weights,2
14,55,0.403790,5474309,2,[768/k3→768/k3],0.278164,0.387821,false,weights,29
14,56,0.402605,3703045,2,[768/k3→512/k3],0.279246,0.387821,false,weights,23
14,57,0.402177,5474309,2,[768/k3→768/k3],0.283212,0.387821,false,weights,22
14,58,0.401387,620165,2,[128/k3→512/k3],0.315561,0.387821,false,resize_layer,11
14,59,0.411189,5474309,2,[768/k3→768/k3],0.263740,0.387821,false,weights,40
14,60,0.404532,5474309,2,[768/k3→768/k3],0.278372,0.387821,false,weights,55
14,61,0.403397,7888645,3,[1024/k3→768/k3→768/k1],0.282374,0.387821,false,weights,10
14,62,0.406606,7888645,3,[1024/k3→768/k3→768/k1],0.280622,0.387821,false,weights,10
14,63,0.408001,10445061,3,[1024/k3→1024/k3→768/k1],0.273424,0.387821,false,resize_layer,10
15,0,0.404639,916869,2,[128/k3→768/k3],0.298329,0.387821,true,champion,43
15,1,0.405885,5474309,2,[768/k3→768/k3],0.272883,0.387821,false,weights,4
15,2,0.404053,3651333,2,[512/k3→768/k3],0.279039,0.387821,false,weights,21
15,3,0.429353,130437,2,[128/k3→768/k1],0.409033,0.387821,false,remove_layer,2
15,4,0.406339,1508229,3,[128/k3→768/k3→768/k1],0.296627,0.387821,false,weights,33
15,5,0.409549,3651333,2,[512/k3→768/k3],0.263872,0.387821,false,weights,21
15,6,0.401472,7297285,2,[1024/k3→768/k3],0.285382,0.387821,false,weights,38
15,7,0.403828,5474309,2,[768/k3→768/k3],0.275158,0.387821,false,weights,11
15,8,0.412332,5474309,2,[768/k3→768/k3],0.259559,0.387821,false,weights,11
15,9,0.438017,5474884,3,[23/k1→768/k3→768/k3],0.369646,0.387821,false,add_layer,48
15,10,0.399142,5474309,2,[768/k3→768/k3],0.287135,0.387821,false,weights,48
15,11,0.403110,7297285,2,[1024/k3→768/k3],0.279925,0.387821,false,weights,10
15,12,0.401794,916869,2,[128/k3→768/k3],0.307070,0.387821,false,weights,43
15,13,0.401698,7888645,3,[1024/k3→768/k3→768/k1],0.287163,0.387821,false,add_layer,10
15,14,0.428015,109573,1,[512/k3],0.426189,0.387821,false,remove_layer,58
15,15,0.402345,5474309,2,[768/k3→768/k3],0.282727,0.387821,false,weights,48
15,16,0.406471,5474309,2,[768/k3→768/k3],0.271005,0.387821,false,weights,51
15,17,0.443450,164357,1,[768/k3],0.417918,0.387821,false,remove_layer,10
15,18,0.428043,1514245,4,[1024/k3→128/k3→128/k1→768/k1],0.251506,0.387821,false,add_layer,2
15,19,0.406674,5474309,2,[768/k3→768/k3],0.272537,0.387821,false,weights,11
15,20,0.412147,5474309,2,[768/k3→768/k3],0.255930,0.387821,false,weights,51
15,21,0.421399,603333,2,[768/k3→64/k3],0.362146,0.387821,false,resize_layer,34
15,22,0.454010,54789,1,[256/k3],0.444113,0.387821,false,remove_layer,34
15,23,0.401078,1828357,2,[256/k3→768/k3],0.301683,0.387821,false,resize_layer,48
15,24,0.403098,916869,2,[128/k3→768/k3],0.300048,0.387821,false,weights,27
15,25,0.402544,219141,1,[1024/k3],0.377362,0.387821,false,remove_layer,38
15,26,0.395002,1005829,2,[1024/k3→768/k1],0.366969,0.387821,false,remove_layer,2
15,27,0.447977,620740,3,[23/k1→128/k3→512/k3],0.374666,0.387821,false,add_layer,58
15,28,0.423117,164357,1,[768/k3],0.420834,0.387821,false,remove_layer,43
15,29,0.405507,5474309,2,[768/k3→768/k3],0.268612,0.387821,false,weights,4
15,30,0.443450,164357,1,[768/k3],0.417918,0.387821,false,remove_layer,10
15,31,0.429352,130437,2,[128/k3→768/k1],0.409033,0.387821,false,remove_layer,2
15,32,0.400605,5474309,2,[768/k3→768/k3],0.283975,0.387821,false,weights,48
15,33,0.402933,219141,1,[1024/k3],0.377945,0.387821,false,remove_layer,10
15,34,0.439833,620740,3,[23/k1→128/k3→512/k3],0.378055,0.387821,false,add_layer,58
15,35,0.439277,3651908,3,[23/k1→512/k3→768/k3],0.351506,0.387821,false,add_layer,21
15,36,0.397586,5474309,2,[768/k3→768/k3],0.290227,0.387821,false,weights,48
15,37,0.398929,164357,1,[768/k3],0.365776,0.387821,false,weights,44
15,38,0.390850,10936837,4,[1024/k3→1024/k3→128/k3→768/k1],0.329716,0.387821,false,add_layer,2
15,39,0.407149,5474309,2,[768/k3→768/k3],0.268184,0.387821,false,weights,51
15,40,0.408081,5474309,2,[768/k3→768/k3],0.268505,0.387821,false,weights,11
15,41,0.402024,1508229,3,[128/k3→768/k3→768/k1],0.305682,0.387821,false,add_layer,43
15,42,0.404074,5474309,2,[768/k3→768/k3],0.273502,0.387821,false,weights,4
15,43,0.398811,5474309,2,[768/k3→768/k3],0.291381,0.387821,false,weights,48
15,44,0.406102,5474309,2,[768/k3→768/k3],0.269581,0.387821,false,weights,51
15,45,0.400124,1508229,3,[128/k3→768/k3→768/k1],0.306987,0.387821,false,weights,33
15,46,0.404391,5474309,2,[768/k3→768/k3],0.273627,0.387821,false,weights,11
15,47,0.436754,164357,1,[768/k3],0.418279,0.387821,false,remove_layer,51
15,48,0.402813,164357,1,[768/k3],0.378369,0.387821,false,remove_layer,34
15,49,0.399241,916869,2,[128/k3→768/k3],0.315520,0.387821,false,weights,15
15,50,0.396882,916869,2,[128/k3→768/k3],0.318554,0.387821,false,weights,15
15,51,0.400122,916869,2,[128/k3→768/k3],0.311490,0.387821,false,weights,15
15,52,0.399473,164357,1,[768/k3],0.366701,0.387821,false,weights,44
15,53,0.401267,5474309,2,[768/k3→768/k3],0.281919,0.387821,false,weights,4
15,54,0.397387,916869,2,[128/k3→768/k3],0.316076,0.387821,false,weights,43
15,55,0.438234,27397,1,[128/k3],0.439971,0.387821,false,remove_layer,43
15,56,0.398498,10784261,3,[768/k3→768/k3→768/k3],0.303298,0.387821,false,add_layer,53
15,57,0.429352,130437,2,[128/k3→768/k1],0.409033,0.387821,false,remove_layer,2
15,58,0.399289,164357,1,[768/k3],0.366681,0.387821,false,weights,44
15,59,0.402413,10784261,3,[768/k3→768/k3→768/k3],0.299953,0.387821,false,add_layer,51
15,60,0.396791,5474309,2,[768/k3→768/k3],0.295336,0.387821,false,weights,48
15,61,0.398738,916869,2,[128/k3→768/k3],0.317698,0.387821,false,weights,43
15,62,0.401561,916869,2,[128/k3→768/k3],0.308717,0.387821,false,weights,27
15,63,0.400881,5474309,2,[768/k3→768/k3],0.281576,0.387821,false,weights,48
16,0,0.415348,10936837,4,[1024/k3→1024/k3→128/k3→768/k1],0.264722,0.387821,true,champion,38
16,1,0.436589,27397,1,[128/k3],0.438216,0.387821,false,remove_layer,54
16,2,0.405984,916869,2,[128/k3→768/k3],0.297423,0.387821,false,weights,50
16,3,0.453850,100933,2,[128/k3→64/k3],0.439701,0.387821,false,resize_layer,50
16,4,0.423017,164357,1,[768/k3],0.420313,0.387821,false,remove_layer,51
16,5,0.410249,5474309,2,[768/k3→768/k3],0.259861,0.387821,false,weights,10
16,6,0.439543,27397,1,[128/k3],0.442096,0.387821,false,remove_layer,50
16,7,0.409071,1508229,3,[128/k3→768/k3→768/k1],0.288998,0.387821,false,add_layer,51
16,8,0.410842,1508229,3,[128/k3→768/k3→768/k1],0.281374,0.387821,false,weights,45
16,9,0.399077,164357,1,[768/k3],0.357224,0.387821,false,remove_layer,52
16,10,0.400043,7888645,3,[1024/k3→768/k3→768/k1],0.365061,0.387821,false,resize_layer,45
16,11,0.438964,5474884,3,[23/k1→768/k3→768/k3],0.355775,0.387821,false,add_layer,36
16,12,0.393934,5474309,2,[768/k3→768/k3],0.361168,0.387821,false,add_layer,58
16,13,0.431696,27397,1,[128/k3],0.431252,0.387821,false,resize_layer,52
16,14,0.407090,54789,1,[256/k3],0.393515,0.387821,false,resize_layer,58
16,15,0.400321,916869,2,[128/k3→768/k3],0.302443,0.387821,false,weights,54
16,16,0.398035,164357,1,[768/k3],0.357475,0.387821,false,remove_layer,37
16,17,0.413039,6065669,3,[768/k3→768/k3→768/k1],0.255858,0.387821,false,add_layer,10
16,18,0.410426,10784261,3,[768/k3→768/k3→768/k3],0.270167,0.387821,false,weights,56
16,19,0.407820,7297285,2,[1024/k3→768/k3],0.377502,0.387821,false,resize_layer,49
16,20,0.407089,5474309,2,[768/k3→768/k3],0.267361,0.387821,false,weights,36
16,21,0.405649,10784261,3,[768/k3→768/k3→768/k3],0.289230,0.387821,false,add_layer,10
16,22,0.393246,5474309,2,[768/k3→768/k3],0.363752,0.387821,false,add_layer,52
16,23,0.418978,10936837,4,[1024/k3→1024/k3→128/k3→768/k1],0.268477,0.387821,false,weights,38
16,24,0.404249,916869,2,[128/k3→768/k3],0.295871,0.387821,false,weights,54
16,25,0.438370,164357,1,[768/k3],0.419430,0.387821,false,remove_layer,43
16,26,0.440148,164932,2,[23/k1→768/k3],0.403150,0.387821,false,add_layer,37
16,27,0.397915,164357,1,[768/k3],0.362140,0.387821,false,weights,37
16,28,0.423584,164357,1,[768/k3],0.421204,0.387821,false,remove_layer,49
16,29,0.398361,6226821,3,[128/k3→768/k3→768/k3],0.339049,0.387821,false,add_layer,61
16,30,0.403870,916869,2,[128/k3→768/k3],0.300530,0.387821,false,weights,61
16,31,0.420369,169164,2,[23/k3→768/k3],0.386664,0.387821,false,add_layer,37
16,32,0.398433,164357,1,[768/k3],0.360811,0.387821,false,weights,58
16,33,0.423678,233253,2,[32/k3→768/k3],0.378212,0.387821,false,resize_layer,10
16,34,0.404783,5474309,2,[768/k3→768/k3],0.275167,0.387821,false,weights,43
16,35,0.440456,27397,1,[128/k3],0.441739,0.387821,false,remove_layer,51
16,36,0.410832,5474309,2,[768/k3→768/k3],0.395445,0.387821,false,remove_layer,56
16,37,0.398379,164357,1,[768/k3],0.361673,0.387821,false,weights,37
16,38,0.408231,5474309,2,[768/k3→768/k3],0.264361,0.387821,false,weights,60
16,39,0.402457,916869,2,[128/k3→768/k3],0.302776,0.387821,false,weights,50
16,40,0.410967,5474309,2,[768/k3→768/k3],0.260076,0.387821,false,weights,43
16,41,0.405269,5474309,2,[768/k3→768/k3],0.271511,0.387821,false,weights,43
16,42,0.404848,916869,2,[128/k3→768/k3],0.295355,0.387821,false,weights,54
16,43,0.403394,219141,1,[1024/k3],0.379530,0.387821,false,remove_layer,26
16,44,0.404750,916869,2,[128/k3→768/k3],0.299694,0.387821,false,remove_layer,45
16,45,0.402121,916869,2,[128/k3→768/k3],0.302784,0.387821,false,weights,49
16,46,0.403643,5474309,2,[768/k3→768/k3],0.370280,0.387821,false,resize_layer,61
16,47,0.403035,5474309,2,[768/k3→768/k3],0.275240,0.387821,false,weights,36
16,48,0.406922,5474309,2,[768/k3→768/k3],0.268772,0.387821,false,weights,60
16,49,0.404370,5474309,2,[768/k3→768/k3],0.274401,0.387821,false,weights,10
16,50,0.594782,937829,3,[128/k3→768/k3→32/k1],0.563322,0.387821,false,resize_layer,45
16,51,0.415347,933509,3,[128/k3→128/k1→768/k3],0.283496,0.387821,false,add_layer,50
16,52,0.396580,323461,2,[128/k3→256/k3],0.334010,0.387821,false,resize_layer,61
16,53,0.403680,916869,2,[128/k3→768/k3],0.300952,0.387821,false,weights,50
16,54,0.397696,164357,1,[768/k3],0.360611,0.387821,false,weights,37
16,55,0.404190,916869,2,[128/k3→768/k3],0.300833,0.387821,false,weights,49
16,56,0.410144,1508229,3,[128/k3→768/k3→768/k1],0.285464,0.387821,false,weights,45
16,57,0.416590,10784261,3,[768/k3→768/k3→768/k3],0.245250,0.387821,false,weights,56
16,58,0.405050,916869,2,[128/k3→768/k3],0.297251,0.387821,false,weights,50
16,59,0.430062,11987461,5,[1024/k3→1024/k1→1024/k3→128/k3→768/k1],0.232789,0.387821,false,add_layer,38
16,60,0.399077,164357,1,[768/k3],0.357225,0.387821,false,remove_layer,52
16,61,0.414161,10784261,3,[768/k3→768/k3→768/k3],0.256214,0.387821,false,weights,56
16,62,0.438193,164932,2,[23/k1→768/k3],0.402246,0.387821,false,add_layer,52
16,63,0.419904,10936837,4,[1024/k3→1024/k3→128/k3→768/k1],0.261988,0.387821,false,weights,38
17,0,0.396404,5474309,2,[768/k3→768/k3],0.310595,0.387821,true,champion,22
17,1,0.406492,323461,2,[128/k3→256/k3],0.301181,0.387821,false,weights,52
17,2,0.398049,164357,1,[768/k3],0.356921,0.387821,false,weights,32
17,3,0.406141,54789,1,[256/k3],0.391177,0.387821,false,resize_layer,37
17,4,0.415174,1064581,3,[128/k3→128/k3→768/k3],0.273060,0.387821,false,add_layer,39
17,5,0.394061,5474309,2,[768/k3→768/k3],0.321384,0.387821,false,weights,22
17,6,0.396706,6065669,3,[768/k3→768/k3→768/k1],0.311122,0.387821,false,add_layer,22
17,7,0.411682,5479116,3,[23/k3→768/k3→768/k3],0.365791,0.387821,false,add_layer,12
17,8,0.397424,164357,1,[768/k3],0.356572,0.387821,false,weights,54
17,9,0.404803,323461,2,[128/k3→256/k3],0.304725,0.387821,false,weights,52
17,10,0.406099,916869,2,[128/k3→768/k3],0.289286,0.387821,false,weights,15
17,11,0.409727,5474309,2,[768/k3→768/k3],0.259113,0.387821,false,weights,47
17,12,0.438540,27397,1,[128/k3],0.439391,0.387821,false,remove_layer,15
17,13,0.397949,164357,1,[768/k3],0.357467,0.387821,false,weights,27
17,14,0.398270,4242693,3,[512/k3→768/k3→768/k1],0.319522,0.387821,false,resize_layer,10
17,15,0.397737,164357,1,[768/k3],0.358535,0.387821,false,weights,27
17,16,0.403896,916869,2,[128/k3→768/k3],0.291834,0.387821,false,weights,15
17,17,0.397446,164357,1,[768/k3],0.355414,0.387821,false,weights,9
17,18,0.399004,7888645,3,[1024/k3→768/k3→768/k1],0.339071,0.387821,false,weights,10
17,19,0.398158,164357,1,[768/k3],0.357210,0.387821,false,weights,27
17,20,0.397790,164357,1,[768/k3],0.356847,0.387821,false,weights,32
17,21,0.399238,164357,1,[768/k3],0.363817,0.387821,false,remove_layer,12
17,22,0.408475,323461,2,[128/k3→256/k3],0.298093,0.387821,false,weights,52
17,23,0.397271,164357,1,[768/k3],0.356774,0.387821,false,weights,54
17,24,0.399301,164357,1,[768/k3],0.354222,0.387821,false,weights,60
17,25,0.398297,164357,1,[768/k3],0.359440,0.387821,false,weights,37
17,26,0.407566,6226821,3,[128/k3→768/k3→768/k3],0.296623,0.387821,false,weights,29
17,27,0.424195,169164,2,[23/k3→768/k3],0.390248,0.387821,false,add_layer,9
17,28,0.606899,6853,1,[32/k3],0.612833,0.387821,false,resize_layer,60
17,29,0.397894,164357,1,[768/k3],0.355735,0.387821,false,weights,60
17,30,0.406467,916869,2,[128/k3→768/k3],0.290078,0.387821,false,weights,45
17,31,0.399217,164357,1,[768/k3],0.350362,0.387821,false,remove_layer,60
17,32,0.406568,916869,2,[128/k3→768/k3],0.288333,0.387821,false,weights,39
17,33,0.410197,5474309,2,[768/k3→768/k3],0.254332,0.387821,false,weights,47
17,34,0.442372,54789,1,[256/k3],0.443896,0.387821,false,remove_layer,52
17,35,0.408429,6226821,3,[128/k3→768/k3→768/k3],0.291334,0.387821,false,weights,29
17,36,0.438748,324036,3,[23/k1→128/k3→256/k3],0.377723,0.387821,false,add_layer,52
17,37,0.424598,164357,1,[768/k3],0.420817,0.387821,false,remove_layer,15
17,38,0.395635,5474309,2,[768/k3→768/k3],0.323020,0.387821,false,weights,12
17,39,0.423993,5479116,3,[23/k3→768/k3→768/k3],0.327032,0.387821,false,add_layer,47
17,40,0.407579,916869,2,[128/k3→768/k3],0.286300,0.387821,false,weights,15
17,41,0.397858,164357,1,[768/k3],0.354808,0.387821,false,weights,9
17,42,0.401776,323461,2,[128/k3→256/k3],0.310583,0.387821,false,weights,52
17,43,0.398467,164357,1,[768/k3],0.354617,0.387821,false,remove_layer,37
17,44,0.398090,164357,1,[768/k3],0.352068,0.387821,false,remove_layer,16
17,45,0.396924,164357,1,[768/k3],0.359221,0.387821,false,weights,27
17,46,0.394143,5474309,2,[768/k3→768/k3],0.364450,0.387821,false,add_layer,27
17,47,0.393248,5474309,2,[768/k3→768/k3],0.323437,0.387821,false,weights,12
17,48,0.404018,323461,2,[128/k3→256/k3],0.304302,0.387821,false,weights,52
17,49,0.412368,6226821,3,[128/k3→768/k3→768/k3],0.285687,0.387821,false,weights,29
17,50,0.406530,916869,2,[128/k3→768/k3],0.291743,0.387821,false,weights,15
17,51,0.389488,5474309,2,[768/k3→768/k3],0.332967,0.387821,false,weights,12
17,52,0.393741,5474309,2,[768/k3→768/k3],0.366207,0.387821,false,add_layer,54
17,53,0.397637,164357,1,[768/k3],0.356586,0.387821,false,weights,16
17,54,0.403628,323461,2,[128/k3→256/k3],0.307773,0.387821,false,weights,52
17,55,0.398684,164357,1,[768/k3],0.357526,0.387821,false,weights,37
17,56,0.396111,7888645,3,[1024/k3→768/k3→768/k1],0.336872,0.387821,false,weights,10
17,57,0.393138,5474309,2,[768/k3→768/k3],0.321458,0.387821,false,weights,22
17,58,0.398492,164357,1,[768/k3],0.354581,0.387821,false,weights,16
17,59,0.398191,164357,1,[768/k3],0.356912,0.387821,false,weights,32
17,60,0.439599,7889220,4,[23/k1→1024/k3→768/k3→768/k1],0.378999,0.387821,false,add_layer,10
17,61,0.423803,164357,1,[768/k3],0.420823,0.387821,false,remove_layer,45
17,62,0.416606,6065669,3,[768/k3→768/k1→768/k3],0.235316,0.387821,false,add_layer,47
17,63,0.397358,755717,2,[768/k3→768/k1],0.336434,0.387821,false,add_layer,16
18,0,0.404720,5474309,2,[768/k3→768/k3],0.280093,0.387821,true,champion,51
18,1,0.395799,7888645,3,[1024/k3→768/k3→768/k1],0.334349,0.387821,false,weights,56
18,2,0.391802,5474309,2,[768/k3→768/k3],0.329050,0.387821,false,weights,46
18,3,0.396918,5474309,2,[768/k3→768/k3],0.301771,0.387821,false,weights,5
18,4,0.393905,5474309,2,[768/k3→768/k3],0.326617,0.387821,false,weights,46
18,5,0.400384,164357,1,[768/k3],0.362582,0.387821,false,remove_layer,51
18,6,0.396074,5474309,2,[768/k3→768/k3],0.303115,0.387821,false,weights,47
18,7,0.397112,164357,1,[768/k3],0.352738,0.387821,false,remove_layer,53
18,8,0.392423,5474309,2,[768/k3→768/k3],0.324682,0.387821,false,weights,46
18,9,0.436211,164357,1,[768/k3],0.420054,0.387821,false,remove_layer,5
18,10,0.392771,5474309,2,[768/k3→768/k3],0.309387,0.387821,false,weights,0
18,11,0.398159,164357,1,[768/k3],0.350824,0.387821,false,weights,17
18,12,0.397480,755717,2,[768/k3→768/k1],0.318474,0.387821,false,weights,63
18,13,0.395153,5474309,2,[768/k3→768/k3],0.312480,0.387821,false,weights,38
18,14,0.398340,164357,1,[768/k3],0.350256,0.387821,false,remove_layer,8
18,15,0.391947,5474309,2,[768/k3→768/k3],0.327243,0.387821,false,weights,52
18,16,0.437862,164357,1,[768/k3],0.420436,0.387821,false,remove_layer,57
18,17,0.397733,5474309,2,[768/k3→768/k3],0.302895,0.387821,false,weights,47
18,18,0.403777,3703045,2,[768/k3→512/k3],0.289274,0.387821,false,resize_layer,51
18,19,0.397735,164357,1,[768/k3],0.353775,0.387821,false,weights,8
18,20,0.399362,164357,1,[768/k3],0.353269,0.387821,false,weights,8
18,21,0.397166,755717,2,[768/k3→768/k1],0.319862,0.387821,false,weights,63
18,22,0.394498,5474309,2,[768/k3→768/k3],0.320282,0.387821,false,weights,52
18,23,0.402787,1508229,3,[128/k3→768/k3→768/k1],0.303514,0.387821,false,resize_layer,56
18,24,0.397836,164357,1,[768/k3],0.353017,0.387821,false,weights,8
18,25,0.398367,5474309,2,[768/k3→768/k3],0.297321,0.387821,false,weights,51
18,26,0.397359,5474309,2,[768/k3→768/k3],0.305115,0.387821,false,weights,51
18,27,0.397037,164357,1,[768/k3],0.355649,0.387821,false,weights,45
18,28,0.394084,5474309,2,[768/k3→768/k3],0.367041,0.387821,false,add_layer,8
18,29,0.397786,164357,1,[768/k3],0.353696,0.387821,false,weights,8
18,30,0.397290,164357,1,[768/k3],0.353970,0.387821,false,remove_layer,63
18,31,0.397740,164357,1,[768/k3],0.353005,0.387821,false,weights,53
18,32,0.397340,164357,1,[768/k3],0.353196,0.387821,false,weights,53
18,33,0.397714,164357,1,[768/k3],0.350187,0.387821,false,remove_layer,23
18,34,0.398430,1347077,3,[768/k3→768/k1→768/k1],0.315875,0.387821,false,add_layer,63
18,35,0.394298,7888645,3,[1024/k3→768/k3→768/k1],0.337320,0.387821,false,weights,56
18,36,0.390519,5474309,2,[768/k3→768/k3],0.329461,0.387821,false,weights,46
18,37,0.398690,164357,1,[768/k3],0.351947,0.387821,false,remove_layer,45
18,38,0.393403,5474309,2,[768/k3→768/k3],0.317439,0.387821,false,weights,57
18,39,0.435997,164357,1,[768/k3],0.417695,0.387821,false,remove_layer,51
18,40,0.611973,6853,1,[32/k3],0.615522,0.387821,false,resize_layer,53
18,41,0.394254,5474309,2,[768/k3→768/k3],0.307300,0.387821,false,weights,47
18,42,0.390929,10784261,3,[768/k3→768/k3→768/k3],0.328474,0.387821,false,add_layer,57
18,43,0.398721,7297285,2,[1024/k3→768/k3],0.299832,0.387821,false,resize_layer,57
18,44,0.397727,164357,1,[768/k3],0.353346,0.387821,false,weights,53
18,45,0.396563,6065669,3,[768/k3→768/k3→768/k1],0.301836,0.387821,false,weights,6
18,46,0.413302,7893452,4,[23/k3→1024/k3→768/k3→768/k1],0.366582,0.387821,false,add_layer,56
18,47,0.403013,8939269,4,[1024/k3→1024/k1→768/k3→768/k1],0.314200,0.387821,false,add_layer,56
18,48,0.400121,164357,1,[768/k3],0.362689,0.387821,false,remove_layer,0
18,49,0.397243,755717,2,[768/k3→768/k1],0.320383,0.387821,false,weights,63
18,50,0.433778,5474884,3,[23/k1→768/k3→768/k3],0.371585,0.387821,false,add_layer,51
18,51,0.402606,11375621,4,[768/k3→768/k3→768/k3→768/k1],0.301829,0.387821,false,add_layer,6
18,52,0.394058,5474309,2,[768/k3→768/k3],0.315063,0.387821,false,weights,0
18,53,0.430732,27397,1,[128/k3],0.429704,0.387821,false,resize_layer,17
18,54,0.394422,5474309,2,[768/k3→768/k3],0.316881,0.387821,false,weights,46
18,55,0.397147,5474309,2,[768/k3→768/k3],0.297119,0.387821,false,weights,47
18,56,0.398145,164357,1,[768/k3],0.359077,0.387821,false,remove_layer,52
18,57,0.390369,10784261,3,[768/k3→768/k3→768/k3],0.333198,0.387821,false,add_layer,0
18,58,0.396259,1005829,2,[1024/k3→768/k1],0.370421,0.387821,false,remove_layer,56
18,59,0.405770,54789,1,[256/k3],0.389400,0.387821,false,resize_layer,17
18,60,0.393091,5474309,2,[768/k3→768/k3],0.325265,0.387821,false,weights,52
18,61,0.392945,17327877,4,[1024/k3→1024/k3→768/k3→768/k1],0.365028,0.387821,false,add_layer,56
18,62,0.398095,219141,1,[1024/k3],0.350934,0.387821,false,resize_layer,8
18,63,0.396476,5474309,2,[768/k3→768/k3],0.303008,0.387821,false,weights,0
19,0,0.419506,10784261,3,[768/k3→768/k3→768/k3],0.253589,0.387821,true,champion,57
19,1,0.393897,5474309,2,[768/k3→768/k3],0.314048,0.387821,false,weights,4
19,2,0.397769,5474309,2,[768/k3→768/k3],0.296961,0.387821,false,weights,54
19,3,0.395906,5474309,2,[768/k3→768/k3],0.313174,0.387821,false,weights,60
19,4,0.406019,5474309,2,[768/k3→768/k3],0.279144,0.387821,false,weights,10
19,5,0.398339,7888645,3,[1024/k3→768/k3→768/k1],0.317938,0.387821,false,remove_layer,61
19,6,0.400351,17327877,4,[1024/k3→1024/k3→768/k3→768/k1],0.321496,0.387821,false,weights,61
19,7,0.406242,5474309,2,[768/k3→768/k3],0.281538,0.387821,false,weights,52
19,8,0.413546,11375621,4,[768/k3→768/k3→768/k3→768/k1],0.263207,0.387821,false,add_layer,42
19,9,0.399523,164357,1,[768/k3],0.359696,0.387821,false,remove_layer,36
19,10,0.399975,5474309,2,[768/k3→768/k3],0.299186,0.387821,false,weights,4
19,11,0.398277,5474309,2,[768/k3→768/k3],0.301588,0.387821,false,weights,60
19,12,0.397885,5474309,2,[768/k3→768/k3],0.304108,0.387821,false,weights,60
19,13,0.398090,5474309,2,[768/k3→768/k3],0.306033,0.387821,false,weights,15
19,14,0.395270,3651333,2,[512/k3→768/k3],0.310842,0.387821,false,resize_layer,54
19,15,0.400937,5474309,2,[768/k3→768/k3],0.289550,0.387821,false,weights,52
19,16,0.398669,5474309,2,[768/k3→768/k3],0.301022,0.387821,false,weights,8
19,17,0.404380,7888645,3,[1024/k3→768/k3→768/k1],0.297771,0.387821,false,weights,35
19,18,0.402186,5474309,2,[768/k3→768/k3],0.284767,0.387821,false,weights,10
19,19,0.416379,6065669,3,[768/k3→768/k1→768/k3],0.254278,0.387821,false,add_layer,52
19,20,0.398675,5474309,2,[768/k3→768/k3],0.300446,0.387821,false,weights,60
19,21,0.393482,5474309,2,[768/k3→768/k3],0.310719,0.387821,false,weights,4
19,22,0.401854,5474309,2,[768/k3→768/k3],0.286070,0.387821,false,weights,10
19,23,0.400991,164357,1,[768/k3],0.361937,0.387821,false,remove_layer,52
19,24,0.403232,7888645,3,[1024/k3→768/k3→768/k1],0.304651,0.387821,false,weights,35
19,25,0.393946,10445061,3,[1024/k3→1024/k3→768/k1],0.349468,0.387821,false,remove_layer,61
19,26,0.405298,17327877,4,[1024/k3→1024/k3→768/k3→768/k1],0.310236,0.387821,false,weights,61
19,27,0.398211,5474309,2,[768/k3→768/k3],0.295018,0.387821,false,weights,10
19,28,0.400548,5474309,2,[768/k3→768/k3],0.294146,0.387821,false,weights,15
19,29,0.398209,5474309,2,[768/k3→768/k3],0.296113,0.387821,false,weights,41
19,30,0.399666,164357,1,[768/k3],0.360402,0.387821,false,remove_layer,4
19,31,0.397484,5474309,2,[768/k3→768/k3],0.302735,0.387821,false,weights,60
19,32,0.394727,5474309,2,[768/k3→768/k3],0.317540,0.387821,false,weights,28
19,33,0.400426,164357,1,[768/k3],0.362661,0.387821,false,remove_layer,10
19,34,0.397813,5474309,2,[768/k3→768/k3],0.298333,0.387821,false,weights,2
19,35,0.399355,5474309,2,[768/k3→768/k3],0.292252,0.387821,false,weights,52
19,36,0.398058,5474309,2,[768/k3→768/k3],0.301215,0.387821,false,weights,60
19,37,0.436928,164357,1,[768/k3],0.417557,0.387821,false,remove_layer,52
19,38,0.398283,1046149,2,[768/k3→128/k3],0.338871,0.387821,false,resize_layer,8
19,39,0.389862,10784261,3,[768/k3→768/k3→768/k3],0.333416,0.387821,false,add_layer,4
19,40,0.412645,10784261,3,[768/k3→768/k3→768/k3],0.267442,0.387821,false,weights,42
19,41,0.399548,164357,1,[768/k3],0.359603,0.387821,false,remove_layer,15
19,42,0.398251,10784261,3,[768/k3→768/k3→768/k3],0.307982,0.387821,false,add_layer,41
19,43,0.411611,10784261,3,[768/k3→768/k3→768/k3],0.275838,0.387821,false,weights,42
19,44,0.399901,5474309,2,[768/k3→768/k3],0.295175,0.387821,false,weights,4
19,45,0.388419,10784261,3,[768/k3→768/k3→768/k3],0.334334,0.387821,false,add_layer,60
19,46,0.395835,1005829,2,[1024/k3→768/k1],0.364874,0.387821,false,remove_layer,35
19,47,0.401845,7888645,3,[1024/k3→768/k3→768/k1],0.305162,0.387821,false,weights,35
19,48,0.414913,10784261,3,[768/k3→768/k3→768/k3],0.266163,0.387821,false,weights,57
19,49,0.403295,461125,2,[64/k3→768/k3],0.353859,0.387821,false,resize_layer,60
19,50,0.401879,5474309,2,[768/k3→768/k3],0.293071,0.387821,false,weights,8
19,51,0.398135,5474309,2,[768/k3→768/k3],0.297248,0.387821,false,weights,54
19,52,0.393688,5474309,2,[768/k3→768/k3],0.326194,0.387821,false,weights,28
19,53,0.396344,5474309,2,[768/k3→768/k3],0.302525,0.387821,false,weights,2
19,54,0.390744,5474309,2,[768/k3→768/k3],0.331220,0.387821,false,weights,28
19,55,0.404341,5474309,2,[768/k3→768/k3],0.283167,0.387821,false,weights,38
19,56,0.395029,5474309,2,[768/k3→768/k3],0.310027,0.387821,false,weights,8
19,57,0.399666,164357,1,[768/k3],0.360402,0.387821,false,remove_layer,4
19,58,0.404499,5474309,2,[768/k3→768/k3],0.289170,0.387821,false,weights,60
19,59,0.397832,5474309,2,[768/k3→768/k3],0.302419,0.387821,false,weights,8
19,60,0.399612,5474309,2,[768/k3→768/k3],0.288423,0.387821,false,weights,41
19,61,0.410493,3703045,2,[768/k3→512/k3],0.267767,0.387821,false,resize_layer,38
19,62,0.396380,16736517,3,[1024/k3→1024/k3→768/k3],0.334119,0.387821,false,remove_layer,61
19,63,0.402475,5474309,2,[768/k3→768/k3],0.285596,0.387821,false,weights,38
20,0,0.413628,10784261,3,[768/k3→768/k3→768/k3],0.262879,0.387821,true,champion,45
20,1,0.403315,3651333,2,[512/k3→768/k3],0.287854,0.387821,false,weights,14
20,2,0.392857,5474309,2,[768/k3→768/k3],0.310996,0.387821,false,weights,52
20,3,0.400351,16094213,4,[768/k3→768/k3→768/k3→768/k3],0.314928,0.387821,false,add_layer,45
20,4,0.402446,3651333,2,[512/k3→768/k3],0.286401,0.387821,false,weights,14
20,5,0.401069,3651333,2,[512/k3→768/k3],0.291208,0.387821,false,weights,14
20,6,0.399776,5474309,2,[768/k3→768/k3],0.296038,0.387821,false,weights,3
20,7,0.404827,16736517,3,[1024/k3→1024/k3→768/k3],0.306386,0.387821,false,weights,62
20,8,0.437955,164357,1,[768/k3],0.419795,0.387821,false,remove_layer,53
20,9,0.400369,5474309,2,[768/k3→768/k3],0.295743,0.387821,false,weights,56
20,10,0.404633,5474309,2,[768/k3→768/k3],0.283684,0.387821,false,weights,56
20,11,0.404474,5474309,2,[768/k3→768/k3],0.281471,0.387821,false,weights,56
20,12,0.407576,5474309,2,[768/k3→768/k3],0.276948,0.387821,false,weights,1
20,13,0.393157,10784261,3,[768/k3→768/k3→768/k3],0.329414,0.387821,false,add_layer,31
20,14,0.400322,10445061,3,[1024/k3→1024/k3→768/k1],0.320644,0.387821,false,weights,25
20,15,0.415924,10784261,3,[768/k3→768/k3→768/k3],0.255336,0.387821,false,weights,45
20,16,0.400339,5474309,2,[768/k3→768/k3],0.292683,0.387821,false,weights,56
20,17,0.408537,10784261,3,[768/k3→768/k3→768/k3],0.276651,0.387821,false,weights,45
20,18,0.400071,5474309,2,[768/k3→768/k3],0.286338,0.387821,false,weights,2
20,19,0.407859,7245573,2,[768/k3→1024/k3],0.270126,0.387821,false,resize_layer,2
20,20,0.405004,10784261,3,[768/k3→768/k3→768/k3],0.290043,0.387821,false,weights,39
20,21,0.396165,5474309,2,[768/k3→768/k3],0.306297,0.387821,false,weights,52
20,22,0.399466,5474309,2,[768/k3→768/k3],0.296591,0.387821,false,weights,54
20,23,0.437196,164357,1,[768/k3],0.418027,0.387821,false,remove_layer,56
20,24,0.400648,1828357,2,[256/k3→768/k3],0.307450,0.387821,false,resize_layer,21
20,25,0.396784,5474309,2,[768/k3→768/k3],0.296964,0.387821,false,weights,31
20,26,0.394179,10445061,3,[1024/k3→1024/k3→768/k1],0.333118,0.387821,false,weights,25
20,27,0.396525,10445061,3,[1024/k3→1024/k3→768/k1],0.334915,0.387821,false,weights,25
20,28,0.397724,7297285,2,[1024/k3→768/k3],0.302776,0.387821,false,resize_layer,14
20,29,0.422505,10789068,4,[23/k3→768/k3→768/k3→768/k3],0.326438,0.387821,false,add_layer,39
20,30,0.421771,5479116,3,[23/k3→768/k3→768/k3],0.351527,0.387821,false,add_layer,2
20,31,0.413315,5474309,2,[768/k3→768/k3],0.398639,0.387821,false,remove_layer,39
20,32,0.398586,5474309,2,[768/k3→768/k3],0.298205,0.387821,false,weights,21
20,33,0.410494,10784261,3,[768/k3→768/k3→768/k3],0.269120,0.387821,false,weights,45
20,34,0.402516,5474309,2,[768/k3→768/k3],0.287663,0.387821,false,weights,21
20,35,0.413588,10784261,3,[768/k3→768/k3→768/k3],0.267845,0.387821,false,weights,39
20,36,0.397425,5474309,2,[768/k3→768/k3],0.302099,0.387821,false,weights,52
20,37,0.404276,5474309,2,[768/k3→768/k3],0.288008,0.387821,false,weights,1
20,38,0.436484,36645,2,[32/k3→768/k1],0.394768,0.387821,false,resize_layer,46
20,39,0.406352,6065669,3,[768/k3→768/k3→768/k1],0.278245,0.387821,false,add_layer,3
20,40,0.396558,5474309,2,[768/k3→768/k3],0.303501,0.387821,false,weights,52
20,41,0.399982,164357,1,[768/k3],0.358732,0.387821,false,remove_layer,3
20,42,0.400133,10445061,3,[1024/k3→1024/k3→768/k1],0.319813,0.387821,false,weights,25
20,43,0.396722,5474309,2,[768/k3→768/k3],0.301186,0.387821,false,weights,52
20,44,0.396269,5474309,2,[768/k3→768/k3],0.296764,0.387821,false,weights,31
20,45,0.401314,5474309,2,[768/k3→768/k3],0.284393,0.387821,false,weights,2
20,46,0.405155,5474309,2,[768/k3→768/k3],0.286951,0.387821,false,weights,3
20,47,0.405898,5474309,2,[768/k3→768/k3],0.279936,0.387821,false,weights,1
20,48,0.400840,109573,1,[512/k3],0.368660,0.387821,false,remove_layer,14
20,49,0.397492,5474309,2,[768/k3→768/k3],0.299254,0.387821,false,weights,31
20,50,0.421245,5479116,3,[23/k3→768/k3→768/k3],0.351774,0.387821,false,add_layer,53
20,51,0.399188,5474309,2,[768/k3→768/k3],0.293958,0.387821,false,weights,32
20,52,0.397135,5474309,2,[768/k3→768/k3],0.296771,0.387821,false,weights,53
20,53,0.391833,10784261,3,[768/k3→768/k3→768/k3],0.338791,0.387821,false,add_layer,52
20,54,0.395182,1005829,2,[1024/k3→768/k1],0.349944,0.387821,false,weights,46
20,55,0.398631,5474309,2,[768/k3→768/k3],0.299513,0.387821,false,weights,54
20,56,0.436013,164357,1,[768/k3],0.416832,0.387821,false,remove_layer,1
20,57,0.402081,5474309,2,[768/k3→768/k3],0.289788,0.387821,false,weights,21
20,58,0.396668,10784261,3,[768/k3→768/k3→768/k3],0.315663,0.387821,false,add_layer,53
20,59,0.411646,10784261,3,[768/k3→768/k3→768/k3],0.270772,0.387821,false,weights,39
20,60,0.398365,5474309,2,[768/k3→768/k3],0.304048,0.387821,false,weights,54
20,61,0.399231,1828357,2,[256/k3→768/k3],0.310260,0.387821,false,resize_layer,2
20,62,0.406170,10784261,3,[768/k3→768/k3→768/k3],0.286598,0.387821,false,weights,39
20,63,0.394109,9658373,2,[1024/k3→1024/k3],0.352205,0.387821,false,remove_layer,62
21,0,0.412030,10784261,3,[768/k3→768/k3→768/k3],0.268670,0.387821,true,champion,53
21,1,0.398929,164357,1,[768/k3],0.356690,0.387821,false,remove_layer,2
21,2,0.404640,6065669,3,[768/k3→768/k1→768/k3],0.275144,0.387821,false,add_layer,2
21,3,0.433851,233253,2,[32/k3→768/k3],0.376346,0.387821,false,resize_layer,21
21,4,0.414579,5474309,2,[768/k3→768/k3],0.259102,0.387821,false,weights,44
21,5,0.407169,5474309,2,[768/k3→768/k3],0.272257,0.387821,false,weights,44
21,6,0.402771,10784261,3,[768/k3→768/k3→768/k3],0.304200,0.387821,false,add_layer,52
21,7,0.404118,6065669,3,[768/k3→768/k1→768/k3],0.278530,0.387821,false,add_layer,36
21,8,0.400555,219141,1,[1024/k3],0.377709,0.387821,false,remove_layer,54
21,9,0.413144,16094213,4,[768/k3→768/k3→768/k3→768/k3],0.287991,0.387821,false,add_layer,58
21,10,0.420035,10784261,3,[768/k3→768/k3→768/k3],0.263859,0.387821,false,weights,58
21,11,0.400004,5474309,2,[768/k3→768/k3],0.294666,0.387821,false,weights,43
21,12,0.402652,16094213,4,[768/k3→768/k3→768/k3→768/k3],0.304783,0.387821,false,add_layer,58
21,13,0.399047,10445061,3,[1024/k3→1024/k3→768/k1],0.315224,0.387821,false,weights,27
21,14,0.410996,5474309,2,[768/k3→768/k3],0.262738,0.387821,false,weights,25
21,15,0.394104,5474309,2,[768/k3→768/k3],0.300363,0.387821,false,weights,40
21,16,0.394935,5474309,2,[768/k3→768/k3],0.299810,0.387821,false,weights,40
21,17,0.440170,164357,1,[768/k3],0.418126,0.387821,false,remove_layer,21
21,18,0.409114,10181125,3,[1024/k3→1024/k3→512/k1],0.290296,0.387821,false,resize_layer,27
21,19,0.397925,10445061,3,[1024/k3→1024/k3→768/k1],0.316523,0.387821,false,weights,26
21,20,0.402949,10445061,3,[1024/k3→1024/k3→768/k1],0.303874,0.387821,false,weights,26
21,21,0.406126,5474309,2,[768/k3→768/k3],0.277079,0.387821,false,weights,44
21,22,0.412337,10784261,3,[768/k3→768/k3→768/k3],0.262183,0.387821,false,weights,13
21,23,0.394078,10784261,3,[768/k3→768/k3→768/k3],0.326581,0.387821,false,add_layer,21
21,24,0.403109,5474309,2,[768/k3→768/k3],0.283596,0.387821,false,weights,49
21,25,0.392812,9658373,2,[1024/k3→1024/k3],0.336155,0.387821,false,weights,63
21,26,0.408442,5474309,2,[768/k3→768/k3],0.271764,0.387821,false,weights,25
21,27,0.396346,10784261,3,[768/k3→768/k3→768/k3],0.304771,0.387821,false,weights,58
21,28,0.409154,461125,2,[64/k3→768/k3],0.349274,0.387821,false,resize_layer,52
21,29,0.406015,11375621,4,[768/k3→768/k3→768/k3→768/k1],0.287220,0.387821,false,add_layer,53
21,30,0.393938,5474309,2,[768/k3→768/k3],0.304468,0.387821,false,weights,40
21,31,0.398017,10445061,3,[1024/k3→1024/k3→768/k1],0.316388,0.387821,false,weights,26
21,32,0.400118,10445061,3,[1024/k3→1024/k3→768/k1],0.313097,0.387821,false,weights,26
21,33,0.406109,461125,2,[64/k3→768/k3],0.350224,0.387821,false,resize_layer,25
21,34,0.402983,5474309,2,[768/k3→768/k3],0.282106,0.387821,false,weights,52
21,35,0.402366,10445061,3,[1024/k3→1024/k3→768/k1],0.309258,0.387821,false,weights,26
21,36,0.399991,5474309,2,[768/k3→768/k3],0.294512,0.387821,false,weights,2
21,37,0.408764,5474309,2,[768/k3→768/k3],0.267892,0.387821,false,weights,25
21,38,0.395844,1005829,2,[1024/k3→768/k1],0.353520,0.387821,false,remove_layer,26
21,39,0.396460,5474309,2,[768/k3→768/k3],0.300006,0.387821,false,weights,21
21,40,0.401450,5474309,2,[768/k3→768/k3],0.290158,0.387821,false,weights,21
21,41,0.409530,5474309,2,[768/k3→768/k3],0.271444,0.387821,false,weights,44
21,42,0.406358,5474309,2,[768/k3→768/k3],0.272233,0.387821,false,weights,52
21,43,0.414534,10784261,3,[768/k3→768/k3→768/k3],0.262653,0.387821,false,weights,13
21,44,0.399850,5474309,2,[768/k3→768/k3],0.285818,0.387821,false,weights,43
21,45,0.411814,5474309,2,[768/k3→768/k3],0.396377,0.387821,false,remove_layer,53
21,46,0.402405,6065669,3,[768/k3→768/k1→768/k3],0.283744,0.387821,false,add_layer,43
21,47,0.396897,5474309,2,[768/k3→768/k3],0.295869,0.387821,false,weights,36
21,48,0.435448,5474884,3,[23/k1→768/k3→768/k3],0.370239,0.387821,false,add_layer,21
21,49,0.440533,9658948,3,[23/k1→1024/k3→1024/k3],0.387892,0.387821,false,add_layer,63
21,50,0.395624,5474309,2,[768/k3→768/k3],0.293945,0.387821,false,weights,40
21,51,0.390737,9658373,2,[1024/k3→1024/k3],0.339603,0.387821,false,weights,63
21,52,0.401671,10784261,3,[768/k3→768/k3→768/k3],0.300665,0.387821,false,weights,58
21,53,0.396280,5474309,2,[768/k3→768/k3],0.299308,0.387821,false,weights,21
21,54,0.441499,5474884,3,[23/k1→768/k3→768/k3],0.351989,0.387821,false,add_layer,49
21,55,0.407753,5474309,2,[768/k3→768/k3],0.273204,0.387821,false,weights,25
21,56,0.404488,5474309,2,[768/k3→768/k3],0.277490,0.387821,false,weights,2
21,57,0.399241,164357,1,[768/k3],0.356822,0.387821,false,remove_layer,21
21,58,0.399699,5474309,2,[768/k3→768/k3],0.288563,0.387821,false,weights,2
21,59,0.422429,10784261,3,[768/k3→768/k3→768/k3],0.238797,0.387821,false,weights,13
21,60,0.440480,164357,1,[768/k3],0.420463,0.387821,false,remove_layer,43
21,61,0.399003,164357,1,[768/k3],0.357134,0.387821,false,remove_layer,40
21,62,0.400715,916869,2,[128/k3→768/k3],0.324334,0.387821,false,resize_layer,44
21,63,0.441007,164357,1,[768/k3],0.419127,0.387821,false,remove_layer,49
22,0,0.402699,9658373,2,[1024/k3→1024/k3],0.309086,0.387821,true,champion,51
22,1,0.402494,5474309,2,[768/k3→768/k3],0.282130,0.387821,false,weights,16
22,2,0.394658,9658373,2,[1024/k3→1024/k3],0.329469,0.387821,false,weights,51
22,3,0.422957,10784261,3,[768/k3→768/k3→768/k3],0.243634,0.387821,false,weights,27
22,4,0.407049,5474309,2,[768/k3→768/k3],0.270198,0.387821,false,weights,16
22,5,0.420583,5479116,3,[23/k3→768/k3→768/k3],0.348425,0.387821,false,add_layer,47
22,6,0.401191,10708997,3,[1024/k3→1024/k1→1024/k3],0.308490,0.387821,false,add_layer,25
22,7,0.405024,5474309,2,[768/k3→768/k3],0.279194,0.387821,false,weights,53
22,8,0.417971,10449868,4,[23/k3→1024/k3→1024/k3→768/k1],0.347053,0.387821,false,add_layer,19
22,9,0.397784,1005829,2,[1024/k3→768/k1],0.340305,0.387821,false,weights,38
22,10,0.405204,9785221,3,[1024/k3→1024/k3→128/k1],0.311160,0.387821,false,resize_layer,31
22,11,0.397341,164357,1,[768/k3],0.352804,0.387821,false,weights,1
22,12,0.402195,5474309,2,[768/k3→768/k3],0.280230,0.387821,false,weights,15
22,13,0.399220,164357,1,[768/k3],0.356161,0.387821,false,remove_layer,50
22,14,0.405824,5474309,2,[768/k3→768/k3],0.272531,0.387821,false,weights,15
22,15,0.406372,6065669,3,[768/k3→768/k3→768/k1],0.273524,0.387821,false,add_layer,15
22,16,0.405202,5474309,2,[768/k3→768/k3],0.275199,0.387821,false,weights,39
22,17,0.413776,10784261,3,[768/k3→768/k3→768/k3],0.280797,0.387821,false,weights,23
22,18,0.396248,10784261,3,[768/k3→768/k3→768/k3],0.316803,0.387821,false,add_layer,15
22,19,0.404117,10445061,3,[1024/k3→1024/k3→768/k1],0.304502,0.387821,false,weights,31
22,20,0.406527,5474309,2,[768/k3→768/k3],0.272606,0.387821,false,weights,53
22,21,0.402962,5474309,2,[768/k3→768/k3],0.276900,0.387821,false,weights,15
22,22,0.408206,6065669,3,[768/k3→768/k3→768/k1],0.271144,0.387821,false,add_layer,53
22,23,0.397220,1005829,2,[1024/k3→768/k1],0.338186,0.387821,false,weights,38
22,24,0.419722,6065669,3,[768/k3→768/k1→768/k3],0.240829,0.387821,false,add_layer,30
22,25,0.399659,755717,2,[768/k3→768/k1],0.327027,0.387821,false,add_layer,61
22,26,0.407276,10445061,3,[1024/k3→1024/k3→768/k1],0.293956,0.387821,false,weights,19
22,27,0.401516,5474309,2,[768/k3→768/k3],0.277884,0.387821,false,weights,50
22,28,0.437820,804293,2,[1024/k3→64/k3],0.409742,0.387821,false,resize_layer,51
22,29,0.438800,164357,1,[768/k3],0.419444,0.387821,false,remove_layer,50
22,30,0.409535,3703045,2,[768/k3→512/k3],0.268418,0.387821,false,resize_layer,16
22,31,0.399705,755717,2,[768/k3→768/k1],0.327070,0.387821,false,add_layer,61
22,32,0.403346,10445061,3,[1024/k3→1024/k3→768/k1],0.298418,0.387821,false,weights,31
22,33,0.405548,11036421,4,[1024/k3→1024/k3→768/k1→768/k1],0.299970,0.387821,false,add_layer,19
22,34,0.407906,10784261,3,[768/k3→768/k3→768/k3],0.289368,0.387821,false,weights,23
22,35,0.465327,219141,1,[1024/k3],0.432678,0.387821,false,remove_layer,25
22,36,0.412583,5619461,3,[512/k3→1024/k3→768/k1],0.286256,0.387821,false,resize_layer,19
22,37,0.403497,10445061,3,[1024/k3→1024/k3→768/k1],0.304146,0.387821,false,weights,19
22,38,0.396665,9658373,2,[1024/k3→1024/k3],0.323273,0.387821,false,weights,25
22,39,0.398946,5474309,2,[768/k3→768/k3],0.307152,0.387821,false,remove_layer,27
22,40,0.399210,164357,1,[768/k3],0.352340,0.387821,false,weights,1
22,41,0.411478,9663180,3,[23/k3→1024/k3→1024/k3],0.362624,0.387821,false,add_layer,25
22,42,0.399139,164357,1,[768/k3],0.351861,0.387821,false,weights,1
22,43,0.441562,164357,1,[768/k3],0.421169,0.387821,false,remove_layer,16
22,44,0.411619,10445061,3,[1024/k3→1024/k3→768/k1],0.287163,0.387821,false,weights,19
22,45,0.404438,5474309,2,[768/k3→768/k3],0.277997,0.387821,false,weights,16
22,46,0.398604,916869,2,[128/k3→768/k3],0.326254,0.387821,false,resize_layer,50
22,47,0.406912,6065669,3,[768/k3→768/k3→768/k1],0.270122,0.387821,false,add_layer,39
22,48,0.410720,10784261,3,[768/k3→768/k3→768/k3],0.282595,0.387821,false,weights,23
22,49,0.402233,5474309,2,[768/k3→768/k3],0.277445,0.387821,false,weights,47
22,50,0.404268,5474309,2,[768/k3→768/k3],0.276548,0.387821,false,weights,16
22,51,0.406260,461125,2,[64/k3→768/k3],0.350357,0.387821,false,resize_layer,16
22,52,0.401994,5474309,2,[768/k3→768/k3],0.276480,0.387821,false,weights,15
22,53,0.404447,10445061,3,[1024/k3→1024/k3→768/k1],0.298612,0.387821,false,weights,31
22,54,0.397764,164357,1,[768/k3],0.352147,0.387821,false,weights,1
22,55,0.404333,3651333,2,[512/k3→768/k3],0.278338,0.387821,false,resize_layer,15
22,56,0.404201,5474309,2,[768/k3→768/k3],0.278639,0.387821,false,weights,53
22,57,0.399080,164357,1,[768/k3],0.352067,0.387821,false,weights,61
22,58,0.398502,164357,1,[768/k3],0.352400,0.387821,false,weights,61
22,59,0.398282,164357,1,[768/k3],0.352454,0.387821,false,weights,61
22,60,0.395044,9658373,2,[1024/k3→1024/k3],0.324422,0.387821,false,weights,51
22,61,0.401549,5474309,2,[768/k3→768/k3],0.280387,0.387821,false,weights,50
22,62,0.400608,5474309,2,[768/k3→768/k3],0.282874,0.387821,false,weights,47
22,63,0.426872,10784261,3,[768/k3→768/k3→768/k3],0.240783,0.387821,false,weights,27
23,0,0.404465,9658373,2,[1024/k3→1024/k3],0.299259,0.387821,true,champion,2
23,1,0.393781,9658373,2,[1024/k3→1024/k3],0.317189,0.387821,false,weights,38
23,2,0.425691,169164,2,[23/k3→768/k3],0.387900,0.387821,false,add_layer,58
23,3,0.396210,916869,2,[128/k3→768/k3],0.339246,0.387821,false,resize_layer,39
23,4,0.400750,916869,2,[128/k3→768/k3],0.317919,0.387821,false,weights,46
23,5,0.391352,5474309,2,[768/k3→768/k3],0.324609,0.387821,false,remove_layer,18
23,6,0.422283,10784261,3,[768/k3→768/k3→768/k3],0.233115,0.387821,false,weights,18
23,7,0.397981,164357,1,[768/k3],0.349934,0.387821,false,weights,59
23,8,0.443650,164932,2,[23/k1→768/k3],0.401161,0.387821,false,add_layer,54
23,9,0.413738,10784261,3,[768/k3→768/k3→768/k3],0.259234,0.387821,false,weights,18
23,10,0.398020,164357,1,[768/k3],0.349578,0.387821,false,weights,58
23,11,0.398435,164357,1,[768/k3],0.350147,0.387821,false,weights,59
23,12,0.411194,3703045,2,[768/k3→512/k3],0.275754,0.387821,false,resize_layer,39
23,13,0.398733,164357,1,[768/k3],0.352139,0.387821,false,weights,13
23,14,0.430763,1006404,3,[23/k1→1024/k3→768/k1],0.387298,0.387821,false,add_layer,9
23,15,0.393673,9658373,2,[1024/k3→1024/k3],0.318279,0.387821,false,weights,38
23,16,0.414345,9663180,3,[23/k3→1024/k3→1024/k3],0.363220,0.387821,false,add_layer,38
23,17,0.398762,164357,1,[768/k3],0.349586,0.387821,false,weights,42
23,18,0.398432,164357,1,[768/k3],0.348133,0.387821,false,weights,54
23,19,0.398586,164357,1,[768/k3],0.348436,0.387821,false,weights,58
23,20,0.396789,164357,1,[768/k3],0.351464,0.387821,false,weights,58
23,21,0.400573,9658373,2,[1024/k3→1024/k3],0.312336,0.387821,false,weights,2
23,22,0.445345,164932,2,[23/k1→768/k3],0.400625,0.387821,false,add_layer,57
23,23,0.398709,164357,1,[768/k3],0.348168,0.387821,false,weights,54
23,24,0.399044,219141,1,[1024/k3],0.349326,0.387821,false,resize_layer,13
23,25,0.400518,1005829,2,[1024/k3→768/k1],0.324448,0.387821,false,weights,23
23,26,0.399532,916869,2,[128/k3→768/k3],0.319045,0.387821,false,weights,46
23,27,0.402627,219141,1,[1024/k3],0.378977,0.387821,false,remove_layer,60
23,28,0.403335,916869,2,[128/k3→768/k3],0.307544,0.387821,false,weights,46
23,29,0.429183,27397,1,[128/k3],0.429544,0.387821,false,remove_layer,46
23,30,0.451241,608325,3,[768/k3→32/k3→768/k3],0.303224,0.387821,false,resize_layer,18
23,31,0.411003,5474309,2,[768/k3→768/k3],0.394834,0.387821,false,resize_layer,46
23,32,0.399548,164357,1,[768/k3],0.346478,0.387821,false,weights,57
23,33,0.400336,755717,2,[768/k3→768/k1],0.325435,0.387821,false,add_layer,58
23,34,0.398131,164357,1,[768/k3],0.349506,0.387821,false,weights,59
23,35,0.397139,1005829,2,[1024/k3→768/k1],0.331517,0.387821,false,weights,9
23,36,0.398282,164357,1,[768/k3],0.349781,0.387821,false,weights,58
23,37,0.401505,9658373,2,[1024/k3→1024/k3],0.304179,0.387821,false,weights,38
23,38,0.399412,109573,1,[512/k3],0.356347,0.387821,false,resize_layer,54
23,39,0.464682,219141,1,[1024/k3],0.432976,0.387821,false,remove_layer,2
23,40,0.398159,164357,1,[768/k3],0.349167,0.387821,false,weights,54
23,41,0.398555,164357,1,[768/k3],0.347857,0.387821,false,remove_layer,58
23,42,0.450059,23045,1,[768/k1],0.421482,0.387821,false,remove_layer,23
23,43,0.402389,1005829,2,[1024/k3→768/k1],0.321093,0.387821,false,weights,23
23,44,0.442245,164932,2,[23/k1→768/k3],0.400706,0.387821,false,add_layer,57
23,45,0.426114,27397,1,[128/k3],0.424724,0.387821,false,resize_layer,58
23,46,0.399978,109573,1,[512/k3],0.356250,0.387821,false,resize_layer,40
23,47,0.398672,164357,1,[768/k3],0.349483,0.387821,false,weights,58
23,48,0.397419,164357,1,[768/k3],0.349410,0.387821,false,weights,54
23,49,0.397566,164357,1,[768/k3],0.350626,0.387821,false,weights,59
23,50,0.396213,9658373,2,[1024/k3→1024/k3],0.314186,0.387821,false,weights,38
23,51,0.395186,9658373,2,[1024/k3→1024/k3],0.320461,0.387821,false,weights,38
23,52,0.392846,9658373,2,[1024/k3→1024/k3],0.319057,0.387821,false,weights,38
23,53,0.403337,916869,2,[128/k3→768/k3],0.307460,0.387821,false,weights,46
23,54,0.399146,164357,1,[768/k3],0.348282,0.387821,false,weights,58
23,55,0.391172,5474309,2,[768/k3→768/k3],0.356918,0.387821,false,add_layer,58
23,56,0.400156,9658373,2,[1024/k3→1024/k3],0.310732,0.387821,false,weights,60
23,57,0.400611,9658373,2,[1024/k3→1024/k3],0.307294,0.387821,false,weights,60
23,58,0.397922,164357,1,[768/k3],0.349260,0.387821,false,weights,42
23,59,0.392864,5474309,2,[768/k3→768/k3],0.353894,0.387821,false,add_layer,40
23,60,0.421651,169164,2,[23/k3→768/k3],0.383279,0.387821,false,add_layer,54
23,61,0.397380,1005829,2,[1024/k3→768/k1],0.330620,0.387821,false,weights,23
23,62,0.398553,164357,1,[768/k3],0.348721,0.387821,false,weights,40
23,63,0.398697,164357,1,[768/k3],0.349242,0.387821,false,weights,40
24,0,0.397884,5474309,2,[768/k3→768/k3],0.301757,0.387821,true,champion,55
24,1,0.402105,219141,1,[1024/k3],0.378894,0.387821,false,remove_layer,15
24,2,0.402637,1005829,2,[1024/k3→768/k1],0.316466,0.387821,false,weights,61
24,3,0.399564,219141,1,[1024/k3],0.374186,0.387821,false,remove_layer,35
24,4,0.397789,164357,1,[768/k3],0.347280,0.387821,false,weights,58
24,5,0.393580,5474309,2,[768/k3→768/k3],0.322615,0.387821,false,weights,59
24,6,0.399223,9658373,2,[1024/k3→1024/k3],0.305951,0.387821,false,weights,1
24,7,0.401290,9658373,2,[1024/k3→1024/k3],0.300020,0.387821,false,weights,15
24,8,0.392658,5474309,2,[768/k3→768/k3],0.316443,0.387821,false,weights,59
24,9,0.398179,164357,1,[768/k3],0.348045,0.387821,false,weights,20
24,10,0.398161,164357,1,[768/k3],0.348004,0.387821,false,weights,49
24,11,0.568649,509157,2,[1024/k3→32/k3],0.550320,0.387821,false,resize_layer,1
24,12,0.401860,1005829,2,[1024/k3→768/k1],0.318052,0.387821,false,weights,35
24,13,0.398101,164357,1,[768/k3],0.346895,0.387821,false,remove_layer,49
24,14,0.397078,164357,1,[768/k3],0.347785,0.387821,false,weights,49
24,15,0.400220,916869,2,[128/k3→768/k3],0.323484,0.387821,false,weights,3
24,16,0.397930,164357,1,[768/k3],0.346911,0.387821,false,weights,7
24,17,0.398758,1005829,2,[1024/k3→768/k1],0.325259,0.387821,false,weights,35
24,18,0.398746,9658373,2,[1024/k3→1024/k3],0.307859,0.387821,false,weights,1
24,19,0.391753,10784261,3,[768/k3→768/k3→768/k3],0.347774,0.387821,false,add_layer,59
24,20,0.402204,1005829,2,[1024/k3→768/k1],0.317817,0.387821,false,weights,35
24,21,0.402061,9658373,2,[1024/k3→1024/k3],0.301206,0.387821,false,weights,52
24,22,0.429173,164357,1,[768/k3],0.416667,0.387821,false,remove_layer,55
24,23,0.398305,164357,1,[768/k3],0.345152,0.387821,false,weights,58
24,24,0.397230,164357,1,[768/k3],0.347852,0.387821,false,weights,58
24,25,0.398935,1005829,2,[1024/k3→768/k1],0.322720,0.387821,false,weights,35
24,26,0.397646,219141,1,[1024/k3],0.347085,0.387821,false,resize_layer,20
24,27,0.402447,505605,2,[512/k3→768/k1],0.318781,0.387821,false,resize_layer,61
24,28,0.398133,164357,1,[768/k3],0.344305,0.387821,false,remove_layer,48
24,29,0.397998,164357,1,[768/k3],0.349471,0.387821,false,weights,20
24,30,0.401197,5474309,2,[768/k3→768/k3],0.293116,0.387821,false,weights,5
24,31,0.404756,1005829,2,[1024/k3→768/k1],0.309923,0.387821,false,weights,61
24,32,0.393191,5474309,2,[768/k3→768/k3],0.322306,0.387821,false,weights,55
24,33,0.392387,5474309,2,[768/k3→768/k3],0.357373,0.387821,false,add_layer,48
24,34,0.398005,164357,1,[768/k3],0.346734,0.387821,false,weights,48
24,35,0.402741,9658373,2,[1024/k3→1024/k3],0.300807,0.387821,false,weights,1
24,36,0.398133,164357,1,[768/k3],0.344305,0.387821,false,remove_layer,48
24,37,0.450587,23045,1,[768/k1],0.422147,0.387821,false,remove_layer,61
24,38,0.484199,13701,1,[64/k3],0.489456,0.387821,false,resize_layer,20
24,39,0.396533,5474309,2,[768/k3→768/k3],0.306396,0.387821,false,weights,55
24,40,0.447639,164932,2,[23/k1→768/k3],0.403058,0.387821,false,add_layer,7
24,41,0.395555,19097605,3,[1024/k3→1024/k3→1024/k3],0.338513,0.387821,false,add_layer,15
24,42,0.391991,5474309,2,[768/k3→768/k3],0.356958,0.387821,false,add_layer,49
24,43,0.398773,164357,1,[768/k3],0.344477,0.387821,false,weights,58
24,44,0.400462,755717,2,[768/k3→768/k1],0.324128,0.387821,false,add_layer,49
24,45,0.397023,9658373,2,[1024/k3→1024/k3],0.306890,0.387821,false,weights,50
24,46,0.403226,1005829,2,[1024/k3→768/k1],0.314421,0.387821,false,weights,61
24,47,0.427858,169164,2,[23/k3→768/k3],0.393758,0.387821,false,add_layer,7
24,48,0.399044,9658373,2,[1024/k3→1024/k3],0.308666,0.387821,false,weights,52
24,49,0.404384,9658373,2,[1024/k3→1024/k3],0.294982,0.387821,false,weights,50
24,50,0.399336,9658373,2,[1024/k3→1024/k3],0.307826,0.387821,false,weights,52
24,51,0.393266,19097605,3,[1024/k3→1024/k3→1024/k3],0.348115,0.387821,false,add_layer,52
24,52,0.400256,1828357,2,[256/k3→768/k3],0.304385,0.387821,false,resize_layer,5
24,53,0.397923,164357,1,[768/k3],0.346131,0.387821,false,weights,58
24,54,0.398905,1005829,2,[1024/k3→768/k1],0.321202,0.387821,false,weights,35
24,55,0.397309,164357,1,[768/k3],0.348275,0.387821,false,weights,20
24,56,0.401694,755717,2,[768/k3→768/k1],0.321972,0.387821,false,add_layer,20
24,57,0.397501,164357,1,[768/k3],0.348560,0.387821,false,weights,7
24,58,0.397613,164357,1,[768/k3],0.347394,0.387821,false,remove_layer,20
24,59,0.397612,5474309,2,[768/k3→768/k3],0.303588,0.387821,false,weights,55
24,60,0.402196,219141,1,[1024/k3],0.378547,0.387821,false,remove_layer,52
24,61,0.400608,9658373,2,[1024/k3→1024/k3],0.301709,0.387821,false,weights,50
24,62,0.404855,9658373,2,[1024/k3→1024/k3],0.294895,0.387821,false,weights,50
24,63,0.399264,7245573,2,[768/k3→1024/k3],0.308551,0.387821,false,resize_layer,1
25,0,0.399376,10784261,3,[768/k3→768/k3→768/k3],0.307413,0.387821,true,champion,19
25,1,0.398255,5474309,2,[768/k3→768/k3],0.296503,0.387821,false,weights,59
25,2,0.401682,19097605,3,[1024/k3→1024/k3→1024/k3],0.315096,0.387821,false,weights,41
25,3,0.395800,5474309,2,[768/k3→768/k3],0.310030,0.387821,false,weights,42
25,4,0.397950,5474309,2,[768/k3→768/k3],0.300039,0.387821,false,weights,32
25,5,0.398888,164357,1,[768/k3],0.341296,0.387821,false,remove_layer,58
25,6,0.398841,164357,1,[768/k3],0.343160,0.387821,false,remove_layer,57
25,7,0.424555,20148229,4,[1024/k3→1024/k1→1024/k3→1024/k3],0.265242,0.387821,false,add_layer,41
25,8,0.397585,164357,1,[768/k3],0.345086,0.387821,false,weights,24
25,9,0.395257,5474309,2,[768/k3→768/k3],0.301364,0.387821,false,weights,8
25,10,0.397754,164357,1,[768/k3],0.345033,0.387821,false,weights,58
25,11,0.408570,19097605,3,[1024/k3→1024/k3→1024/k3],0.299284,0.387821,false,weights,41
25,12,0.398000,164357,1,[768/k3],0.345063,0.387821,false,weights,58
25,13,0.398585,164357,1,[768/k3],0.344474,0.387821,false,weights,57
25,14,0.398649,5474309,2,[768/k3→768/k3],0.287091,0.387821,false,weights,59
25,15,0.395085,5474309,2,[768/k3→768/k3],0.312918,0.387821,false,weights,42
25,16,0.399195,109573,1,[512/k3],0.353674,0.387821,false,resize_layer,24
25,17,0.398952,5474309,2,[768/k3→768/k3],0.291873,0.387821,false,weights,39
25,18,0.394314,5474309,2,[768/k3→768/k3],0.305757,0.387821,false,weights,8
25,19,0.436283,164357,1,[768/k3],0.422463,0.387821,false,remove_layer,59
25,20,0.398057,5474309,2,[768/k3→768/k3],0.301403,0.387821,false,weights,5
25,21,0.413169,19097605,3,[1024/k3→1024/k3→1024/k3],0.295561,0.387821,false,weights,51
25,22,0.425226,5474309,2,[768/k3→768/k3],0.409666,0.387821,false,remove_layer,19
25,23,0.398316,164357,1,[768/k3],0.344103,0.387821,false,weights,57
25,24,0.396108,5474309,2,[768/k3→768/k3],0.301568,0.387821,false,weights,59
25,25,0.404018,5474309,2,[768/k3→768/k3],0.281150,0.387821,false,weights,39
25,26,0.392250,5474309,2,[768/k3→768/k3],0.321623,0.387821,false,weights,33
25,27,0.400890,7297285,2,[1024/k3→768/k3],0.289289,0.387821,false,resize_layer,5
25,28,0.393888,5474309,2,[768/k3→768/k3],0.301224,0.387821,false,weights,8
25,29,0.445783,164932,2,[23/k1→768/k3],0.399818,0.387821,false,add_layer,55
25,30,0.405952,19097605,3,[1024/k3→1024/k3→1024/k3],0.313034,0.387821,false,weights,51
25,31,0.393560,10784261,3,[768/k3→768/k3→768/k3],0.334972,0.387821,false,add_layer,33
25,32,0.398506,164357,1,[768/k3],0.343141,0.387821,false,weights,14
25,33,0.398560,164357,1,[768/k3],0.352777,0.387821,false,remove_layer,39
25,34,0.397840,164357,1,[768/k3],0.345784,0.387821,false,weights,55
25,35,0.400347,5474309,2,[768/k3→768/k3],0.289043,0.387821,false,weights,39
25,36,0.415110,5479116,3,[23/k3→768/k3→768/k3],0.348377,0.387821,false,add_layer,5
25,37,0.398253,5474309,2,[768/k3→768/k3],0.295681,0.387821,false,weights,8
25,38,0.416057,5479116,3,[23/k3→768/k3→768/k3],0.354223,0.387821,false,add_layer,5
25,39,0.401242,5474309,2,[768/k3→768/k3],0.286369,0.387821,false,weights,39
25,40,0.433932,164357,1,[768/k3],0.419300,0.387821,false,remove_layer,39
25,41,0.398619,164357,1,[768/k3],0.346114,0.387821,false,weights,58
25,42,0.403719,6065669,3,[768/k3→768/k1→768/k3],0.293763,0.387821,false,add_layer,42
25,43,0.398867,109573,1,[512/k3],0.353545,0.387821,false,resize_layer,14
25,44,0.398723,164357,1,[768/k3],0.344471,0.387821,false,weights,58
25,45,0.397824,5474309,2,[768/k3→768/k3],0.304032,0.387821,false,weights,33
25,46,0.398919,164357,1,[768/k3],0.345205,0.387821,false,weights,58
25,47,0.397226,164357,1,[768/k3],0.344954,0.387821,false,weights,24
25,48,0.395466,6065669,3,[768/k3→768/k3→768/k1],0.312076,0.387821,false,add_layer,42
25,49,0.397864,164357,1,[768/k3],0.345021,0.387821,false,weights,24
25,50,0.397555,164357,1,[768/k3],0.350708,0.387821,false,remove_layer,33
25,51,0.401319,5474309,2,[768/k3→768/k3],0.287460,0.387821,false,weights,5
25,52,0.392540,5474309,2,[768/k3→768/k3],0.356444,0.387821,false,add_layer,55
25,53,0.394726,10784261,3,[768/k3→768/k3→768/k3],0.329757,0.387821,false,add_layer,8
25,54,0.400168,7245573,2,[768/k3→1024/k3],0.299184,0.387821,false,resize_layer,33
25,55,0.400804,5474309,2,[768/k3→768/k3],0.290417,0.387821,false,weights,5
25,56,0.405398,19097605,3,[1024/k3→1024/k3→1024/k3],0.300911,0.387821,false,weights,41
25,57,0.404999,9658373,2,[1024/k3→1024/k3],0.292768,0.387821,false,weights,45
25,58,0.425832,233253,2,[32/k3→768/k3],0.377924,0.387821,false,resize_layer,59
25,59,0.397342,164357,1,[768/k3],0.346358,0.387821,false,weights,14
25,60,0.395758,5474309,2,[768/k3→768/k3],0.312478,0.387821,false,weights,42
25,61,0.396584,7297285,2,[1024/k3→768/k3],0.295378,0.387821,false,resize_layer,59
25,62,0.398188,16684805,3,[768/k3→1024/k3→1024/k3],0.318248,0.387821,false,resize_layer,41
25,63,0.408931,5474309,2,[768/k3→768/k3],0.273165,0.387821,false,weights,32
26,0,0.407721,5474309,2,[768/k3→768/k3],0.275232,0.387821,true,champion,26
26,1,0.393900,5474309,2,[768/k3→768/k3],0.322440,0.387821,false,weights,52
26,2,0.401969,5474309,2,[768/k3→768/k3],0.289987,0.387821,false,weights,26
26,3,0.440658,164357,1,[768/k3],0.422863,0.387821,false,remove_layer,60
26,4,0.451770,164932,2,[23/k1→768/k3],0.417905,0.387821,false,add_layer,59
26,5,0.398394,5474309,2,[768/k3→768/k3],0.290272,0.387821,false,weights,28
26,6,0.402551,5474309,2,[768/k3→768/k3],0.280871,0.387821,false,weights,9
26,7,0.398109,164357,1,[768/k3],0.350653,0.387821,false,remove_layer,3
26,8,0.395417,5474309,2,[768/k3→768/k3],0.301407,0.387821,false,weights,3
26,9,0.401310,5474309,2,[768/k3→768/k3],0.280373,0.387821,false,weights,18
26,10,0.442374,164357,1,[768/k3],0.421953,0.387821,false,remove_layer,15
26,11,0.400000,5474309,2,[768/k3→768/k3],0.288075,0.387821,false,weights,3
26,12,0.396792,164357,1,[768/k3],0.342745,0.387821,false,weights,47
26,13,0.409006,10784261,3,[768/k3→768/k3→768/k3],0.277717,0.387821,false,weights,53
26,14,0.392793,5474309,2,[768/k3→768/k3],0.318326,0.387821,false,weights,52
26,15,0.439712,164357,1,[768/k3],0.421218,0.387821,false,remove_layer,61
26,16,0.397854,164357,1,[768/k3],0.345294,0.387821,false,weights,50
26,17,0.419233,16094213,4,[768/k3→768/k3→768/k3→768/k3],0.290366,0.387821,false,add_layer,31
26,18,0.445526,164932,2,[23/k1→768/k3],0.402354,0.387821,false,add_layer,50
26,19,0.399296,6065669,3,[768/k3→768/k3→768/k1],0.288889,0.387821,false,weights,48
26,20,0.441719,10784836,4,[23/k1→768/k3→768/k3→768/k3],0.336333,0.387821,false,add_layer,53
26,21,0.424263,169164,2,[23/k3→768/k3],0.387104,0.387821,false,add_layer,50
26,22,0.403229,5474309,2,[768/k3→768/k3],0.278727,0.387821,false,weights,24
26,23,0.395624,5474309,2,[768/k3→768/k3],0.305030,0.387821,false,weights,15
26,24,0.401311,6065669,3,[768/k3→768/k3→768/k1],0.281105,0.387821,false,add_layer,28
26,25,0.398391,164357,1,[768/k3],0.341580,0.387821,false,remove_layer,59
26,26,0.396216,5474309,2,[768/k3→768/k3],0.297636,0.387821,false,weights,15
26,27,0.395788,10784261,3,[768/k3→768/k3→768/k3],0.316149,0.387821,false,add_layer,18
26,28,0.409808,10784261,3,[768/k3→768/k3→768/k3],0.264678,0.387821,false,weights,53
26,29,0.405934,6065669,3,[768/k3→768/k1→768/k3],0.292801,0.387821,false,add_layer,52
26,30,0.398621,164357,1,[768/k3],0.342766,0.387821,false,weights,47
26,31,0.397459,164357,1,[768/k3],0.343205,0.387821,false,weights,59
26,32,0.417790,10784261,3,[768/k3→768/k3→768/k3],0.256500,0.387821,false,weights,53
26,33,0.401029,5474309,2,[768/k3→768/k3],0.280297,0.387821,false,weights,28
26,34,0.397903,164357,1,[768/k3],0.344913,0.387821,false,weights,59
26,35,0.400793,6065669,3,[768/k3→768/k1→768/k3],0.291050,0.387821,false,add_layer,15
26,36,0.401227,5474309,2,[768/k3→768/k3],0.280175,0.387821,false,weights,28
26,37,0.398601,164357,1,[768/k3],0.338996,0.387821,false,remove_layer,47
26,38,0.400952,1828357,2,[256/k3→768/k3],0.298814,0.387821,false,resize_layer,61
26,39,0.398241,164357,1,[768/k3],0.345779,0.387821,false,weights,50
26,40,0.434419,603333,2,[768/k3→64/k3],0.393814,0.387821,false,resize_layer,15
26,41,0.390497,7297285,2,[1024/k3→768/k3],0.303959,0.387821,false,weights,61
26,42,0.400734,6065669,3,[768/k3→768/k1→768/k3],0.291346,0.387821,false,add_layer,15
26,43,0.394476,5474309,2,[768/k3→768/k3],0.304389,0.387821,false,weights,3
26,44,0.396914,5474309,2,[768/k3→768/k3],0.306197,0.387821,false,weights,52
26,45,0.396574,164357,1,[768/k3],0.343398,0.387821,false,weights,59
26,46,0.402842,5474309,2,[768/k3→768/k3],0.284907,0.387821,false,weights,3
26,47,0.393618,5474309,2,[768/k3→768/k3],0.321998,0.387821,false,remove_layer,53
26,48,0.415483,10784261,3,[768/k3→768/k3→768/k3],0.255472,0.387821,false,weights,53
26,49,0.403315,5474309,2,[768/k3→768/k3],0.281803,0.387821,false,weights,9
26,50,0.398246,164357,1,[768/k3],0.343625,0.387821,false,remove_layer,50
26,51,0.396584,5474309,2,[768/k3→768/k3],0.298914,0.387821,false,weights,15
26,52,0.392459,6065669,3,[768/k3→768/k3→768/k1],0.304238,0.387821,false,weights,48
26,53,0.400467,5474309,2,[768/k3→768/k3],0.284163,0.387821,false,weights,9
26,54,0.402014,3651333,2,[512/k3→768/k3],0.289583,0.387821,false,resize_layer,9
26,55,0.401030,5474309,2,[768/k3→768/k3],0.289830,0.387821,false,weights,26
26,56,0.422567,169164,2,[23/k3→768/k3],0.385241,0.387821,false,add_layer,50
26,57,0.392919,7297285,2,[1024/k3→768/k3],0.302404,0.387821,false,weights,61
26,58,0.398362,5474309,2,[768/k3→768/k3],0.288763,0.387821,false,weights,28
26,59,0.404452,6065669,3,[768/k3→768/k1→768/k3],0.283861,0.387821,false,add_layer,26
26,60,0.408587,5474309,2,[768/k3→768/k3],0.268696,0.387821,false,weights,18
26,61,0.399927,10784261,3,[768/k3→768/k3→768/k3],0.309100,0.387821,false,weights,31
26,62,0.422573,10789068,4,[23/k3→768/k3→768/k3→768/k3],0.320409,0.387821,false,add_layer,53
26,63,0.398391,164357,1,[768/k3],0.341580,0.387821,false,remove_layer,59
27,0,0.409420,7297285,2,[1024/k3→768/k3],0.263368,0.387821,true,champion,41
27,1,0.397695,5474309,2,[768/k3→768/k3],0.292189,0.387821,false,weights,51
27,2,0.440455,5474884,3,[23/k1→768/k3→768/k3],0.368784,0.387821,false,add_layer,44
27,3,0.408817,3703045,2,[768/k3→512/k3],0.270751,0.387821,false,resize_layer,51
27,4,0.407133,6065669,3,[768/k3→768/k3→768/k1],0.263094,0.387821,false,weights,52
27,5,0.440108,164357,1,[768/k3],0.421753,0.387821,false,remove_layer,43
27,6,0.421186,5479116,3,[23/k3→768/k3→768/k3],0.341603,0.387821,false,add_layer,26
27,7,0.414113,6065669,3,[768/k3→768/k3→768/k1],0.250323,0.387821,false,weights,52
27,8,0.412932,6065669,3,[768/k3→768/k3→768/k1],0.252733,0.387821,false,weights,52
27,9,0.399924,5474309,2,[768/k3→768/k3],0.293458,0.387821,false,weights,14
27,10,0.400331,3651333,2,[512/k3→768/k3],0.299407,0.387821,false,resize_layer,47
27,11,0.405738,7888645,3,[1024/k3→768/k3→768/k1],0.269980,0.387821,false,add_layer,57
27,12,0.400781,5474309,2,[768/k3→768/k3],0.288936,0.387821,false,weights,8
27,13,0.398482,164357,1,[768/k3],0.339030,0.387821,false,weights,12
27,14,0.397017,164357,1,[768/k3],0.341500,0.387821,false,weights,45
27,15,0.404006,7297285,2,[1024/k3→768/k3],0.276413,0.387821,false,weights,57
27,16,0.416860,10784261,3,[768/k3→768/k3→768/k3],0.247984,0.387821,false,weights,27
27,17,0.399266,5474309,2,[768/k3→768/k3],0.294780,0.387821,false,weights,14
27,18,0.397397,5474309,2,[768/k3→768/k3],0.298384,0.387821,false,weights,14
27,19,0.409978,5543205,3,[32/k3→768/k3→768/k3],0.356137,0.387821,false,resize_layer,27
27,20,0.399202,5474309,2,[768/k3→768/k3],0.294923,0.387821,false,weights,1
27,21,0.397782,164357,1,[768/k3],0.340365,0.387821,false,weights,31
27,22,0.404215,7297285,2,[1024/k3→768/k3],0.275425,0.387821,false,weights,41
27,23,0.399014,5474309,2,[768/k3→768/k3],0.297896,0.387821,false,weights,47
27,24,0.406000,7297285,2,[1024/k3→768/k3],0.271788,0.387821,false,weights,41
27,25,0.398640,164357,1,[768/k3],0.350639,0.387821,false,remove_layer,8
27,26,0.396967,164357,1,[768/k3],0.341048,0.387821,false,weights,12
27,27,0.400501,5474309,2,[768/k3→768/k3],0.283307,0.387821,false,weights,26
27,28,0.398236,5474309,2,[768/k3→768/k3],0.293294,0.387821,false,weights,44
27,29,0.421018,10784261,3,[768/k3→768/k3→768/k3],0.242682,0.387821,false,weights,27
27,30,0.397869,164357,1,[768/k3],0.341062,0.387821,false,weights,31
27,31,0.416254,6065669,3,[768/k3→768/k3→768/k1],0.247420,0.387821,false,weights,52
27,32,0.414647,5479116,3,[23/k3→768/k3→768/k3],0.355312,0.387821,false,add_layer,1
27,33,0.404166,461125,2,[64/k3→768/k3],0.353689,0.387821,false,resize_layer,1
27,34,0.399606,5474309,2,[768/k3→768/k3],0.292371,0.387821,false,weights,8
27,35,0.400995,5474309,2,[768/k3→768/k3],0.293707,0.387821,false,weights,47
27,36,0.407436,5474309,2,[768/k3→768/k3],0.270642,0.387821,false,weights,43
27,37,0.398289,916869,2,[128/k3→768/k3],0.328384,0.387821,false,resize_layer,26
27,38,0.399219,5474309,2,[768/k3→768/k3],0.291444,0.387821,false,weights,44
27,39,0.420507,10784261,3,[768/k3→768/k3→768/k3],0.239325,0.387821,false,weights,27
27,40,0.398128,164357,1,[768/k3],0.338059,0.387821,false,remove_layer,31
27,41,0.427587,233253,2,[32/k3→768/k3],0.377288,0.387821,false,resize_layer,44
27,42,0.393453,10784261,3,[768/k3→768/k3→768/k3],0.321727,0.387821,false,add_layer,26
27,43,0.419669,12555525,3,[768/k3→768/k3→1024/k3],0.240058,0.387821,false,resize_layer,27
27,44,0.400243,164357,1,[768/k3],0.354341,0.387821,false,remove_layer,47
27,45,0.399069,10784261,3,[768/k3→768/k3→768/k3],0.307718,0.387821,false,add_layer,26
27,46,0.414198,6065669,3,[768/k3→768/k3→768/k1],0.250233,0.387821,false,weights,52
27,47,0.410178,10784261,3,[768/k3→768/k3→768/k3],0.270187,0.387821,false,weights,27
27,48,0.406154,5474309,2,[768/k3→768/k3],0.274236,0.387821,false,weights,8
27,49,0.426713,6657029,4,[768/k3→768/k1→768/k3→768/k1],0.218974,0.387821,false,add_layer,52
27,50,0.406957,5474309,2,[768/k3→768/k3],0.272341,0.387821,false,weights,23
27,51,0.418415,5479116,3,[23/k3→768/k3→768/k3],0.360133,0.387821,false,add_layer,44
27,52,0.402392,5474309,2,[768/k3→768/k3],0.282964,0.387821,false,weights,43
27,53,0.408741,2132485,3,[768/k3→256/k3→768/k1],0.271923,0.387821,false,resize_layer,52
27,54,0.397249,10784261,3,[768/k3→768/k3→768/k3],0.308778,0.387821,false,add_layer,47
27,55,0.407571,5474309,2,[768/k3→768/k3],0.271058,0.387821,false,weights,51
27,56,0.398085,164357,1,[768/k3],0.340548,0.387821,false,weights,45
27,57,0.399261,5474309,2,[768/k3→768/k3],0.294046,0.387821,false,weights,14
27,58,0.398997,164357,1,[768/k3],0.337155,0.387821,false,remove_layer,12
27,59,0.414173,10784261,3,[768/k3→768/k3→768/k3],0.270190,0.387821,false,weights,27
27,60,0.401835,755717,2,[768/k3→768/k1],0.319179,0.387821,false,add_layer,12
27,61,0.400180,5474309,2,[768/k3→768/k3],0.291728,0.387821,false,weights,14
27,62,0.402090,5474309,2,[768/k3→768/k3],0.284264,0.387821,false,weights,26
27,63,0.401575,5474309,2,[768/k3→768/k3],0.280867,0.387821,false,weights,51
28,0,0.425907,10784261,3,[768/k3→768/k3→768/k3],0.227175,0.387821,true,champion,42
28,1,0.397892,164357,1,[768/k3],0.339191,0.387821,false,weights,56
28,2,0.397027,5474309,2,[768/k3→768/k3],0.293908,0.387821,false,weights,18
28,3,0.397726,164357,1,[768/k3],0.336931,0.387821,false,weights,40
28,4,0.398390,164357,1,[768/k3],0.335131,0.387821,false,remove_layer,40
28,5,0.398382,164357,1,[768/k3],0.337809,0.387821,false,weights,40
28,6,0.398383,164357,1,[768/k3],0.337592,0.387821,false,weights,30
28,7,0.398004,164357,1,[768/k3],0.340108,0.387821,false,weights,56
28,8,0.403938,5474309,2,[768/k3→768/k3],0.280074,0.387821,false,weights,23
28,9,0.398627,164357,1,[768/k3],0.336168,0.387821,false,weights,40
28,10,0.397907,164357,1,[768/k3],0.338865,0.387821,false,weights,30
28,11,0.401691,3651333,2,[512/k3→768/k3],0.291073,0.387821,false,resize_layer,23
28,12,0.404125,916869,2,[128/k3→768/k3],0.307675,0.387821,false,weights,37
28,13,0.402753,755717,2,[768/k3→768/k1],0.318126,0.387821,false,add_layer,56
28,14,0.398992,916869,2,[128/k3→768/k3],0.316780,0.387821,false,weights,37
28,15,0.397763,164357,1,[768/k3],0.336942,0.387821,false,weights,56
28,16,0.397634,5474309,2,[768/k3→768/k3],0.294753,0.387821,false,weights,28
28,17,0.405720,916869,2,[128/k3→768/k3],0.303098,0.387821,false,weights,37
28,18,0.401748,755717,2,[768/k3→768/k1],0.318554,0.387821,false,add_layer,25
28,19,0.397709,164357,1,[768/k3],0.336482,0.387821,false,weights,40
28,20,0.397391,164357,1,[768/k3],0.340362,0.387821,false,weights,14
28,21,0.444993,164357,1,[768/k3],0.423184,0.387821,false,remove_layer,1
28,22,0.398224,164357,1,[768/k3],0.348750,0.387821,false,remove_layer,28
28,23,0.402919,755717,2,[768/k3→768/k1],0.317888,0.387821,false,add_layer,56
28,24,0.425479,164357,1,[768/k3],0.420971,0.387821,false,remove_layer,37
28,25,0.396758,5474309,2,[768/k3→768/k3],0.292316,0.387821,false,weights,18
28,26,0.400720,5474309,2,[768/k3→768/k3],0.288444,0.387821,false,weights,23
28,27,0.410616,5474309,2,[768/k3→768/k3],0.263862,0.387821,false,weights,1
28,28,0.398558,164357,1,[768/k3],0.336326,0.387821,false,remove_layer,30
28,29,0.415363,10784261,3,[768/k3→768/k3→768/k3],0.258188,0.387821,false,weights,54
28,30,0.407890,5474309,2,[768/k3→768/k3],0.391912,0.387821,false,remove_layer,54
28,31,0.402860,5474309,2,[768/k3→768/k3],0.280932,0.387821,false,weights,23
28,32,0.398017,164357,1,[768/k3],0.349837,0.387821,false,remove_layer,18
28,33,0.440144,5474884,3,[23/k1→768/k3→768/k3],0.357274,0.387821,false,add_layer,1
28,34,0.398418,164357,1,[768/k3],0.340597,0.387821,false,weights,30
28,35,0.397853,164357,1,[768/k3],0.339877,0.387821,false,weights,30
28,36,0.398460,164357,1,[768/k3],0.338523,0.387821,false,weights,14
28,37,0.413547,10784261,3,[768/k3→768/k3→768/k3],0.259493,0.387821,false,weights,54
28,38,0.398332,164357,1,[768/k3],0.346004,0.387821,false,weights,25
28,39,0.398052,164357,1,[768/k3],0.338326,0.387821,false,weights,26
28,40,0.398621,164357,1,[768/k3],0.337280,0.387821,false,weights,26
28,41,0.397378,5474309,2,[768/k3→768/k3],0.304678,0.387821,false,remove_layer,54
28,42,0.397435,164357,1,[768/k3],0.340174,0.387821,false,weights,21
28,43,0.403610,916869,2,[128/k3→768/k3],0.305952,0.387821,false,weights,37
28,44,0.425727,27397,1,[128/k3],0.421930,0.387821,false,resize_layer,56
28,45,0.444993,164357,1,[768/k3],0.423184,0.387821,false,remove_layer,1
28,46,0.397049,164357,1,[768/k3],0.340905,0.387821,false,weights,14
28,47,0.415910,10784261,3,[768/k3→768/k3→768/k3],0.262689,0.387821,false,weights,42
28,48,0.398587,164357,1,[768/k3],0.336415,0.387821,false,weights,40
28,49,0.403875,5771077,3,[64/k3→768/k3→768/k3],0.325584,0.387821,false,resize_layer,42
28,50,0.399594,5474309,2,[768/k3→768/k3],0.291177,0.387821,false,weights,23
28,51,0.444947,164932,2,[23/k1→768/k3],0.396478,0.387821,false,add_layer,58
28,52,0.440128,100933,2,[128/k3→64/k3],0.420949,0.387821,false,resize_layer,37
28,53,0.397938,164357,1,[768/k3],0.338705,0.387821,false,weights,30
28,54,0.399533,5474309,2,[768/k3→768/k3],0.286903,0.387821,false,weights,28
28,55,0.400579,5474309,2,[768/k3→768/k3],0.284284,0.387821,false,weights,18
28,56,0.398006,164357,1,[768/k3],0.335639,0.387821,false,weights,40
28,57,0.397935,5474309,2,[768/k3→768/k3],0.286656,0.387821,false,weights,28
28,58,0.393713,5474309,2,[768/k3→768/k3],0.362311,0.387821,false,add_layer,58
28,59,0.397793,164357,1,[768/k3],0.340231,0.387821,false,weights,30
28,60,0.398556,164357,1,[768/k3],0.343953,0.387821,false,weights,25
28,61,0.444297,603333,2,[768/k3→64/k3],0.411313,0.387821,false,resize_layer,23
28,62,0.421931,14323717,3,[768/k3→1024/k3→768/k3],0.239176,0.387821,false,resize_layer,42
28,63,0.413860,10784261,3,[768/k3→768/k3→768/k3],0.266895,0.387821,false,weights,54
29,0,0.394863,5474309,2,[768/k3→768/k3],0.311205,0.387821,true,champion,58
29,1,0.406399,5474309,2,[768/k3→768/k3],0.269304,0.387821,false,weights,2
29,2,0.447629,164932,2,[23/k1→768/k3],0.397611,0.387821,false,add_layer,46
29,3,0.484705,13701,1,[64/k3],0.487636,0.387821,false,resize_layer,59
29,4,0.397029,164357,1,[768/k3],0.339402,0.387821,false,weights,35
29,5,0.409250,5474309,2,[768/k3→768/k3],0.265388,0.387821,false,weights,57
29,6,0.398410,164357,1,[768/k3],0.333757,0.387821,false,remove_layer,19
29,7,0.397639,164357,1,[768/k3],0.337857,0.387821,false,weights,35
29,8,0.483975,13701,1,[64/k3],0.487353,0.387821,false,resize_layer,35
29,9,0.397963,164357,1,[768/k3],0.336670,0.387821,false,weights,10
29,10,0.406739,5474309,2,[768/k3→768/k3],0.268768,0.387821,false,weights,57
29,11,0.394786,5474309,2,[768/k3→768/k3],0.313091,0.387821,false,weights,58
29,12,0.415406,5474309,2,[768/k3→768/k3],0.254294,0.387821,false,weights,2
29,13,0.397199,164357,1,[768/k3],0.338619,0.387821,false,weights,20
29,14,0.404455,5474309,2,[768/k3→768/k3],0.283901,0.387821,false,weights,41
29,15,0.401971,10784261,3,[768/k3→768/k3→768/k3],0.302369,0.387821,false,add_layer,2
29,16,0.397407,164357,1,[768/k3],0.337491,0.387821,false,weights,10
29,17,0.406713,5474309,2,[768/k3→768/k3],0.266401,0.387821,false,weights,57
29,18,0.394266,1828357,2,[256/k3→768/k3],0.337270,0.387821,false,resize_layer,58
29,19,0.397781,164357,1,[768/k3],0.337891,0.387821,false,weights,46
29,20,0.398238,164357,1,[768/k3],0.336365,0.387821,false,weights,35
29,21,0.397608,164357,1,[768/k3],0.338359,0.387821,false,weights,20
29,22,0.402518,54789,1,[256/k3],0.379418,0.387821,false,resize_layer,3
29,23,0.396772,164357,1,[768/k3],0.338592,0.387821,false,weights,1
29,24,0.398829,164357,1,[768/k3],0.348046,0.387821,false,remove_layer,57
29,25,0.402131,5474309,2,[768/k3→768/k3],0.278021,0.387821,false,weights,57
29,26,0.404645,5474309,2,[768/k3→768/k3],0.271642,0.387821,false,weights,25
29,27,0.391631,5474309,2,[768/k3→768/k3],0.360018,0.387821,false,add_layer,35
29,28,0.397986,164357,1,[768/k3],0.335546,0.387821,false,weights,15
29,29,0.400134,164357,1,[768/k3],0.354018,0.387821,false,remove_layer,41
29,30,0.396371,164357,1,[768/k3],0.342707,0.387821,false,remove_layer,58
29,31,0.397916,164357,1,[768/k3],0.336713,0.387821,false,weights,35
29,32,0.398725,164357,1,[768/k3],0.338444,0.387821,false,weights,59
29,33,0.409529,5474309,2,[768/k3→768/k3],0.267346,0.387821,false,weights,16
29,34,0.400226,916869,2,[128/k3→768/k3],0.315729,0.387821,false,resize_layer,2
29,35,0.398546,164357,1,[768/k3],0.335850,0.387821,false,weights,46
29,36,0.398158,164357,1,[768/k3],0.336348,0.387821,false,weights,15
29,37,0.398721,164357,1,[768/k3],0.338188,0.387821,false,weights,1
29,38,0.397489,164357,1,[768/k3],0.336173,0.387821,false,weights,19
29,39,0.399321,3703045,2,[768/k3→512/k3],0.305211,0.387821,false,resize_layer,58
29,40,0.398104,164357,1,[768/k3],0.338761,0.387821,false,weights,35
29,41,0.406956,5474309,2,[768/k3→768/k3],0.268561,0.387821,false,weights,57
29,42,0.397715,164357,1,[768/k3],0.336787,0.387821,false,weights,15
29,43,0.398469,164357,1,[768/k3],0.335989,0.387821,false,weights,15
29,44,0.398444,164357,1,[768/k3],0.338290,0.387821,false,weights,1
29,45,0.441262,164357,1,[768/k3],0.421062,0.387821,false,remove_layer,2
29,46,0.396748,164357,1,[768/k3],0.336164,0.387821,false,weights,3
29,47,0.398453,164357,1,[768/k3],0.336382,0.387821,false,remove_layer,35
29,48,0.412097,6065669,3,[768/k3→768/k3→768/k1],0.258947,0.387821,false,add_layer,2
29,49,0.397553,164357,1,[768/k3],0.335453,0.387821,false,weights,15
29,50,0.403471,5474309,2,[768/k3→768/k3],0.273672,0.387821,false,weights,57
29,51,0.395594,10784261,3,[768/k3→768/k3→768/k3],0.314395,0.387821,false,add_layer,2
29,52,0.403712,755717,2,[768/k3→768/k1],0.315852,0.387821,false,add_layer,1
29,53,0.398310,164357,1,[768/k3],0.337068,0.387821,false,weights,1
29,54,0.445494,164932,2,[23/k1→768/k3],0.397645,0.387821,false,add_layer,10
29,55,0.397979,164357,1,[768/k3],0.337039,0.387821,false,weights,20
29,56,0.397342,164357,1,[768/k3],0.338395,0.387821,false,weights,10
29,57,0.398758,109573,1,[512/k3],0.347527,0.387821,false,resize_layer,1
29,58,0.397264,164357,1,[768/k3],0.337803,0.387821,false,weights,42
29,59,0.408375,10784261,3,[768/k3→768/k3→768/k3],0.285379,0.387821,false,add_layer,41
29,60,0.397224,164357,1,[768/k3],0.338910,0.387821,false,weights,1
29,61,0.397306,10784261,3,[768/k3→768/k3→768/k3],0.312178,0.387821,false,add_layer,2
29,62,0.404629,755717,2,[768/k3→768/k1],0.314207,0.387821,false,add_layer,3
29,63,0.398176,164357,1,[768/k3],0.336470,0.387821,false,weights,35
30,0,0.397321,5474309,2,[768/k3→768/k3],0.305773,0.387821,true,champion,27
30,1,0.397171,5474309,2,[768/k3→768/k3],0.308753,0.387821,false,weights,27
30,2,0.397806,164357,1,[768/k3],0.336458,0.387821,false,weights,16
30,3,0.447168,164932,2,[23/k1→768/k3],0.398459,0.387821,false,add_layer,56
30,4,0.397828,164357,1,[768/k3],0.337335,0.387821,false,weights,30
30,5,0.443593,164932,2,[23/k1→768/k3],0.396966,0.387821,false,add_layer,4
30,6,0.399529,164357,1,[768/k3],0.330503,0.387821,false,remove_layer,38
30,7,0.424755,164357,1,[768/k3],0.419449,0.387821,false,remove_layer,18
30,8,0.428147,169164,2,[23/k3→768/k3],0.383979,0.387821,false,add_layer,60
30,9,0.431032,169164,2,[23/k3→768/k3],0.386666,0.387821,false,add_layer,58
30,10,0.426211,10784261,3,[768/k3→768/k3→768/k3],0.232489,0.387821,false,weights,51
30,11,0.397219,5474309,2,[768/k3→768/k3],0.295717,0.387821,false,weights,0
30,12,0.398272,164357,1,[768/k3],0.336046,0.387821,false,weights,4
30,13,0.397823,164357,1,[768/k3],0.340614,0.387821,false,remove_layer,0
30,14,0.397936,164357,1,[768/k3],0.335477,0.387821,false,remove_layer,60
30,15,0.397009,5474309,2,[768/k3→768/k3],0.313194,0.387821,false,remove_layer,61
30,16,0.485350,13701,1,[64/k3],0.487404,0.387821,false,resize_layer,23
30,17,0.398013,5474309,2,[768/k3→768/k3],0.300094,0.387821,false,weights,0
30,18,0.398603,164357,1,[768/k3],0.336698,0.387821,false,weights,16
30,19,0.395047,1828357,2,[256/k3→768/k3],0.320963,0.387821,false,weights,18
30,20,0.397520,5474309,2,[768/k3→768/k3],0.299621,0.387821,false,weights,0
30,21,0.426108,27397,1,[128/k3],0.422434,0.387821,false,resize_layer,23
30,22,0.405006,755717,2,[768/k3→768/k1],0.314013,0.387821,false,add_layer,38
30,23,0.424755,164357,1,[768/k3],0.419449,0.387821,false,remove_layer,18
30,24,0.396270,164357,1,[768/k3],0.337027,0.387821,false,weights,23
30,25,0.398695,109573,1,[512/k3],0.346793,0.387821,false,resize_layer,58
30,26,0.397182,164357,1,[768/k3],0.334728,0.387821,false,remove_layer,23
30,27,0.413901,10784261,3,[768/k3→768/k3→768/k3],0.256996,0.387821,false,weights,61
30,28,0.397953,164357,1,[768/k3],0.336141,0.387821,false,weights,4
30,29,0.397991,164357,1,[768/k3],0.336354,0.387821,false,weights,23
30,30,0.397703,219141,1,[1024/k3],0.336176,0.387821,false,resize_layer,30
30,31,0.398496,164357,1,[768/k3],0.334168,0.387821,false,remove_layer,56
30,32,0.397944,164357,1,[768/k3],0.335455,0.387821,false,remove_layer,4
30,33,0.398151,164357,1,[768/k3],0.334591,0.387821,false,weights,38
30,34,0.447185,164932,2,[23/k1→768/k3],0.397210,0.387821,false,add_layer,60
30,35,0.398618,164357,1,[768/k3],0.338464,0.387821,false,weights,4
30,36,0.397835,164357,1,[768/k3],0.336522,0.387821,false,weights,60
30,37,0.414774,1833164,3,[23/k3→256/k3→768/k3],0.367898,0.387821,false,add_layer,18
30,38,0.427298,10784261,3,[768/k3→768/k3→768/k3],0.222814,0.387821,false,weights,51
30,39,0.397885,164357,1,[768/k3],0.336748,0.387821,false,weights,13
30,40,0.396785,164357,1,[768/k3],0.338447,0.387821,false,weights,30
30,41,0.397016,5474309,2,[768/k3→768/k3],0.312983,0.387821,false,remove_layer,51
30,42,0.398497,164357,1,[768/k3],0.334168,0.387821,false,remove_layer,56
30,43,0.397789,164357,1,[768/k3],0.336654,0.387821,false,weights,60
30,44,0.419291,10784261,3,[768/k3→768/k3→768/k3],0.246081,0.387821,false,weights,51
30,45,0.397935,164357,1,[768/k3],0.335477,0.387821,false,remove_layer,60
30,46,0.397891,164357,1,[768/k3],0.334789,0.387821,false,weights,46
30,47,0.397009,5474309,2,[768/k3→768/k3],0.313194,0.387821,false,remove_layer,61
30,48,0.397218,164357,1,[768/k3],0.335971,0.387821,false,weights,23
30,49,0.485350,13701,1,[64/k3],0.487404,0.387821,false,resize_layer,23
30,50,0.449888,164932,2,[23/k1→768/k3],0.397711,0.387821,false,add_layer,4
30,51,0.436157,11375621,4,[768/k3→768/k3→768/k1→768/k3],0.192356,0.387821,false,add_layer,61
30,52,0.398594,3651333,2,[512/k3→768/k3],0.303531,0.387821,false,resize_layer,11
30,53,0.396821,5474309,2,[768/k3→768/k3],0.299544,0.387821,false,weights,0
30,54,0.397861,164357,1,[768/k3],0.334092,0.387821,false,remove_layer,16
30,55,0.398886,164357,1,[768/k3],0.333604,0.387821,false,weights,38
30,56,0.424928,27397,1,[128/k3],0.420474,0.387821,false,resize_layer,46
30,57,0.397705,164357,1,[768/k3],0.334788,0.387821,false,weights,38
30,58,0.404347,755717,2,[768/k3→768/k1],0.313248,0.387821,false,add_layer,46
30,59,0.398123,164357,1,[768/k3],0.337343,0.387821,false,weights,56
30,60,0.395281,5474309,2,[768/k3→768/k3],0.315236,0.387821,false,weights,27
30,61,0.398208,109573,1,[512/k3],0.347179,0.387821,false,resize_layer,16
30,62,0.397779,164357,1,[768/k3],0.335840,0.387821,false,weights,16
30,63,0.398879,219141,1,[1024/k3],0.335505,0.387821,false,resize_layer,60
31,0,0.411630,1828357,2,[256/k3→768/k3],0.282628,0.387821,true,champion,19
31,1,0.405347,10784261,3,[768/k3→768/k3→768/k3],0.300671,0.387821,false,add_layer,15
31,2,0.396458,5474309,2,[768/k3→768/k3],0.298894,0.387821,false,weights,1
31,3,0.401746,5474309,2,[768/k3→768/k3],0.286024,0.387821,false,weights,60
31,4,0.429752,233253,2,[32/k3→768/k3],0.374919,0.387821,false,resize_layer,11
31,5,0.396111,5474309,2,[768/k3→768/k3],0.300170,0.387821,false,weights,1
31,6,0.434081,5474884,3,[23/k1→768/k3→768/k3],0.375230,0.387821,false,add_layer,0
31,7,0.405577,5474309,2,[768/k3→768/k3],0.283330,0.387821,false,weights,47
31,8,0.398609,164357,1,[768/k3],0.331309,0.387821,false,remove_layer,48
31,9,0.400476,5474309,2,[768/k3→768/k3],0.283320,0.387821,false,weights,53
31,10,0.401574,5474309,2,[768/k3→768/k3],0.280164,0.387821,false,weights,20
31,11,0.399614,1046149,2,[768/k3→128/k3],0.327356,0.387821,false,resize_layer,60
31,12,0.396530,1046149,2,[768/k3→128/k3],0.331261,0.387821,false,resize_layer,11
31,13,0.398465,5474309,2,[768/k3→768/k3],0.294678,0.387821,false,weights,1
31,14,0.404336,5474309,2,[768/k3→768/k3],0.284490,0.387821,false,weights,47
31,15,0.399944,5474309,2,[768/k3→768/k3],0.285764,0.387821,false,weights,53
31,16,0.397578,219141,1,[1024/k3],0.335208,0.387821,false,weights,30
31,17,0.406144,5474309,2,[768/k3→768/k3],0.279867,0.387821,false,weights,41
31,18,0.415089,6065669,3,[768/k3→768/k1→768/k3],0.258972,0.387821,false,add_layer,47
31,19,0.398043,164357,1,[768/k3],0.333012,0.387821,false,weights,57
31,20,0.397851,164357,1,[768/k3],0.332850,0.387821,false,weights,57
31,21,0.406230,5474309,2,[768/k3→768/k3],0.273503,0.387821,false,weights,53
31,22,0.397526,164357,1,[768/k3],0.333863,0.387821,false,weights,26
31,23,0.392520,5474309,2,[768/k3→768/k3],0.312853,0.387821,false,weights,1
31,24,0.399472,5474309,2,[768/k3→768/k3],0.297861,0.387821,false,weights,15
31,25,0.410876,5474309,2,[768/k3→768/k3],0.273187,0.387821,false,weights,47
31,26,0.406110,755717,2,[768/k3→768/k1],0.311659,0.387821,false,add_layer,57
31,27,0.431173,169164,2,[23/k3→768/k3],0.387069,0.387821,false,add_layer,26
31,28,0.397963,5474309,2,[768/k3→768/k3],0.287909,0.387821,false,weights,11
31,29,0.398043,164357,1,[768/k3],0.332317,0.387821,false,weights,48
31,30,0.397873,164357,1,[768/k3],0.333082,0.387821,false,weights,57
31,31,0.406338,1828357,2,[256/k3→768/k3],0.291515,0.387821,false,weights,19
31,32,0.397309,219141,1,[1024/k3],0.335976,0.387821,false,weights,30
31,33,0.403039,5474309,2,[768/k3→768/k3],0.277807,0.387821,false,weights,53
31,34,0.397774,164357,1,[768/k3],0.333299,0.387821,false,weights,26
31,35,0.397692,164357,1,[768/k3],0.334919,0.387821,false,weights,24
31,36,0.397231,164357,1,[768/k3],0.334452,0.387821,false,weights,24
31,37,0.392850,5474309,2,[768/k3→768/k3],0.305814,0.387821,false,weights,0
31,38,0.403324,5474309,2,[768/k3→768/k3],0.283415,0.387821,false,weights,47
31,39,0.404142,5474309,2,[768/k3→768/k3],0.278875,0.387821,false,weights,53
31,40,0.403555,6065669,3,[768/k3→768/k1→768/k3],0.278150,0.387821,false,add_layer,20
31,41,0.400676,6065669,3,[768/k3→768/k1→768/k3],0.283174,0.387821,false,add_layer,11
31,42,0.398011,164357,1,[768/k3],0.332370,0.387821,false,weights,57
31,43,0.396709,5474309,2,[768/k3→768/k3],0.300651,0.387821,false,weights,1
31,44,0.448642,164357,1,[768/k3],0.423550,0.387821,false,remove_layer,20
31,45,0.436942,5474884,3,[23/k1→768/k3→768/k3],0.366056,0.387821,false,add_layer,20
31,46,0.398118,219141,1,[1024/k3],0.332228,0.387821,false,resize_layer,48
31,47,0.398012,916869,2,[128/k3→768/k3],0.327990,0.387821,false,resize_layer,53
31,48,0.397139,219141,1,[1024/k3],0.336897,0.387821,false,weights,30
31,49,0.398405,164357,1,[768/k3],0.332496,0.387821,false,weights,57
31,50,0.398787,164357,1,[768/k3],0.330565,0.387821,false,remove_layer,26
31,51,0.406196,5474309,2,[768/k3→768/k3],0.274925,0.387821,false,weights,20
31,52,0.398351,109573,1,[512/k3],0.345683,0.387821,false,resize_layer,24
31,53,0.399780,5474309,2,[768/k3→768/k3],0.284058,0.387821,false,weights,20
31,54,0.397509,5474309,2,[768/k3→768/k3],0.295194,0.387821,false,weights,1
31,55,0.403034,1828357,2,[256/k3→768/k3],0.298803,0.387821,false,weights,19
31,56,0.399658,164357,1,[768/k3],0.350438,0.387821,false,remove_layer,47
31,57,0.402075,5474309,2,[768/k3→768/k3],0.289103,0.387821,false,weights,60
31,58,0.397708,164357,1,[768/k3],0.333325,0.387821,false,weights,26
31,59,0.405693,9658373,2,[1024/k3→1024/k3],0.383817,0.387821,false,add_layer,30
31,60,0.405514,5474309,2,[768/k3→768/k3],0.281286,0.387821,false,weights,47
31,61,0.442681,164357,1,[768/k3],0.425860,0.387821,false,remove_layer,1
31,62,0.405562,5474309,2,[768/k3→768/k3],0.272686,0.387821,false,weights,20
31,63,0.397508,164357,1,[768/k3],0.335772,0.387821,false,weights,40
32,0,0.410419,5474309,2,[768/k3→768/k3],0.265749,0.387821,true,champion,23
32,1,0.396599,5474309,2,[768/k3→768/k3],0.364366,0.387821,false,add_layer,58
32,2,0.394530,5474309,2,[768/k3→768/k3],0.358985,0.387821,false,add_layer,22
32,3,0.400410,5474309,2,[768/k3→768/k3],0.282723,0.387821,false,weights,5
32,4,0.449805,164357,1,[768/k3],0.427947,0.387821,false,remove_layer,2
32,5,0.401353,5474309,2,[768/k3→768/k3],0.284179,0.387821,false,weights,23
32,6,0.397882,164357,1,[768/k3],0.332673,0.387821,false,weights,36
32,7,0.398333,219141,1,[1024/k3],0.335700,0.387821,false,weights,48
32,8,0.414962,1046149,2,[768/k3→128/k3],0.280541,0.387821,false,weights,12
32,9,0.404536,1931781,2,[768/k3→256/k3],0.289883,0.387821,false,resize_layer,43
32,10,0.398499,164357,1,[768/k3],0.331363,0.387821,false,weights,34
32,11,0.397064,164357,1,[768/k3],0.334199,0.387821,false,weights,36
32,12,0.397779,219141,1,[1024/k3],0.333270,0.387821,false,weights,16
32,13,0.398545,219141,1,[1024/k3],0.332570,0.387821,false,resize_layer,35
32,14,0.396826,164357,1,[768/k3],0.335388,0.387821,false,weights,63
32,15,0.397551,164357,1,[768/k3],0.332024,0.387821,false,weights,34
32,16,0.404987,5474309,2,[768/k3→768/k3],0.279617,0.387821,false,weights,23
32,17,0.397087,5474309,2,[768/k3→768/k3],0.290343,0.387821,false,weights,5
32,18,0.397069,164357,1,[768/k3],0.332446,0.387821,false,weights,34
32,19,0.397693,164357,1,[768/k3],0.332154,0.387821,false,weights,22
32,20,0.401721,5474309,2,[768/k3→768/k3],0.278563,0.387821,false,weights,43
32,21,0.397923,164357,1,[768/k3],0.331644,0.387821,false,weights,22
32,22,0.430305,603333,2,[768/k3→64/k3],0.389892,0.387821,false,resize_layer,54
32,23,0.392780,5474309,2,[768/k3→768/k3],0.358064,0.387821,false,add_layer,63
32,24,0.398545,164357,1,[768/k3],0.331175,0.387821,false,remove_layer,22
32,25,0.403014,6065669,3,[768/k3→768/k1→768/k3],0.278591,0.387821,false,add_layer,43
32,26,0.397669,164357,1,[768/k3],0.331694,0.387821,false,weights,34
32,27,0.397829,164357,1,[768/k3],0.331621,0.387821,false,weights,34
32,28,0.398046,164357,1,[768/k3],0.331740,0.387821,false,weights,34
32,29,0.396905,1046149,2,[768/k3→128/k3],0.328912,0.387821,false,resize_layer,37
32,30,0.445733,164932,2,[23/k1→768/k3],0.396539,0.387821,false,add_layer,22
32,31,0.403171,5474309,2,[768/k3→768/k3],0.278226,0.387821,false,weights,5
32,32,0.397666,164357,1,[768/k3],0.332140,0.387821,false,weights,36
32,33,0.587539,6853,1,[32/k3],0.591633,0.387821,false,resize_layer,32
32,34,0.398375,164357,1,[768/k3],0.332702,0.387821,false,resize_layer,32
32,35,0.402354,1931781,2,[768/k3→256/k3],0.293411,0.387821,false,resize_layer,37
32,36,0.400358,3651333,2,[512/k3→768/k3],0.291880,0.387821,false,resize_layer,2
32,37,0.408290,5474309,2,[768/k3→768/k3],0.271091,0.387821,false,weights,37
32,38,0.397139,164357,1,[768/k3],0.343336,0.387821,false,remove_layer,2
32,39,0.393116,10784261,3,[768/k3→768/k3→768/k3],0.324526,0.387821,false,add_layer,43
32,40,0.450253,164932,2,[23/k1→768/k3],0.398820,0.387821,false,add_layer,34
32,41,0.397962,164357,1,[768/k3],0.331590,0.387821,false,weights,22
32,42,0.397321,219141,1,[1024/k3],0.336480,0.387821,false,weights,48
32,43,0.403166,5474309,2,[768/k3→768/k3],0.281466,0.387821,false,weights,23
32,44,0.401397,5474309,2,[768/k3→768/k3],0.281408,0.387821,false,weights,54
32,45,0.397134,219141,1,[1024/k3],0.334141,0.387821,false,weights,32
32,46,0.460479,164932,2,[23/k1→768/k3],0.417584,0.387821,false,add_layer,22
32,47,0.398495,164357,1,[768/k3],0.332334,0.387821,false,remove_layer,35
32,48,0.398728,164357,1,[768/k3],0.360654,0.387821,false,remove_layer,12
32,49,0.597729,6853,1,[32/k3],0.600054,0.387821,false,resize_layer,35
32,50,0.397741,164357,1,[768/k3],0.331060,0.387821,false,weights,58
32,51,0.404301,5474309,2,[768/k3→768/k3],0.276047,0.387821,false,weights,5
32,52,0.399540,5474309,2,[768/k3→768/k3],0.289486,0.387821,false,weights,43
32,53,0.408231,6065669,3,[768/k3→768/k3→768/k1],0.272509,0.387821,false,add_layer,37
32,54,0.402353,1931781,2,[768/k3→256/k3],0.293411,0.387821,false,resize_layer,37
32,55,0.398827,164357,1,[768/k3],0.332474,0.387821,false,resize_layer,16
32,56,0.396715,916869,2,[128/k3→768/k3],0.332666,0.387821,false,resize_layer,54
32,57,0.440563,1637509,3,[768/k3→768/k1→128/k3],0.218630,0.387821,false,add_layer,12
32,58,0.405288,755717,2,[768/k3→768/k1],0.313555,0.387821,false,add_layer,58
32,59,0.398107,164357,1,[768/k3],0.333217,0.387821,false,weights,63
32,60,0.429454,223948,2,[23/k3→1024/k3],0.385193,0.387821,false,add_layer,16
32,61,0.397581,219141,1,[1024/k3],0.333814,0.387821,false,weights,48
32,62,0.446916,164357,1,[768/k3],0.428102,0.387821,false,remove_layer,54
32,63,0.406212,5474309,2,[768/k3→768/k3],0.277667,0.387821,false,weights,23
