generation,individual,val_loss,n_params,n_layers,architecture,train_loss,best_ever,is_champion,mutation_type,parent_idx
1,0,0.472290,3892133,9,[32/k1→768/k3→64/k1→64/k1→768/k1→512/k3→32/k1→32/k1→64/k1],0.416931,0.411524,false,,
1,1,0.444487,9975813,8,[64/k3→64/k3→512/k3→1024/k1→1024/k1→768/k3→128/k3→64/k1],0.404555,0.411524,false,,
1,2,0.478020,14398469,10,[128/k1→32/k3→32/k3→1024/k3→512/k3→1024/k1→768/k3→512/k1→256/k1→512/k3],0.468889,0.411524,false,,
1,3,0.468641,5390661,10,[768/k3→512/k1→768/k1→32/k1→1024/k3→32/k1→1024/k1→256/k3→256/k3→64/k3],0.429876,0.411524,false,,
1,4,0.432087,1245253,6,[64/k3→768/k1→512/k1→512/k1→64/k3→256/k3],0.299794,0.411524,false,,
1,5,0.453168,9693061,9,[768/k1→768/k3→1024/k1→64/k1→1024/k3→256/k3→32/k1→512/k3→64/k3],0.423588,0.411524,false,,
1,6,0.474545,10921349,7,[768/k3→64/k3→64/k1→768/k3→768/k3→512/k3→128/k1],0.453402,0.411524,false,,
1,7,0.434681,1456837,5,[512/k3→32/k1→1024/k1→64/k1→1024/k3],0.361884,0.411524,false,,
1,8,0.462926,14644293,8,[32/k3→256/k3→512/k3→512/k1→768/k1→768/k3→1024/k3→32/k3],0.442940,0.411524,false,,
1,9,0.480550,6753477,7,[64/k3→32/k3→512/k1→512/k1→1024/k3→1024/k1→64/k3],0.455001,0.411524,false,,
1,10,0.467073,1987653,10,[64/k1→512/k3→256/k1→32/k3→1024/k3→64/k1→64/k1→32/k3→1024/k1→1024/k1],0.438597,0.411524,false,,
1,11,0.417998,2554757,5,[768/k3→512/k1→128/k3→64/k1→768/k3],0.354068,0.411524,false,,
1,12,0.433494,3235525,7,[768/k3→256/k3→32/k1→64/k1→128/k1→512/k1→512/k1],0.384159,0.411524,false,,
1,13,0.514238,27141,4,[32/k1→64/k1→32/k3→32/k1],0.503258,0.411524,false,,
1,14,0.429632,2707909,6,[768/k3→64/k1→768/k3→64/k3→1024/k3→64/k1],0.351317,0.411524,false,,
1,15,0.414965,2564101,4,[768/k3→128/k3→256/k3→1024/k1],0.373963,0.411524,false,,
1,16,0.436892,1552453,9,[768/k1→32/k3→768/k3→1024/k1→64/k1→64/k3→64/k3→64/k3→256/k1],0.348262,0.411524,false,,
1,17,0.481190,1031717,10,[32/k3→1024/k1→32/k1→32/k1→64/k3→256/k3→64/k3→32/k1→256/k1→256/k3],0.440067,0.411524,false,,
1,18,0.458674,4275461,10,[1024/k3→128/k3→768/k3→64/k1→128/k1→32/k1→768/k3→32/k1→512/k3→512/k1],0.436814,0.411524,false,,
1,19,0.434433,672581,4,[512/k1→1024/k1→32/k1→768/k1],0.259061,0.411524,false,,
1,20,0.474993,2828069,7,[32/k1→512/k1→512/k1→256/k3→128/k1→768/k3→64/k3],0.426687,0.411524,false,,
1,21,0.424222,984901,7,[64/k3→256/k3→1024/k1→32/k3→512/k1→32/k1→512/k3],0.361014,0.411524,false,,
1,22,0.441925,533253,5,[128/k1→64/k3→128/k1→256/k3→512/k1],0.308587,0.411524,false,,
1,23,0.466565,7679365,9,[1024/k3→768/k1→64/k3→32/k1→768/k1→128/k3→512/k1→768/k3→64/k3],0.440605,0.411524,false,,
1,24,0.478964,2593861,8,[256/k3→1024/k1→32/k3→1024/k3→32/k1→128/k1→768/k3→64/k3],0.450539,0.411524,false,,
1,25,0.427363,7324229,8,[768/k3→512/k1→32/k1→768/k1→512/k1→1024/k3→512/k1→256/k1],0.327582,0.411524,false,,
1,26,0.422250,553861,4,[128/k3→1024/k1→128/k1→768/k1],0.295862,0.411524,false,,
1,27,0.459465,3027045,9,[32/k3→1024/k3→512/k1→64/k1→1024/k1→256/k1→64/k3→1024/k3→1024/k1],0.428018,0.411524,false,,
1,28,0.465336,4226757,6,[64/k1→256/k1→1024/k3→64/k1→1024/k3→128/k3],0.409459,0.411524,false,,
1,29,0.456547,5363781,10,[1024/k1→64/k1→768/k1→256/k3→128/k1→1024/k3→128/k3→768/k3→32/k1→128/k1],0.347416,0.411524,false,,
1,30,0.466263,1138341,8,[128/k1→32/k3→128/k3→256/k1→256/k1→128/k1→768/k3→32/k1],0.406132,0.411524,false,,
1,31,0.517742,14599941,6,[256/k1→768/k3→512/k3→768/k1→768/k3→512/k3],0.526016,0.411524,false,,
1,32,0.444926,6391557,9,[256/k3→256/k3→512/k1→64/k3→768/k3→768/k1→512/k3→256/k1→128/k3],0.398309,0.411524,false,,
1,33,0.416546,2739973,5,[256/k3→256/k3→256/k1→512/k3→1024/k1],0.368576,0.411524,false,,
1,34,0.464647,1090021,9,[32/k3→512/k3→32/k1→768/k3→64/k1→64/k1→32/k1→256/k1→256/k3],0.433234,0.411524,false,,
1,35,0.468013,16351493,9,[512/k1→768/k3→256/k3→64/k1→768/k1→1024/k1→1024/k3→64/k1→1024/k3],0.449723,0.411524,false,,
1,36,0.428037,3238917,4,[512/k1→1024/k1→256/k1→1024/k3],0.364001,0.411524,false,,
1,37,0.571817,34789509,9,[512/k3→1024/k3→512/k3→1024/k3→64/k3→256/k3→1024/k1→1024/k3→1024/k3],0.578072,0.411524,false,,
1,38,0.438735,2588229,9,[64/k3→256/k1→768/k3→64/k3→128/k3→512/k1→64/k1→64/k3→768/k1],0.365392,0.411524,false,,
1,39,0.472283,3571141,9,[64/k1→256/k3→128/k3→256/k1→64/k3→256/k1→1024/k3→256/k1→128/k3],0.398482,0.411524,false,,
1,40,0.453958,11062213,10,[256/k3→512/k1→256/k1→128/k3→256/k1→256/k3→768/k3→768/k1→1024/k3→64/k1],0.377152,0.411524,false,,
1,41,0.415595,641093,7,[512/k1→32/k3→64/k3→64/k1→128/k3→128/k1→256/k3],0.346378,0.411524,false,,
1,42,0.414362,3012997,6,[1024/k3→128/k3→128/k1→256/k1→768/k1→128/k1],0.335854,0.411524,false,,
1,43,0.507173,2061925,9,[32/k1→1024/k1→64/k1→1024/k1→512/k1→64/k1→256/k1→512/k1→256/k3],0.409032,0.411524,false,,
1,44,0.525850,1492485,10,[128/k1→512/k1→1024/k1→128/k1→512/k1→128/k3→256/k1→32/k1→32/k3→1024/k1],0.170806,0.411524,false,,
1,45,0.466087,2717637,10,[512/k1→128/k3→768/k3→32/k3→32/k3→1024/k3→32/k3→128/k3→768/k1→256/k1],0.429040,0.411524,false,,
1,46,0.470859,8461445,9,[512/k3→512/k3→256/k3→1024/k3→128/k1→1024/k1→128/k3→64/k3→512/k3],0.465247,0.411524,false,,
1,47,0.479653,2742757,6,[32/k3→1024/k3→64/k3→64/k3→1024/k3→128/k3],0.473183,0.411524,false,,
1,48,0.520535,9292869,8,[768/k3→512/k1→512/k1→32/k1→768/k3→256/k1→768/k3→768/k3],0.520659,0.411524,false,,
1,49,0.457891,2303173,7,[1024/k1→32/k3→64/k3→768/k1→128/k3→256/k3→256/k3],0.429054,0.411524,false,,
1,50,0.418101,2128197,6,[768/k3→128/k3→128/k1→32/k1→128/k1→768/k1],0.353772,0.411524,false,,
1,51,0.438824,192645,5,[64/k3→128/k3→32/k1→128/k1→128/k1],0.397950,0.411524,false,,
1,52,0.515095,5407365,6,[32/k1→128/k1→32/k3→768/k1→768/k3→32/k1],0.485863,0.411524,false,,
1,53,0.446159,963557,8,[128/k3→256/k3→128/k1→32/k3→1024/k3→32/k1→256/k3→32/k1],0.327610,0.411524,false,,
1,54,0.513276,4847429,5,[64/k3→32/k1→32/k3→512/k1→1024/k3],0.502090,0.411524,false,,
1,55,0.411524,4344197,7,[256/k3→1024/k3→128/k1→512/k1→1024/k1→768/k1→128/k1],0.344584,0.411524,false,,
1,56,0.474954,1999941,5,[64/k1→512/k1→64/k1→256/k3→768/k3],0.383260,0.411524,false,,
1,57,0.452066,992165,6,[32/k1→128/k3→768/k3→32/k1→128/k1→256/k1],0.381429,0.411524,false,,
1,58,0.506340,2834309,8,[64/k1→128/k1→32/k1→64/k3→512/k3→256/k1→256/k3→768/k3],0.482172,0.411524,false,,
1,59,0.439473,3384037,6,[512/k3→256/k1→512/k1→256/k3→512/k3→32/k1],0.369842,0.411524,false,,
1,60,0.463349,10617861,5,[768/k1→1024/k3→512/k1→1024/k1→256/k3],0.442936,0.411524,false,,
1,61,0.425239,1046533,6,[64/k3→768/k3→32/k3→128/k3→128/k3→768/k1],0.365547,0.411524,false,,
1,62,0.505141,10559173,10,[64/k3→256/k3→128/k3→1024/k1→256/k1→128/k3→128/k1→1024/k3→1024/k1→768/k3],0.504373,0.411524,false,,
1,63,0.476878,7469285,7,[32/k1→512/k3→512/k3→768/k3→1024/k1→64/k3→512/k1],0.407723,0.411524,false,,
2,0,0.422992,4344197,7,[256/k3→1024/k3→128/k1→512/k1→1024/k1→768/k1→128/k1],0.267619,0.404084,true,champion,55
2,1,0.441730,1046533,6,[64/k3→768/k3→32/k3→128/k3→128/k3→768/k1],0.267527,0.404084,false,weights,61
2,2,0.465755,641093,7,[512/k1→32/k3→64/k3→64/k1→128/k3→128/k1→256/k3],0.209482,0.404084,false,weights,41
2,3,0.444578,1604485,5,[128/k3→1024/k1→1024/k1→128/k1→768/k1],0.200206,0.404084,false,add_layer,26
2,4,0.441556,1245253,6,[64/k3→768/k1→512/k1→512/k1→64/k3→256/k3],0.252953,0.404084,false,weights,4
2,5,0.483611,641093,7,[512/k1→32/k3→64/k3→64/k1→128/k3→128/k1→256/k3],0.185500,0.404084,false,weights,41
2,6,0.413718,2739973,5,[256/k3→256/k3→256/k1→512/k3→1024/k1],0.274555,0.404084,false,weights,33
2,7,0.443063,984901,7,[64/k3→256/k3→1024/k1→32/k3→512/k1→32/k1→512/k3],0.279302,0.404084,false,weights,21
2,8,0.466625,672581,4,[512/k1→1024/k1→32/k1→768/k1],0.135724,0.404084,false,weights,19
2,9,0.442068,2707909,6,[768/k3→64/k1→768/k3→64/k3→1024/k3→64/k1],0.245028,0.404084,false,weights,14
2,10,0.405854,2673925,4,[256/k3→256/k3→512/k3→1024/k1],0.336854,0.404084,false,remove_layer,33
2,11,0.448711,1245253,6,[64/k3→768/k1→512/k1→512/k1→64/k3→256/k3],0.230050,0.404084,false,weights,4
2,12,0.413559,499525,6,[64/k3→256/k3→32/k3→512/k1→32/k1→512/k3],0.339825,0.404084,false,remove_layer,21
2,13,0.428125,898821,5,[64/k3→768/k3→32/k3→128/k3→768/k1],0.297747,0.404084,false,remove_layer,61
2,14,0.579342,642789,3,[512/k1→1024/k1→32/k1],0.539380,0.404084,false,remove_layer,19
2,15,0.469996,672581,4,[512/k1→1024/k1→32/k1→768/k1],0.136673,0.404084,false,weights,19
2,16,0.430769,2707909,6,[768/k3→64/k1→768/k3→64/k3→1024/k3→64/k1],0.242369,0.404084,false,weights,14
2,17,0.429357,6635077,6,[768/k3→768/k3→128/k1→32/k1→128/k1→768/k1],0.269151,0.404084,false,resize_layer,50
2,18,0.443836,2707909,6,[768/k3→64/k1→768/k3→64/k3→1024/k3→64/k1],0.242922,0.404084,false,weights,14
2,19,0.425628,3012997,6,[1024/k3→128/k3→128/k1→256/k1→768/k1→128/k1],0.234712,0.404084,false,weights,42
2,20,0.464850,2707909,6,[768/k3→64/k1→768/k3→64/k3→1024/k3→64/k1],0.202435,0.404084,false,weights,14
2,21,0.409370,2739973,5,[256/k3→256/k3→256/k1→512/k3→1024/k1],0.294869,0.404084,false,weights,33
2,22,0.461201,7193925,7,[768/k3→512/k1→32/k1→768/k1→512/k1→1024/k3→512/k1],0.208706,0.404084,false,remove_layer,25
2,23,0.469059,641093,7,[512/k1→32/k3→64/k3→64/k1→128/k3→128/k1→256/k3],0.197108,0.404084,false,weights,41
2,24,0.419068,2739973,5,[256/k3→256/k3→256/k1→512/k3→1024/k1],0.276884,0.404084,false,weights,33
2,25,0.429917,2739973,5,[256/k3→256/k3→256/k1→512/k3→1024/k1],0.257996,0.404084,false,weights,33
2,26,0.423947,984901,7,[64/k3→256/k3→1024/k1→32/k3→512/k1→32/k1→512/k3],0.307855,0.404084,false,weights,21
2,27,0.414288,2296069,3,[768/k3→128/k3→256/k3],0.279719,0.404084,false,remove_layer,15
2,28,0.470399,7587397,9,[768/k3→512/k1→32/k1→768/k1→512/k1→1024/k3→512/k1→512/k1→256/k1],0.168566,0.404084,false,add_layer,25
2,29,0.406791,2564101,4,[768/k3→128/k3→256/k3→1024/k1],0.309685,0.404084,false,weights,15
2,30,0.583539,947173,6,[64/k3→768/k3→32/k3→128/k3→128/k3→32/k1],0.497400,0.404084,false,resize_layer,61
2,31,0.454844,1692997,6,[64/k3→768/k1→512/k1→512/k1→64/k3→1024/k3],0.245735,0.404084,false,resize_layer,4
2,32,0.482176,641093,7,[512/k1→32/k3→64/k3→64/k1→128/k3→128/k1→256/k3],0.183793,0.404084,false,weights,41
2,33,0.436650,4344197,7,[256/k3→1024/k3→128/k1→512/k1→1024/k1→768/k1→128/k1],0.226130,0.404084,false,weights,55
2,34,0.428506,1046533,6,[64/k3→768/k3→32/k3→128/k3→128/k3→768/k1],0.303937,0.404084,false,weights,61
2,35,0.436563,553861,4,[128/k3→1024/k1→128/k1→768/k1],0.227731,0.404084,false,weights,26
2,36,0.420226,2554757,5,[768/k3→512/k1→128/k3→64/k1→768/k3],0.284991,0.404084,false,weights,11
2,37,0.424473,8017861,7,[768/k3→768/k3→64/k1→768/k3→64/k3→1024/k3→64/k1],0.266174,0.404084,false,add_layer,14
2,38,0.435701,2739973,5,[256/k3→256/k3→256/k1→512/k3→1024/k1],0.256488,0.404084,false,weights,33
2,39,0.419297,3235525,7,[768/k3→256/k3→32/k1→64/k1→128/k1→512/k1→512/k1],0.280783,0.404084,false,weights,12
2,40,0.425802,3399877,7,[768/k3→256/k3→32/k1→64/k1→128/k1→768/k1→512/k1],0.252424,0.404084,false,resize_layer,12
2,41,0.409488,2554757,5,[768/k3→512/k1→128/k3→64/k1→768/k3],0.304380,0.404084,false,weights,11
2,42,0.449028,1055813,7,[64/k3→768/k3→32/k3→32/k3→128/k3→128/k3→768/k1],0.262870,0.404084,false,add_layer,61
2,43,0.423620,1481925,6,[768/k3→32/k1→64/k1→128/k1→512/k1→512/k1],0.339412,0.404084,false,remove_layer,12
2,44,0.434294,1554693,5,[64/k1→768/k3→64/k3→1024/k3→64/k1],0.371507,0.404084,false,remove_layer,14
2,45,0.425087,553861,4,[128/k3→1024/k1→128/k1→768/k1],0.249548,0.404084,false,weights,26
2,46,0.432466,1304645,6,[64/k3→768/k3→64/k3→128/k3→128/k3→768/k1],0.277885,0.404084,false,resize_layer,61
2,47,0.446850,2707909,6,[768/k3→64/k1→768/k3→64/k3→1024/k3→64/k1],0.238859,0.404084,false,weights,14
2,48,0.413230,3310597,6,[1024/k3→128/k3→128/k1→256/k1→768/k1→512/k1],0.259692,0.404084,false,resize_layer,42
2,49,0.424323,399877,5,[64/k3→32/k3→128/k3→128/k3→768/k1],0.375102,0.404084,false,remove_layer,61
2,50,0.466986,3238917,4,[512/k1→1024/k1→256/k1→1024/k3],0.167237,0.404084,false,weights,36
2,51,0.434118,1050949,8,[64/k3→256/k3→256/k1→1024/k1→32/k3→512/k1→32/k1→512/k3],0.278588,0.404084,false,add_layer,21
2,52,0.451987,3012997,6,[1024/k3→128/k3→128/k1→256/k1→768/k1→128/k1],0.192703,0.404084,false,weights,42
2,53,0.461307,3472528,5,[161/k3→512/k1→1024/k1→256/k1→1024/k3],0.188378,0.404084,false,add_layer,36
2,54,0.476830,7587397,9,[768/k3→512/k1→512/k1→32/k1→768/k1→512/k1→1024/k3→512/k1→256/k1],0.169648,0.404084,false,add_layer,25
2,55,0.405854,2673925,4,[256/k3→256/k3→512/k3→1024/k1],0.336854,0.404084,false,remove_layer,33
2,56,0.413559,499525,6,[64/k3→256/k3→32/k3→512/k1→32/k1→512/k3],0.339824,0.404084,false,remove_layer,21
2,57,0.431508,2452229,4,[512/k1→1024/k1→1024/k1→768/k1],0.231230,0.404084,false,resize_layer,19
2,58,0.461223,7193925,7,[768/k3→512/k1→32/k1→768/k1→512/k1→1024/k3→512/k1],0.208671,0.404084,false,remove_layer,25
2,59,0.404084,2564101,4,[768/k3→128/k3→256/k3→1024/k1],0.310046,0.404084,false,weights,15
2,60,0.453587,2132677,6,[768/k3→64/k1→768/k3→64/k3→128/k3→64/k1],0.213042,0.404084,false,resize_layer,14
2,61,0.434301,750469,3,[128/k3→256/k3→1024/k1],0.393703,0.404084,false,remove_layer,15
2,62,0.427728,984901,7,[64/k3→256/k3→1024/k1→32/k3→512/k1→32/k1→512/k3],0.299753,0.404084,false,weights,21
2,63,0.447308,984901,7,[64/k3→256/k3→1024/k1→32/k3→512/k1→32/k1→512/k3],0.256540,0.404084,false,weights,21
3,0,0.434529,2564101,4,[768/k3→128/k3→256/k3→1024/k1],0.226546,0.404084,true,champion,59
3,1,0.461980,2739973,5,[256/k3→256/k3→256/k1→512/k3→1024/k1],0.191450,0.404084,false,weights,24
3,2,0.454864,12003333,5,[768/k3→128/k3→256/k3→1024/k1→1024/k3],0.432238,0.404084,false,add_layer,59
3,3,0.451537,508805,7,[64/k3→256/k3→32/k3→512/k1→32/k1→32/k3→512/k3],0.255198,0.404084,false,add_layer,56
3,4,0.473125,2766216,6,[161/k1→256/k3→256/k3→256/k1→512/k3→1024/k1],0.219468,0.404084,false,add_layer,6
3,5,0.429074,1821445,4,[256/k3→256/k3→256/k3→1024/k1],0.253164,0.404084,false,resize_layer,10
3,6,0.450692,2564101,4,[768/k3→128/k3→256/k3→1024/k1],0.200898,0.404084,false,weights,29
3,7,0.460449,2739973,5,[256/k3→256/k3→256/k1→512/k3→1024/k1],0.202281,0.404084,false,weights,21
3,8,0.478086,2554757,5,[768/k3→512/k1→128/k3→64/k1→768/k3],0.166487,0.404084,false,weights,36
3,9,0.466445,2702469,6,[768/k3→512/k1→128/k3→128/k3→64/k1→768/k3],0.161321,0.404084,false,add_layer,36
3,10,0.446670,499525,6,[64/k3→256/k3→32/k3→512/k1→32/k1→512/k3],0.251005,0.404084,false,weights,12
3,11,0.460556,4344197,7,[256/k3→1024/k3→128/k1→512/k1→1024/k1→768/k1→128/k1],0.182887,0.404084,false,weights,0
3,12,0.466116,2739973,5,[256/k3→256/k3→256/k1→512/k3→1024/k1],0.186351,0.404084,false,weights,24
3,13,0.452321,2739973,5,[256/k3→256/k3→256/k1→512/k3→1024/k1],0.209622,0.404084,false,weights,24
3,14,0.594153,2303205,4,[768/k3→128/k3→256/k3→32/k1],0.485797,0.404084,false,resize_layer,29
3,15,0.461294,3376645,7,[1024/k3→128/k3→128/k1→256/k1→256/k1→768/k1→512/k1],0.159825,0.404084,false,add_layer,48
3,16,0.406878,2083589,3,[256/k3→512/k3→1024/k1],0.329741,0.404084,false,remove_layer,10
3,17,0.412410,2149637,4,[256/k3→256/k1→512/k3→1024/k1],0.300592,0.404084,false,remove_layer,21
3,18,0.406879,2083589,3,[256/k3→512/k3→1024/k1],0.329739,0.404084,false,remove_layer,55
3,19,0.430253,2245381,5,[1024/k3→128/k1→256/k1→768/k1→512/k1],0.254200,0.404084,false,remove_layer,48
3,20,0.405891,2000005,2,[768/k3→128/k3],0.331714,0.404084,false,remove_layer,27
3,21,0.449619,2564101,4,[768/k3→128/k3→256/k3→1024/k1],0.197499,0.404084,false,weights,59
3,22,0.450329,2739973,5,[256/k3→256/k3→256/k1→512/k3→1024/k1],0.206347,0.404084,false,weights,21
3,23,0.459493,2590344,5,[161/k1→768/k3→128/k3→256/k3→1024/k1],0.221907,0.404084,false,add_layer,29
3,24,0.440158,2564101,4,[768/k3→128/k3→256/k3→1024/k1],0.221825,0.404084,false,weights,59
3,25,0.437414,2296069,3,[768/k3→128/k3→256/k3],0.223364,0.404084,false,weights,27
3,26,0.469040,3003141,6,[256/k3→256/k3→256/k1→512/k3→512/k1→1024/k1],0.170406,0.404084,false,add_layer,21
3,27,0.421042,2673925,4,[256/k3→256/k3→512/k3→1024/k1],0.255530,0.404084,false,weights,55
3,28,0.446848,2564101,4,[768/k3→128/k3→256/k3→1024/k1],0.208712,0.404084,false,weights,29
3,29,0.478210,12113157,5,[256/k3→256/k3→512/k3→1024/k1→1024/k3],0.465079,0.404084,false,add_layer,10
3,30,0.459817,4370440,8,[161/k1→256/k3→1024/k3→128/k1→512/k1→1024/k1→768/k1→128/k1],0.219725,0.404084,false,add_layer,0
3,31,0.439809,1440709,5,[768/k3→32/k1→64/k1→512/k1→512/k1],0.261564,0.404084,false,remove_layer,43
3,32,0.450429,2564101,4,[768/k3→128/k3→256/k3→1024/k1],0.200101,0.404084,false,weights,29
3,33,0.439638,3526405,4,[256/k3→256/k3→768/k3→1024/k1],0.236508,0.404084,false,resize_layer,55
3,34,0.466412,2739973,5,[256/k3→256/k3→256/k1→512/k3→1024/k1],0.182111,0.404084,false,weights,21
3,35,0.436958,2296069,3,[768/k3→128/k3→256/k3],0.232273,0.404084,false,weights,27
3,36,0.442861,2739973,5,[256/k3→256/k3→256/k1→512/k3→1024/k1],0.208547,0.404084,false,weights,6
3,37,0.426741,750469,3,[128/k3→256/k3→1024/k1],0.394984,0.404084,false,remove_layer,29
3,38,0.458225,3310597,6,[1024/k3→128/k3→128/k1→256/k1→768/k1→512/k1],0.157964,0.404084,false,weights,48
3,39,0.463439,2554757,5,[768/k3→512/k1→128/k3→64/k1→768/k3],0.171100,0.404084,false,weights,36
3,40,0.469793,4915077,6,[768/k3→512/k1→512/k3→128/k3→64/k1→768/k3],0.170274,0.404084,false,add_layer,36
3,41,0.459886,2312709,4,[768/k3→128/k3→128/k1→256/k3],0.167803,0.404084,false,add_layer,27
3,42,0.448612,1481925,6,[768/k3→32/k1→64/k1→128/k1→512/k1→512/k1],0.216402,0.404084,false,weights,43
3,43,0.437735,2673925,4,[256/k3→256/k3→512/k3→1024/k1],0.239866,0.404084,false,weights,55
3,44,0.474712,2211077,4,[256/k3→256/k3→256/k1→512/k3],0.174727,0.404084,false,remove_layer,24
3,45,0.434236,2673925,4,[256/k3→256/k3→512/k3→1024/k1],0.245157,0.404084,false,weights,10
3,46,0.461079,2886405,4,[768/k3→128/k3→256/k3→256/k3],0.186568,0.404084,false,add_layer,27
3,47,0.424760,1129605,4,[512/k1→128/k3→64/k1→768/k3],0.370809,0.404084,false,remove_layer,36
3,48,0.461724,2806021,6,[256/k3→256/k3→256/k1→256/k1→512/k3→1024/k1],0.189365,0.404084,false,add_layer,6
3,49,0.454746,3310597,6,[1024/k3→128/k3→128/k1→256/k1→768/k1→512/k1],0.165464,0.404084,false,weights,48
3,50,0.440595,2564101,4,[768/k3→128/k3→256/k3→1024/k1],0.212874,0.404084,false,weights,29
3,51,0.416333,3153669,3,[768/k3→256/k3→1024/k1],0.274718,0.404084,false,remove_layer,29
3,52,0.488993,2107333,4,[768/k3→512/k1→128/k3→64/k1],0.275600,0.404084,false,remove_layer,36
3,53,0.461808,2580741,5,[768/k3→128/k3→128/k1→256/k3→1024/k1],0.191403,0.404084,false,add_layer,59
3,54,0.460943,2554757,5,[768/k3→512/k1→128/k3→64/k1→768/k3],0.187197,0.404084,false,weights,41
3,55,0.440149,2296069,3,[768/k3→128/k3→256/k3],0.209691,0.404084,false,weights,27
3,56,0.449246,2739973,5,[256/k3→256/k3→256/k1→512/k3→1024/k1],0.206992,0.404084,false,weights,21
3,57,0.462518,2766216,6,[161/k1→256/k3→256/k3→256/k1→512/k3→1024/k1],0.225421,0.404084,false,add_layer,21
3,58,0.458020,3310597,6,[1024/k3→128/k3→128/k1→256/k1→768/k1→512/k1],0.160580,0.404084,false,weights,48
3,59,0.469284,2554757,5,[768/k3→512/k1→128/k3→64/k1→768/k3],0.160928,0.404084,false,weights,41
3,60,0.429720,1346437,4,[256/k3→64/k3→512/k3→1024/k1],0.255932,0.404084,false,resize_layer,55
3,61,0.438987,3264261,5,[256/k3→256/k3→256/k3→512/k3→1024/k1],0.235382,0.404084,false,add_layer,10
3,62,0.464006,2554757,5,[768/k3→512/k1→128/k3→64/k1→768/k3],0.181060,0.404084,false,weights,36
3,63,0.444825,499525,6,[64/k3→256/k3→32/k3→512/k1→32/k1→512/k3],0.250268,0.404084,false,weights,12
4,0,0.445390,2000005,2,[768/k3→128/k3],0.212623,0.404084,true,champion,20
4,1,0.447551,2673925,4,[256/k3→256/k3→512/k3→1024/k1],0.215308,0.404084,false,weights,45
4,2,0.467774,2673925,4,[256/k3→256/k3→512/k3→1024/k1],0.193905,0.404084,false,weights,43
4,3,0.414998,750469,3,[128/k3→256/k3→1024/k1],0.296364,0.404084,false,weights,37
4,4,0.434447,2000005,2,[768/k3→128/k3],0.231390,0.404084,false,weights,20
4,5,0.421432,1907973,2,[768/k3→1024/k1],0.275982,0.404084,false,remove_layer,51
4,6,0.468478,2245381,5,[1024/k3→128/k1→256/k1→768/k1→512/k1],0.175576,0.404084,false,weights,19
4,7,0.459546,2296069,3,[768/k3→128/k3→256/k3],0.173819,0.404084,false,weights,35
4,8,0.410367,750469,3,[128/k3→256/k3→1024/k1],0.297314,0.404084,false,weights,37
4,9,0.456082,2673925,4,[256/k3→256/k3→512/k3→1024/k1],0.193490,0.404084,false,weights,45
4,10,0.422811,2083589,3,[256/k3→512/k3→1024/k1],0.264316,0.404084,false,weights,16
4,11,0.406220,1554693,2,[256/k3→512/k3],0.302858,0.404084,false,remove_layer,18
4,12,0.455413,2296069,3,[768/k3→128/k3→256/k3],0.183142,0.404084,false,weights,35
4,13,0.462581,2296069,3,[768/k3→128/k3→256/k3],0.169333,0.404084,false,weights,35
4,14,0.470259,2245381,5,[1024/k3→128/k1→256/k1→768/k1→512/k1],0.173402,0.404084,false,weights,19
4,15,0.418832,2885637,2,[768/k3→256/k3],0.270456,0.404084,false,remove_layer,25
4,16,0.419518,2083589,3,[256/k3→512/k3→1024/k1],0.277645,0.404084,false,weights,18
4,17,0.457287,2296069,3,[768/k3→128/k3→256/k3],0.180753,0.404084,false,weights,35
4,18,0.448169,2137605,3,[768/k3→128/k3→1024/k1],0.203644,0.404084,false,remove_layer,0
4,19,0.412719,750469,3,[128/k3→256/k3→1024/k1],0.294956,0.404084,false,weights,37
4,20,0.456226,2149637,4,[256/k3→256/k1→512/k3→1024/k1],0.202487,0.404084,false,weights,17
4,21,0.449611,2673925,4,[256/k3→256/k3→512/k3→1024/k1],0.213614,0.404084,false,weights,45
4,22,0.438036,3153669,3,[768/k3→256/k3→1024/k1],0.207683,0.404084,false,weights,51
4,23,0.466327,1129605,4,[512/k1→128/k3→64/k1→768/k3],0.179985,0.404084,false,weights,47
4,24,0.422956,2083589,3,[256/k3→512/k3→1024/k1],0.267404,0.404084,false,weights,18
4,25,0.439654,2673925,4,[256/k3→256/k3→512/k3→1024/k1],0.219394,0.404084,false,weights,43
4,26,0.473828,2443781,4,[768/k3→128/k3→128/k3→256/k3],0.138670,0.404084,false,add_layer,25
4,27,0.428323,3153669,3,[768/k3→256/k3→1024/k1],0.223585,0.404084,false,weights,51
4,28,0.449086,920261,3,[64/k3→512/k3→1024/k1],0.433535,0.404084,false,remove_layer,60
4,29,0.466335,2673925,4,[256/k3→256/k3→512/k3→1024/k1],0.177510,0.404084,false,weights,45
4,30,0.463712,2296069,3,[768/k3→128/k3→256/k3],0.168971,0.404084,false,weights,25
4,31,0.469413,1346437,4,[256/k3→64/k3→512/k3→1024/k1],0.192211,0.404084,false,weights,60
4,32,0.444150,11522821,4,[256/k3→512/k3→1024/k1→1024/k3],0.418297,0.404084,false,add_layer,18
4,33,0.428690,2083589,3,[256/k3→512/k3→1024/k1],0.254316,0.404084,false,weights,16
4,34,0.472978,1129605,4,[512/k1→128/k3→64/k1→768/k3],0.175092,0.404084,false,weights,47
4,35,0.436121,1375557,3,[768/k3→32/k3→1024/k1],0.217673,0.404084,false,resize_layer,51
4,36,0.453139,1436933,5,[512/k3→128/k1→256/k1→768/k1→512/k1],0.200631,0.404084,false,resize_layer,19
4,37,0.444862,2673925,4,[256/k3→256/k3→512/k3→1024/k1],0.210935,0.404084,false,weights,27
4,38,0.468070,2296069,3,[768/k3→128/k3→256/k3],0.160064,0.404084,false,weights,25
4,39,0.459807,2673925,4,[256/k3→256/k3→512/k3→1024/k1],0.197677,0.404084,false,weights,45
4,40,0.409527,2000005,2,[768/k3→128/k3],0.308426,0.404084,false,remove_layer,35
4,41,0.406227,1554693,2,[256/k3→512/k3],0.302860,0.404084,false,remove_layer,16
4,42,0.460948,2245381,5,[1024/k3→128/k1→256/k1→768/k1→512/k1],0.178903,0.404084,false,weights,19
4,43,0.470346,2564101,4,[768/k3→128/k3→256/k3→1024/k1],0.161344,0.404084,false,weights,0
4,44,0.436438,3153669,3,[768/k3→256/k3→1024/k1],0.204981,0.404084,false,weights,51
4,45,0.419153,9250053,3,[768/k3→1024/k3→1024/k1],0.251583,0.404084,false,resize_layer,51
4,46,0.464330,2564101,4,[768/k3→128/k3→256/k3→1024/k1],0.172594,0.404084,false,weights,0
4,47,0.421982,2083589,3,[256/k3→512/k3→1024/k1],0.267967,0.404084,false,weights,18
4,48,0.461243,1852421,4,[1024/k3→128/k1→256/k1→768/k1],0.183552,0.404084,false,remove_layer,19
4,49,0.445280,11522821,4,[256/k3→512/k3→1024/k1→1024/k3],0.419823,0.404084,false,add_layer,18
4,50,0.441878,2000005,2,[768/k3→128/k3],0.214491,0.404084,false,weights,20
4,51,0.477681,1129605,4,[512/k1→128/k3→64/k1→768/k3],0.169531,0.404084,false,weights,47
4,52,0.476807,1129605,4,[512/k1→128/k3→64/k1→768/k3],0.166701,0.404084,false,weights,47
4,53,0.418011,2083589,3,[256/k3→512/k3→1024/k1],0.268380,0.404084,false,weights,18
4,54,0.450358,2673925,4,[256/k3→256/k3→512/k3→1024/k1],0.233211,0.404084,false,add_layer,16
4,55,0.440873,3153669,3,[768/k3→256/k3→1024/k1],0.204558,0.404084,false,weights,51
4,56,0.457551,2907536,5,[161/k3→256/k3→256/k3→512/k3→1024/k1],0.204011,0.404084,false,add_layer,27
4,57,0.468651,3264261,5,[256/k3→256/k3→256/k3→512/k3→1024/k1],0.183480,0.404084,false,add_layer,45
4,58,0.470532,817541,3,[256/k3→64/k3→512/k3],0.196478,0.404084,false,remove_layer,60
4,59,0.412770,750469,3,[128/k3→256/k3→1024/k1],0.296647,0.404084,false,weights,37
4,60,0.449113,1788933,4,[256/k3→128/k3→512/k3→1024/k1],0.210214,0.404084,false,resize_layer,43
4,61,0.462906,2296069,3,[768/k3→128/k3→256/k3],0.175211,0.404084,false,weights,25
4,62,0.455719,2564101,4,[768/k3→128/k3→256/k3→1024/k1],0.184067,0.404084,false,weights,0
4,63,0.415573,2083589,3,[256/k3→512/k3→1024/k1],0.314781,0.404084,false,remove_layer,27
5,0,0.449515,1554693,2,[256/k3→512/k3],0.215401,0.404084,true,champion,11
5,1,0.455255,2083589,3,[256/k3→512/k3→1024/k1],0.204227,0.404084,false,weights,53
5,2,0.461428,2083589,3,[256/k3→512/k3→1024/k1],0.198212,0.404084,false,weights,16
5,3,0.430665,750469,3,[128/k3→256/k3→1024/k1],0.247341,0.404084,false,weights,8
5,4,0.447691,2083589,3,[256/k3→512/k3→1024/k1],0.214474,0.404084,false,weights,53
5,5,0.450305,2083589,3,[256/k3→512/k3→1024/k1],0.213343,0.404084,false,weights,47
5,6,0.443056,3634693,3,[512/k3→512/k3→1024/k1],0.215639,0.404084,false,resize_layer,10
5,7,0.440026,1554693,2,[256/k3→512/k3],0.230458,0.404084,false,weights,41
5,8,0.456375,1163973,2,[768/k3→64/k1],0.367852,0.404084,false,resize_layer,5
5,9,0.445110,1554693,2,[256/k3→512/k3],0.223357,0.404084,false,weights,11
5,10,0.417793,2541573,2,[1024/k3→1024/k1],0.385451,0.404084,false,remove_layer,45
5,11,0.438270,1554693,2,[256/k3→512/k3],0.234571,0.404084,false,weights,41
5,12,0.411114,323973,2,[128/k3→1024/k1],0.322844,0.404084,false,remove_layer,19
5,13,0.455469,2109832,4,[161/k1→256/k3→512/k3→1024/k1],0.222606,0.404084,false,add_layer,10
5,14,0.443992,2083589,3,[256/k3→512/k3→1024/k1],0.218925,0.404084,false,weights,53
5,15,0.451167,2083589,3,[256/k3→512/k3→1024/k1],0.216252,0.404084,false,weights,47
5,16,0.453471,2885637,2,[768/k3→256/k3],0.192529,0.404084,false,weights,15
5,17,0.427011,2083589,3,[256/k3→512/k3→1024/k1],0.237476,0.404084,false,weights,10
5,18,0.456084,2083589,3,[256/k3→512/k3→1024/k1],0.203004,0.404084,false,weights,24
5,19,0.455179,4443909,4,[256/k3→512/k3→512/k3→1024/k1],0.222300,0.404084,false,add_layer,63
5,20,0.459218,1788304,3,[161/k3→256/k3→512/k3],0.210370,0.404084,false,add_layer,11
5,21,0.441123,984080,4,[161/k3→128/k3→256/k3→1024/k1],0.243491,0.404084,false,add_layer,59
5,22,0.428171,667269,2,[256/k3→128/k3],0.248016,0.404084,false,resize_layer,40
5,23,0.453228,2083589,3,[256/k3→512/k3→1024/k1],0.208197,0.404084,false,weights,24
5,24,0.452881,2083589,3,[256/k3→512/k3→1024/k1],0.209403,0.404084,false,weights,16
5,25,0.438290,2000005,2,[768/k3→128/k3],0.216048,0.404084,false,weights,40
5,26,0.405357,482437,2,[128/k3→256/k3],0.323283,0.404084,false,remove_layer,8
5,27,0.456748,9250053,3,[768/k3→1024/k3→1024/k1],0.176337,0.404084,false,weights,45
5,28,0.417793,2541573,2,[1024/k3→1024/k1],0.385451,0.404084,false,remove_layer,45
5,29,0.452605,3788549,3,[256/k3→1024/k3→1024/k1],0.203269,0.404084,false,resize_layer,10
5,30,0.437286,640773,2,[256/k3→1024/k1],0.401729,0.404084,false,remove_layer,59
5,31,0.444529,2083589,3,[256/k3→512/k3→1024/k1],0.219047,0.404084,false,weights,10
5,32,0.439207,471685,3,[128/k3→128/k3→1024/k1],0.235864,0.404084,false,resize_layer,3
5,33,0.422736,1213573,2,[768/k3→128/k1],0.244087,0.404084,false,resize_layer,5
5,34,0.438086,745477,1,[512/k3],0.422720,0.404084,false,remove_layer,41
5,35,0.447889,2885637,2,[768/k3→256/k3],0.206433,0.404084,false,weights,15
5,36,0.448047,9250053,3,[768/k3→1024/k3→1024/k1],0.188972,0.404084,false,weights,45
5,37,0.477155,1684997,3,[256/k3→512/k3→256/k1],0.174545,0.404084,false,resize_layer,47
5,38,0.426330,1907973,2,[768/k3→1024/k1],0.240517,0.404084,false,weights,5
5,39,0.449616,2083589,3,[256/k3→512/k3→1024/k1],0.216391,0.404084,false,weights,24
5,40,0.418745,1554693,2,[256/k3→512/k3],0.267160,0.404084,false,remove_layer,53
5,41,0.441318,2083589,3,[256/k3→512/k3→1024/k1],0.218810,0.404084,false,weights,47
5,42,0.441436,750469,3,[128/k3→256/k3→1024/k1],0.225881,0.404084,false,weights,59
5,43,0.441554,2000005,2,[768/k3→128/k3],0.209479,0.404084,false,weights,40
5,44,0.445643,3134213,4,[256/k3→512/k3→1024/k1→1024/k1],0.222148,0.404084,false,add_layer,10
5,45,0.450171,2083589,3,[256/k3→512/k3→1024/k1],0.210616,0.404084,false,weights,10
5,46,0.436100,11522821,4,[256/k3→512/k3→1024/k1→1024/k3],0.401413,0.404084,false,add_layer,16
5,47,0.430010,1554693,2,[256/k3→512/k3],0.240552,0.404084,false,weights,41
5,48,0.441169,2083589,3,[256/k3→512/k3→1024/k1],0.225331,0.404084,false,weights,16
5,49,0.409134,3153669,3,[768/k3→256/k3→1024/k1],0.285280,0.404084,false,resize_layer,59
5,50,0.450677,2083589,3,[256/k3→512/k3→1024/k1],0.206717,0.404084,false,weights,10
5,51,0.433151,2083589,3,[256/k3→512/k3→1024/k1],0.237346,0.404084,false,weights,16
5,52,0.444643,3915013,3,[256/k3→512/k3→512/k3],0.219842,0.404084,false,add_layer,41
5,53,0.431683,2083589,3,[256/k3→512/k3→1024/k1],0.240823,0.404084,false,weights,16
5,54,0.436884,750469,3,[128/k3→256/k3→1024/k1],0.219394,0.404084,false,weights,19
5,55,0.451227,2083589,3,[256/k3→512/k3→1024/k1],0.208324,0.404084,false,weights,53
5,56,0.444421,750469,3,[128/k3→256/k3→1024/k1],0.221617,0.404084,false,weights,59
5,57,0.439064,750469,3,[128/k3→256/k3→1024/k1],0.235035,0.404084,false,weights,8
5,58,0.449639,2083589,3,[256/k3→512/k3→1024/k1],0.212767,0.404084,false,weights,10
5,59,0.459185,2083589,3,[256/k3→512/k3→1024/k1],0.198586,0.404084,false,weights,24
5,60,0.440425,2000005,2,[768/k3→128/k3],0.215011,0.404084,false,weights,40
5,61,0.465945,1618565,3,[256/k3→512/k3→128/k1],0.191404,0.404084,false,resize_layer,10
5,62,0.474187,4443909,4,[256/k3→512/k3→512/k3→1024/k1],0.185514,0.404084,false,add_layer,16
5,63,0.462876,898181,4,[128/k3→128/k3→256/k3→1024/k1],0.194606,0.404084,false,add_layer,59
6,0,0.444386,482437,2,[128/k3→256/k3],0.231351,0.403735,true,champion,26
6,1,0.438444,1907973,2,[768/k3→1024/k1],0.209457,0.403735,false,weights,38
6,2,0.415097,2541573,2,[1024/k3→1024/k1],0.270520,0.403735,false,weights,10
6,3,0.460157,750469,3,[128/k3→256/k3→1024/k1],0.196202,0.403735,false,weights,3
6,4,0.433095,2567816,3,[161/k1→1024/k3→1024/k1],0.280319,0.403735,false,add_layer,10
6,5,0.450673,667269,2,[256/k3→128/k3],0.213713,0.403735,false,weights,22
6,6,0.442915,750469,3,[128/k3→256/k3→1024/k1],0.209932,0.403735,false,weights,54
6,7,0.416945,323973,2,[128/k3→1024/k1],0.270187,0.403735,false,weights,12
6,8,0.415241,323973,2,[128/k3→1024/k1],0.277704,0.403735,false,weights,12
6,9,0.460304,750469,3,[128/k3→256/k3→1024/k1],0.190764,0.403735,false,weights,3
6,10,0.439856,745477,1,[512/k3],0.425393,0.403735,false,remove_layer,40
6,11,0.459772,2083589,3,[256/k3→512/k3→1024/k1],0.189530,0.403735,false,weights,51
6,12,0.409818,2541573,2,[1024/k3→1024/k1],0.293538,0.403735,false,weights,28
6,13,0.430862,1554693,2,[256/k3→512/k3],0.236364,0.403735,false,weights,40
6,14,0.453207,514821,3,[128/k3→256/k3→128/k1],0.209029,0.403735,false,resize_layer,3
6,15,0.413052,323973,2,[128/k3→1024/k1],0.280901,0.403735,false,weights,12
6,16,0.465982,2083589,3,[256/k3→512/k3→1024/k1],0.181493,0.403735,false,weights,17
6,17,0.420063,323973,2,[128/k3→1024/k1],0.264423,0.403735,false,weights,12
6,18,0.411774,2541573,2,[1024/k3→1024/k1],0.288682,0.403735,false,weights,10
6,19,0.442708,745477,1,[512/k3],0.430093,0.403735,false,remove_layer,47
6,20,0.426242,482437,2,[128/k3→256/k3],0.261077,0.403735,false,weights,26
6,21,0.467937,3134213,4,[256/k3→512/k3→1024/k1→1024/k1],0.186157,0.403735,false,add_layer,17
6,22,0.446700,514821,3,[128/k3→256/k3→128/k1],0.206267,0.403735,false,resize_layer,54
6,23,0.444049,667269,2,[256/k3→128/k3],0.218243,0.403735,false,weights,22
6,24,0.480169,2083589,3,[256/k3→512/k3→1024/k1],0.169710,0.403735,false,weights,53
6,25,0.438744,3153669,3,[768/k3→256/k3→1024/k1],0.215578,0.403735,false,weights,49
6,26,0.430199,11522821,4,[256/k3→512/k3→1024/k1→1024/k3],0.240003,0.403735,false,weights,46
6,27,0.424007,372741,1,[256/k3],0.401212,0.403735,false,remove_layer,47
6,28,0.461864,1231109,3,[256/k3→256/k3→1024/k1],0.193740,0.403735,false,resize_layer,3
6,29,0.412818,2541573,2,[1024/k3→1024/k1],0.277855,0.403735,false,weights,28
6,30,0.475638,2083589,3,[256/k3→512/k3→1024/k1],0.168726,0.403735,false,weights,17
6,31,0.432041,3153669,3,[768/k3→256/k3→1024/k1],0.230785,0.403735,false,weights,49
6,32,0.480978,2083589,3,[256/k3→512/k3→1024/k1],0.168480,0.403735,false,weights,51
6,33,0.422947,372741,1,[256/k3],0.400711,0.403735,false,remove_layer,40
6,34,0.403735,1118213,1,[768/k3],0.337991,0.403735,false,remove_layer,33
6,35,0.442423,11522821,4,[256/k3→512/k3→1024/k1→1024/k3],0.218825,0.403735,false,weights,46
6,36,0.433526,482437,2,[128/k3→256/k3],0.247885,0.403735,false,weights,26
6,37,0.434629,12375301,4,[256/k3→768/k3→1024/k1→1024/k3],0.233570,0.403735,false,resize_layer,46
6,38,0.457866,750469,3,[128/k3→256/k3→1024/k1],0.194368,0.403735,false,weights,3
6,39,0.444014,750469,3,[128/k3→256/k3→1024/k1],0.192061,0.403735,false,weights,54
6,40,0.417575,2541573,2,[1024/k3→1024/k1],0.271964,0.403735,false,weights,28
6,41,0.415872,323973,2,[128/k3→1024/k1],0.316099,0.403735,false,remove_layer,3
6,42,0.426554,3153669,3,[768/k3→256/k3→1024/k1],0.235541,0.403735,false,weights,49
6,43,0.452593,1213573,2,[768/k3→128/k1],0.196653,0.403735,false,weights,33
6,44,0.469012,2083589,3,[256/k3→512/k3→1024/k1],0.182194,0.403735,false,weights,53
6,45,0.433864,1554693,2,[256/k3→512/k3],0.243150,0.403735,false,remove_layer,17
6,46,0.422372,2541573,2,[1024/k3→1024/k1],0.258512,0.403735,false,weights,28
6,47,0.415872,323973,2,[128/k3→1024/k1],0.316100,0.403735,false,remove_layer,3
6,48,0.439509,640773,2,[256/k3→1024/k1],0.404448,0.403735,false,remove_layer,3
6,49,0.475861,2083589,3,[256/k3→512/k3→1024/k1],0.174593,0.403735,false,weights,53
6,50,0.409701,11980805,3,[1024/k3→1024/k3→1024/k1],0.342012,0.403735,false,add_layer,10
6,51,0.411565,3592197,3,[1024/k3→1024/k1→1024/k1],0.319211,0.403735,false,add_layer,10
6,52,0.473784,519365,2,[256/k3→64/k3],0.340432,0.403735,false,resize_layer,47
6,53,0.471408,1618565,3,[256/k3→512/k3→128/k1],0.178553,0.403735,false,resize_layer,53
6,54,0.444149,1554693,2,[256/k3→512/k3],0.211417,0.403735,false,weights,47
6,55,0.458552,1340805,4,[128/k3→256/k3→256/k3→1024/k1],0.178594,0.403735,false,add_layer,54
6,56,0.428479,482437,2,[128/k3→256/k3],0.257302,0.403735,false,weights,26
6,57,0.459566,2083589,3,[256/k3→512/k3→1024/k1],0.194716,0.403735,false,weights,51
6,58,0.435205,482437,2,[128/k3→256/k3],0.245282,0.403735,false,weights,26
6,59,0.415375,11347205,3,[768/k3→1024/k1→1024/k3],0.350525,0.403735,false,add_layer,38
6,60,0.440798,1554693,2,[256/k3→512/k3],0.224364,0.403735,false,weights,40
6,61,0.462445,2083589,3,[256/k3→512/k3→1024/k1],0.192843,0.403735,false,weights,53
6,62,0.424947,3153669,3,[768/k3→256/k3→1024/k1],0.229868,0.403735,false,weights,49
6,63,0.453198,1213573,2,[768/k3→128/k1],0.196489,0.403735,false,weights,33
7,0,0.419066,1118213,1,[768/k3],0.270440,0.403027,true,champion,34
7,1,0.424709,2541573,2,[1024/k3→1024/k1],0.249349,0.403027,false,weights,18
7,2,0.421403,172037,1,[1024/k1],0.399144,0.403027,false,remove_layer,46
7,3,0.417277,2541573,2,[1024/k3→1024/k1],0.262730,0.403027,false,weights,18
7,4,0.419733,2541573,2,[1024/k3→1024/k1],0.260651,0.403027,false,weights,46
7,5,0.432900,2541573,2,[1024/k3→1024/k1],0.234393,0.403027,false,weights,29
7,6,0.425962,9763205,3,[128/k3→1024/k1→1024/k3],0.316803,0.403027,false,add_layer,47
7,7,0.422337,2541573,2,[1024/k3→1024/k1],0.259867,0.403027,false,weights,46
7,8,0.446698,11347205,3,[768/k3→1024/k1→1024/k3],0.197771,0.403027,false,weights,59
7,9,0.411333,1907973,2,[768/k3→1024/k1],0.262671,0.403027,false,remove_layer,59
7,10,0.444728,471685,3,[128/k3→128/k3→1024/k1],0.209627,0.403027,false,add_layer,15
7,11,0.434322,2541573,2,[1024/k3→1024/k1],0.232675,0.403027,false,weights,46
7,12,0.423686,323973,2,[128/k3→1024/k1],0.245574,0.403027,false,weights,8
7,13,0.406180,203013,2,[128/k3→128/k1],0.318258,0.403027,false,resize_layer,7
7,14,0.423094,2541573,2,[1024/k3→1024/k1],0.261988,0.403027,false,weights,18
7,15,0.428031,2541573,2,[1024/k3→1024/k1],0.240925,0.403027,false,weights,12
7,16,0.443891,350216,3,[161/k1→128/k3→1024/k1],0.263269,0.403027,false,add_layer,8
7,17,0.453009,194373,2,[128/k3→64/k1],0.416863,0.403027,false,resize_layer,8
7,18,0.446071,4642821,4,[1024/k3→1024/k1→1024/k1→1024/k1],0.209858,0.403027,false,add_layer,51
7,19,0.466632,13031429,4,[1024/k3→1024/k1→1024/k3→1024/k1],0.174743,0.403027,false,add_layer,50
7,20,0.440860,11980805,3,[1024/k3→1024/k3→1024/k1],0.224442,0.403027,false,weights,50
7,21,0.412068,2541573,2,[1024/k3→1024/k1],0.283457,0.403027,false,weights,46
7,22,0.403027,372741,1,[256/k3],0.345869,0.403027,false,resize_layer,34
7,23,0.428747,2541573,2,[1024/k3→1024/k1],0.247646,0.403027,false,weights,46
7,24,0.458801,11347205,3,[768/k3→1024/k1→1024/k3],0.183051,0.403027,false,weights,59
7,25,0.447831,2567816,3,[161/k1→1024/k3→1024/k1],0.254221,0.403027,false,add_layer,12
7,26,0.435692,2541573,2,[1024/k3→1024/k1],0.227248,0.403027,false,weights,29
7,27,0.431097,4114949,3,[1024/k3→256/k3→1024/k1],0.239111,0.403027,false,resize_layer,50
7,28,0.589878,1518821,2,[1024/k3→32/k1],0.561200,0.403027,false,resize_layer,29
7,29,0.418399,1118213,1,[768/k3],0.274071,0.403027,false,weights,34
7,30,0.420172,323973,2,[128/k3→1024/k1],0.268809,0.403027,false,weights,41
7,31,0.421684,1274373,2,[512/k3→1024/k1],0.258278,0.403027,false,resize_layer,46
7,32,0.419998,323973,2,[128/k3→1024/k1],0.250849,0.403027,false,weights,17
7,33,0.418410,323973,2,[128/k3→1024/k1],0.272511,0.403027,false,weights,41
7,34,0.423689,557584,3,[161/k3→128/k3→1024/k1],0.258367,0.403027,false,add_layer,8
7,35,0.456762,11347205,3,[768/k3→1024/k1→1024/k3],0.185555,0.403027,false,weights,59
7,36,0.443430,11980805,3,[1024/k3→1024/k1→1024/k3],0.424102,0.403027,false,add_layer,29
7,37,0.429964,2541573,2,[1024/k3→1024/k1],0.234188,0.403027,false,weights,40
7,38,0.438610,3592197,3,[1024/k3→1024/k1→1024/k1],0.236012,0.403027,false,weights,51
7,39,0.425449,640773,2,[256/k3→1024/k1],0.255187,0.403027,false,resize_layer,41
7,40,0.423226,323973,2,[128/k3→1024/k1],0.248922,0.403027,false,weights,7
7,41,0.424334,323973,2,[128/k3→1024/k1],0.260205,0.403027,false,weights,41
7,42,0.413234,1118213,1,[768/k3],0.282555,0.403027,false,weights,34
7,43,0.420945,2541573,2,[1024/k3→1024/k1],0.257362,0.403027,false,weights,2
7,44,0.452525,11347205,3,[768/k3→1024/k1→1024/k3],0.194810,0.403027,false,weights,59
7,45,0.457468,20786437,4,[768/k3→1024/k1→1024/k3→1024/k3],0.193314,0.403027,false,add_layer,59
7,46,0.416506,2541573,2,[1024/k3→1024/k1],0.270631,0.403027,false,weights,2
7,47,0.426749,2541573,2,[1024/k3→1024/k1],0.243973,0.403027,false,weights,18
7,48,0.418842,323973,2,[128/k3→1024/k1],0.271951,0.403027,false,weights,47
7,49,0.421403,172037,1,[1024/k1],0.399144,0.403027,false,remove_layer,46
7,50,0.421243,3592197,3,[1024/k3→1024/k1→1024/k1],0.262623,0.403027,false,add_layer,2
7,51,0.422934,323973,2,[128/k3→1024/k1],0.242763,0.403027,false,weights,17
7,52,0.430540,3592197,3,[1024/k3→1024/k1→1024/k1],0.250503,0.403027,false,weights,51
7,53,0.426449,323973,2,[128/k3→1024/k1],0.238702,0.403027,false,weights,15
7,54,0.448208,186373,1,[128/k3],0.437705,0.403027,false,remove_layer,41
7,55,0.430810,4642821,4,[1024/k3→1024/k1→1024/k1→1024/k1],0.249411,0.403027,false,add_layer,51
7,56,0.445482,186373,1,[128/k3],0.432977,0.403027,false,remove_layer,17
7,57,0.423278,2541573,2,[1024/k3→1024/k1],0.248733,0.403027,false,weights,18
7,58,0.429083,11980805,3,[1024/k3→1024/k3→1024/k1],0.243491,0.403027,false,weights,50
7,59,0.429807,20786437,4,[768/k3→1024/k1→1024/k3→1024/k3],0.316067,0.403027,false,add_layer,59
7,60,0.432340,1144456,2,[161/k1→768/k3],0.285595,0.403027,false,add_layer,34
7,61,0.423615,2541573,2,[1024/k3→1024/k1],0.245695,0.403027,false,weights,40
7,62,0.410945,3788549,3,[256/k3→1024/k3→1024/k1],0.301273,0.403027,false,resize_layer,50
7,63,0.441718,11980805,3,[1024/k3→1024/k3→1024/k1],0.230500,0.403027,false,weights,50
8,0,0.410732,372741,1,[256/k3],0.290530,0.402448,true,champion,22
8,1,0.408364,1490949,1,[1024/k3],0.337730,0.402448,false,remove_layer,21
8,2,0.402448,372741,1,[256/k3],0.327096,0.402448,false,resize_layer,0
8,3,0.437520,2541573,2,[1024/k3→1024/k1],0.216224,0.402448,false,weights,4
8,4,0.457615,3592197,3,[1024/k3→1024/k1→1024/k1],0.191280,0.402448,false,add_layer,21
8,5,0.416833,745477,1,[512/k3],0.272406,0.402448,false,resize_layer,42
8,6,0.470503,2567816,3,[161/k1→1024/k3→1024/k1],0.219934,0.402448,false,add_layer,21
8,7,0.404039,1490949,1,[1024/k3],0.311391,0.402448,false,resize_layer,22
8,8,0.425506,323973,2,[128/k3→1024/k1],0.233672,0.402448,false,weights,32
8,9,0.428026,2541573,2,[1024/k3→1024/k1],0.232725,0.402448,false,weights,3
8,10,0.445392,86373,2,[32/k3→1024/k1],0.369885,0.402448,false,resize_layer,46
8,11,0.444314,350216,3,[161/k1→128/k3→1024/k1],0.262799,0.402448,false,add_layer,32
8,12,0.431044,2541573,2,[1024/k3→1024/k1],0.227286,0.402448,false,weights,46
8,13,0.428160,323973,2,[128/k3→1024/k1],0.242825,0.402448,false,weights,30
8,14,0.425377,203013,2,[128/k3→128/k1],0.245379,0.402448,false,weights,13
8,15,0.428707,323973,2,[128/k3→1024/k1],0.234403,0.402448,false,weights,30
8,16,0.419580,203013,2,[128/k3→128/k1],0.257268,0.402448,false,weights,13
8,17,0.409263,1490949,1,[1024/k3],0.341021,0.402448,false,remove_layer,3
8,18,0.428619,323973,2,[128/k3→1024/k1],0.245411,0.402448,false,weights,48
8,19,0.427936,2541573,2,[1024/k3→1024/k1],0.235976,0.402448,false,weights,3
8,20,0.438424,6428165,2,[768/k3→768/k3],0.249943,0.402448,false,add_layer,42
8,21,0.422464,289413,2,[128/k3→768/k1],0.246849,0.402448,false,resize_layer,13
8,22,0.454521,340613,3,[128/k3→128/k1→1024/k1],0.213296,0.402448,false,add_layer,48
8,23,0.431148,323973,2,[128/k3→1024/k1],0.236563,0.402448,false,weights,33
8,24,0.446089,2541573,2,[1024/k3→1024/k1],0.212692,0.402448,false,weights,43
8,25,0.421968,172037,1,[1024/k1],0.402114,0.402448,false,remove_layer,21
8,26,0.425822,1274373,2,[512/k3→1024/k1],0.246684,0.402448,false,resize_layer,32
8,27,0.427807,2541573,2,[1024/k3→1024/k1],0.228434,0.402448,false,weights,3
8,28,0.441069,485189,3,[256/k3→32/k3→1024/k1],0.250915,0.402448,false,resize_layer,62
8,29,0.439174,2541573,2,[1024/k3→1024/k1],0.216153,0.402448,false,weights,46
8,30,0.513318,21509,1,[128/k1],0.513605,0.402448,false,remove_layer,13
8,31,0.448679,2541573,2,[1024/k3→1024/k1],0.208384,0.402448,false,weights,46
8,32,0.431834,323973,2,[128/k3→1024/k1],0.240601,0.402448,false,weights,48
8,33,0.436402,1907973,2,[768/k3→1024/k1],0.221341,0.402448,false,resize_layer,46
8,34,0.434788,640773,2,[256/k3→1024/k1],0.251517,0.402448,false,resize_layer,43
8,35,0.434056,2541573,2,[1024/k3→1024/k1],0.220830,0.402448,false,weights,3
8,36,0.439327,2541573,2,[1024/k3→1024/k1],0.214170,0.402448,false,weights,4
8,37,0.431400,323973,2,[128/k3→1024/k1],0.233395,0.402448,false,weights,33
8,38,0.434901,2541573,2,[1024/k3→1024/k1],0.216734,0.402448,false,weights,43
8,39,0.406081,1490949,1,[1024/k3],0.336778,0.402448,false,remove_layer,43
8,40,0.430414,2541573,2,[1024/k3→1024/k1],0.231270,0.402448,false,weights,46
8,41,0.453498,2775184,3,[161/k3→1024/k3→1024/k1],0.222238,0.402448,false,add_layer,3
8,42,0.434481,323973,2,[128/k3→1024/k1],0.212807,0.402448,false,weights,32
8,43,0.430148,2541573,2,[1024/k3→1024/k1],0.230615,0.402448,false,weights,3
8,44,0.439505,2541573,2,[1024/k3→1024/k1],0.211772,0.402448,false,weights,43
8,45,0.434500,323973,2,[128/k3→1024/k1],0.235103,0.402448,false,weights,48
8,46,0.447737,2541573,2,[1024/k3→1024/k1],0.201707,0.402448,false,weights,43
8,47,0.422901,1118213,1,[768/k3],0.259332,0.402448,false,weights,0
8,48,0.436573,2541573,2,[1024/k3→1024/k1],0.223089,0.402448,false,weights,43
8,49,0.421554,203013,2,[128/k3→128/k1],0.255036,0.402448,false,weights,13
8,50,0.620969,2765797,3,[256/k3→1024/k3→32/k1],0.538804,0.402448,false,resize_layer,62
8,51,0.406311,372741,1,[256/k3],0.305678,0.402448,false,weights,22
8,52,0.430290,2541573,2,[1024/k3→1024/k1],0.230269,0.402448,false,weights,3
8,53,0.440775,2541573,2,[1024/k3→1024/k1],0.212729,0.402448,false,weights,46
8,54,0.464315,2567816,3,[161/k1→1024/k3→1024/k1],0.231733,0.402448,false,add_layer,43
8,55,0.430487,323973,2,[128/k3→1024/k1],0.218750,0.402448,false,weights,32
8,56,0.429953,1118213,1,[768/k3],0.249832,0.402448,false,weights,29
8,57,0.440776,172037,1,[1024/k1],0.406532,0.402448,false,remove_layer,32
8,58,0.408776,165573,2,[64/k3→1024/k1],0.324287,0.402448,false,resize_layer,9
8,59,0.422139,11980805,3,[1024/k3→1024/k3→1024/k1],0.273017,0.402448,false,add_layer,46
8,60,0.436899,1118213,1,[768/k3],0.241784,0.402448,false,remove_layer,29
8,61,0.455048,3788549,3,[256/k3→1024/k3→1024/k1],0.210002,0.402448,false,weights,62
8,62,0.422336,323973,2,[128/k3→1024/k1],0.282366,0.402448,false,resize_layer,3
8,63,0.465013,3814792,4,[161/k1→256/k3→1024/k3→1024/k1],0.225365,0.402448,false,add_layer,62
9,0,0.413449,372741,1,[256/k3],0.280478,0.402448,true,champion,2
9,1,0.448970,11980805,3,[1024/k3→1024/k3→1024/k1],0.212940,0.402448,false,weights,59
9,2,0.429185,1517192,2,[161/k1→1024/k3],0.309306,0.402448,false,add_layer,7
9,3,0.435956,1118213,1,[768/k3],0.241048,0.402448,false,remove_layer,47
9,4,0.430505,203013,2,[128/k3→128/k1],0.231775,0.402448,false,weights,49
9,5,0.418018,93189,1,[64/k3],0.386677,0.402448,false,resize_layer,51
9,6,0.425121,186373,1,[128/k3],0.407813,0.402448,false,resize_layer,17
9,7,0.407138,745477,1,[512/k3],0.297142,0.402448,false,resize_layer,7
9,8,0.406308,1490949,1,[1024/k3],0.298769,0.402448,false,weights,7
9,9,0.409011,1490949,1,[1024/k3],0.291605,0.402448,false,resize_layer,2
9,10,0.454095,2148485,3,[1024/k3→64/k3→1024/k1],0.175693,0.402448,false,resize_layer,59
9,11,0.410032,372741,1,[256/k3],0.285955,0.402448,false,weights,0
9,12,0.430364,203013,2,[128/k3→128/k1],0.231766,0.402448,false,weights,49
9,13,0.408007,1490949,1,[1024/k3],0.308321,0.402448,false,weights,39
9,14,0.403905,1490949,1,[1024/k3],0.303261,0.402448,false,weights,7
9,15,0.406940,1490949,1,[1024/k3],0.310286,0.402448,false,weights,39
9,16,0.452584,1820741,3,[1024/k3→32/k3→1024/k1],0.215795,0.402448,false,resize_layer,59
9,17,0.433435,745477,1,[512/k3],0.244875,0.402448,false,remove_layer,5
9,18,0.433944,289413,2,[128/k3→768/k1],0.219873,0.402448,false,weights,21
9,19,0.446745,11980805,3,[1024/k3→1024/k3→1024/k1],0.214963,0.402448,false,weights,59
9,20,0.446444,11980805,3,[1024/k3→1024/k3→1024/k1],0.204504,0.402448,false,weights,59
9,21,0.423710,606352,2,[161/k3→256/k3],0.283320,0.402448,false,add_layer,0
9,22,0.409335,1490949,1,[1024/k3],0.301777,0.402448,false,weights,1
9,23,0.416387,10930181,2,[1024/k3→1024/k3],0.358661,0.402448,false,add_layer,1
9,24,0.411963,372741,1,[256/k3],0.286987,0.402448,false,weights,51
9,25,0.428810,289413,2,[128/k3→768/k1],0.231040,0.402448,false,weights,21
9,26,0.407915,1490949,1,[1024/k3],0.308454,0.402448,false,weights,1
9,27,0.450342,323973,2,[128/k3→1024/k1],0.223029,0.402448,false,weights,62
9,28,0.406635,1490949,1,[1024/k3],0.304904,0.402448,false,weights,39
9,29,0.449392,11980805,3,[1024/k3→1024/k3→1024/k1],0.207930,0.402448,false,weights,59
9,30,0.430355,1517192,2,[161/k1→1024/k3],0.310195,0.402448,false,add_layer,39
9,31,0.449311,11980805,3,[1024/k3→1024/k3→1024/k1],0.201675,0.402448,false,weights,59
9,32,0.426744,745477,1,[512/k3],0.252236,0.402448,false,weights,5
9,33,0.437673,323973,2,[128/k3→1024/k1],0.238661,0.402448,false,weights,62
9,34,0.407434,1490949,1,[1024/k3],0.310458,0.402448,false,weights,39
9,35,0.427557,1118213,1,[768/k3],0.247279,0.402448,false,weights,47
9,36,0.414502,372741,1,[256/k3],0.279278,0.402448,false,weights,51
9,37,0.460505,11980805,3,[1024/k3→1024/k3→1024/k1],0.187759,0.402448,false,weights,59
9,38,0.429739,203013,2,[128/k3→128/k1],0.229015,0.402448,false,weights,49
9,39,0.408997,1490949,1,[1024/k3],0.305710,0.402448,false,weights,1
9,40,0.409906,1490949,1,[1024/k3],0.303271,0.402448,false,weights,17
9,41,0.448615,9358853,3,[1024/k3→768/k3→1024/k1],0.203319,0.402448,false,resize_layer,59
9,42,0.414281,186373,1,[128/k3],0.378320,0.402448,false,resize_layer,47
9,43,0.439192,11980805,3,[1024/k3→1024/k3→1024/k1],0.221004,0.402448,false,weights,59
9,44,0.408282,172037,1,[1024/k1],0.345848,0.402448,false,weights,25
9,45,0.426880,1216197,3,[64/k3→1024/k1→1024/k1],0.274599,0.402448,false,add_layer,58
9,46,0.425863,1141509,2,[512/k3→768/k1],0.238838,0.402448,false,resize_layer,21
9,47,0.505356,21509,1,[128/k1],0.504406,0.402448,false,remove_layer,16
9,48,0.452659,557584,3,[161/k3→128/k3→1024/k1],0.229061,0.402448,false,add_layer,62
9,49,0.419166,372741,1,[256/k3],0.271686,0.402448,false,weights,0
9,50,0.441332,172037,1,[1024/k1],0.422792,0.402448,false,remove_layer,62
9,51,0.437205,254853,2,[128/k3→512/k1],0.217802,0.402448,false,resize_layer,21
9,52,0.447035,11980805,3,[1024/k3→1024/k3→1024/k1],0.212985,0.402448,false,weights,59
9,53,0.432243,323973,2,[128/k3→1024/k1],0.250234,0.402448,false,weights,62
9,54,0.419488,198280,2,[161/k1→1024/k1],0.334540,0.402448,false,add_layer,25
9,55,0.440360,438789,2,[256/k3→256/k1],0.252278,0.402448,false,add_layer,0
9,56,0.408190,1490949,1,[1024/k3],0.292911,0.402448,false,weights,7
9,57,0.452523,4114949,3,[1024/k3→256/k3→1024/k1],0.193747,0.402448,false,resize_layer,59
9,58,0.415029,372741,1,[256/k3],0.281155,0.402448,false,weights,51
9,59,0.410380,372741,1,[256/k3],0.286091,0.402448,false,weights,0
9,60,0.411891,1490949,1,[1024/k3],0.290509,0.402448,false,weights,1
9,61,0.407424,372741,1,[256/k3],0.295077,0.402448,false,weights,51
9,62,0.408871,1490949,1,[1024/k3],0.301248,0.402448,false,weights,39
9,63,0.410152,1490949,1,[1024/k3],0.305145,0.402448,false,weights,1
10,0,0.415366,1490949,1,[1024/k3],0.276465,0.402448,true,champion,14
10,1,0.415502,1490949,1,[1024/k3],0.280906,0.402448,false,weights,34
10,2,0.411553,1490949,1,[1024/k3],0.291292,0.402448,false,weights,15
10,3,0.410687,172037,1,[1024/k1],0.310231,0.402448,false,weights,44
10,4,0.414721,1490949,1,[1024/k3],0.279789,0.402448,false,weights,15
10,5,0.433562,1517192,2,[161/k1→1024/k3],0.311830,0.402448,false,add_layer,15
10,6,0.414799,372741,1,[256/k3],0.277463,0.402448,false,weights,61
10,7,0.415282,372741,1,[256/k3],0.274072,0.402448,false,resize_layer,9
10,8,0.416535,372741,1,[256/k3],0.276017,0.402448,false,weights,61
10,9,0.412005,1490949,1,[1024/k3],0.290928,0.402448,false,weights,39
10,10,0.407780,1490949,1,[1024/k3],0.299156,0.402448,false,weights,34
10,11,0.417300,1724560,2,[161/k3→1024/k3],0.285330,0.402448,false,add_layer,14
10,12,0.408960,1490949,1,[1024/k3],0.297694,0.402448,false,weights,28
10,13,0.419267,372741,1,[256/k3],0.269012,0.402448,false,weights,61
10,14,0.409456,1490949,1,[1024/k3],0.295689,0.402448,false,weights,15
10,15,0.411257,172037,1,[1024/k1],0.314474,0.402448,false,weights,44
10,16,0.410043,1490949,1,[1024/k3],0.294712,0.402448,false,weights,15
10,17,0.418699,372741,1,[256/k3],0.269542,0.402448,false,remove_layer,61
10,18,0.413824,1118213,1,[768/k3],0.281715,0.402448,false,resize_layer,56
10,19,0.409432,745477,1,[512/k3],0.284325,0.402448,false,weights,7
10,20,0.409052,1490949,1,[1024/k3],0.295436,0.402448,false,weights,15
10,21,0.418891,1490949,1,[1024/k3],0.273395,0.402448,false,weights,39
10,22,0.411815,1490949,1,[1024/k3],0.289894,0.402448,false,weights,39
10,23,0.419422,372741,1,[256/k3],0.269838,0.402448,false,weights,61
10,24,0.409351,745477,1,[512/k3],0.286669,0.402448,false,weights,7
10,25,0.413662,1490949,1,[1024/k3],0.278269,0.402448,false,remove_layer,8
10,26,0.408688,1490949,1,[1024/k3],0.287686,0.402448,false,weights,14
10,27,0.407106,372741,1,[256/k3],0.349787,0.402448,false,resize_layer,39
10,28,0.408580,1490949,1,[1024/k3],0.296962,0.402448,false,weights,40
10,29,0.410430,1490949,1,[1024/k3],0.298592,0.402448,false,weights,40
10,30,0.414588,1490949,1,[1024/k3],0.283810,0.402448,false,weights,26
10,31,0.407802,1490949,1,[1024/k3],0.289216,0.402448,false,weights,56
10,32,0.409954,1490949,1,[1024/k3],0.295823,0.402448,false,weights,40
10,33,0.408732,1490949,1,[1024/k3],0.293324,0.402448,false,weights,15
10,34,0.406441,1490949,1,[1024/k3],0.301899,0.402448,false,weights,62
10,35,0.413154,1490949,1,[1024/k3],0.287860,0.402448,false,weights,22
10,36,0.423596,1724560,2,[161/k3→1024/k3],0.292897,0.402448,false,add_layer,15
10,37,0.412251,1490949,1,[1024/k3],0.285360,0.402448,false,weights,8
10,38,0.412272,1490949,1,[1024/k3],0.282611,0.402448,false,weights,28
10,39,0.413172,1490949,1,[1024/k3],0.287551,0.402448,false,weights,26
10,40,0.416818,1490949,1,[1024/k3],0.274003,0.402448,false,remove_layer,62
10,41,0.408264,1490949,1,[1024/k3],0.287795,0.402448,false,weights,9
10,42,0.421331,1490949,1,[1024/k3],0.269185,0.402448,false,remove_layer,34
10,43,0.407303,1490949,1,[1024/k3],0.292911,0.402448,false,weights,8
10,44,0.412868,372741,1,[256/k3],0.279042,0.402448,false,weights,61
10,45,0.411869,1490949,1,[1024/k3],0.283371,0.402448,false,weights,56
10,46,0.406248,1490949,1,[1024/k3],0.300434,0.402448,false,weights,15
10,47,0.413424,1118213,1,[768/k3],0.280095,0.402448,false,resize_layer,9
10,48,0.435640,771720,2,[161/k1→512/k3],0.287956,0.402448,false,add_layer,7
10,49,0.426012,979088,2,[161/k3→512/k3],0.272317,0.402448,false,add_layer,7
10,50,0.414311,1490949,1,[1024/k3],0.289914,0.402448,false,weights,40
10,51,0.413188,1490949,1,[1024/k3],0.280350,0.402448,false,weights,9
10,52,0.408742,1490949,1,[1024/k3],0.290015,0.402448,false,weights,28
10,53,0.413119,1490949,1,[1024/k3],0.288768,0.402448,false,weights,62
10,54,0.415366,1490949,1,[1024/k3],0.276465,0.402448,false,remove_layer,14
10,55,0.416438,10930181,2,[1024/k3→1024/k3],0.350977,0.402448,false,add_layer,28
10,56,0.417391,1490949,1,[1024/k3],0.268664,0.402448,false,remove_layer,28
10,57,0.414186,1490949,1,[1024/k3],0.289362,0.402448,false,weights,39
10,58,0.410981,1490949,1,[1024/k3],0.294125,0.402448,false,weights,34
10,59,0.413320,1490949,1,[1024/k3],0.281548,0.402448,false,weights,56
10,60,0.419882,1490949,1,[1024/k3],0.269460,0.402448,false,remove_layer,40
10,61,0.408082,1490949,1,[1024/k3],0.290551,0.402448,false,weights,8
10,62,0.416179,1490949,1,[1024/k3],0.287568,0.402448,false,weights,22
10,63,0.417485,372741,1,[256/k3],0.271131,0.402448,false,weights,61
11,0,0.420499,1490949,1,[1024/k3],0.267177,0.402448,true,champion,46
11,1,0.417476,1490949,1,[1024/k3],0.273885,0.402448,false,weights,20
11,2,0.508012,93189,1,[64/k3],0.504745,0.402448,false,resize_layer,10
11,3,0.416397,1490949,1,[1024/k3],0.278010,0.402448,false,weights,28
11,4,0.408255,372741,1,[256/k3],0.300491,0.402448,false,weights,27
11,5,0.411461,1490949,1,[1024/k3],0.281048,0.402448,false,weights,31
11,6,0.413470,1490949,1,[1024/k3],0.272656,0.402448,false,weights,41
11,7,0.410223,1490949,1,[1024/k3],0.282531,0.402448,false,weights,43
11,8,0.413935,1490949,1,[1024/k3],0.281772,0.402448,false,weights,10
11,9,0.415327,745477,1,[512/k3],0.275181,0.402448,false,weights,24
11,10,0.411652,1118213,1,[768/k3],0.280438,0.402448,false,resize_layer,43
11,11,0.410541,1490949,1,[1024/k3],0.286996,0.402448,false,weights,10
11,12,0.424452,398984,2,[161/k1→256/k3],0.305850,0.402448,false,add_layer,27
11,13,0.412319,1490949,1,[1024/k3],0.281774,0.402448,false,weights,33
11,14,0.418345,1490949,1,[1024/k3],0.265224,0.402448,false,remove_layer,12
11,15,0.438555,1517192,2,[161/k1→1024/k3],0.296905,0.402448,false,add_layer,10
11,16,0.422719,1724560,2,[161/k3→1024/k3],0.281951,0.402448,false,add_layer,46
11,17,0.419253,1724560,2,[161/k3→1024/k3],0.292470,0.402448,false,add_layer,52
11,18,0.425882,745477,1,[512/k3],0.256318,0.402448,false,remove_layer,24
11,19,0.553171,46597,1,[32/k3],0.561591,0.402448,false,resize_layer,27
11,20,0.411376,1490949,1,[1024/k3],0.285483,0.402448,false,weights,12
11,21,0.416875,1490949,1,[1024/k3],0.278369,0.402448,false,weights,10
11,22,0.413334,1490949,1,[1024/k3],0.275837,0.402448,false,weights,41
11,23,0.418936,1490949,1,[1024/k3],0.263432,0.402448,false,remove_layer,26
11,24,0.420498,1490949,1,[1024/k3],0.267178,0.402448,false,remove_layer,46
11,25,0.410393,1490949,1,[1024/k3],0.277259,0.402448,false,weights,26
11,26,0.430832,2541573,2,[1024/k3→1024/k1],0.260739,0.402448,false,add_layer,61
11,27,0.414436,1490949,1,[1024/k3],0.271884,0.402448,false,weights,41
11,28,0.438454,771720,2,[161/k1→512/k3],0.285802,0.402448,false,add_layer,19
11,29,0.410403,372741,1,[256/k3],0.351400,0.402448,false,resize_layer,52
11,30,0.407413,1490949,1,[1024/k3],0.293443,0.402448,false,weights,20
11,31,0.515897,46597,1,[32/k3],0.516279,0.402448,false,resize_layer,19
11,32,0.411926,372741,1,[256/k3],0.295377,0.402448,false,weights,27
11,33,0.409604,745477,1,[512/k3],0.295198,0.402448,false,resize_layer,34
11,34,0.417327,10930181,2,[1024/k3→1024/k3],0.293126,0.402448,false,add_layer,26
11,35,0.414606,1490949,1,[1024/k3],0.276970,0.402448,false,weights,12
11,36,0.416517,1490949,1,[1024/k3],0.275028,0.402448,false,weights,10
11,37,0.416404,745477,1,[512/k3],0.274278,0.402448,false,resize_layer,61
11,38,0.412071,1490949,1,[1024/k3],0.284604,0.402448,false,weights,33
11,39,0.407865,372741,1,[256/k3],0.307433,0.402448,false,weights,27
11,40,0.411811,1490949,1,[1024/k3],0.275252,0.402448,false,weights,41
11,41,0.410738,1490949,1,[1024/k3],0.286878,0.402448,false,weights,20
11,42,0.414161,1490949,1,[1024/k3],0.276790,0.402448,false,weights,34
11,43,0.417899,1490949,1,[1024/k3],0.269759,0.402448,false,weights,31
11,44,0.413496,1490949,1,[1024/k3],0.279582,0.402448,false,weights,46
11,45,0.416933,1490949,1,[1024/k3],0.272416,0.402448,false,weights,28
11,46,0.438820,1517192,2,[161/k1→1024/k3],0.303942,0.402448,false,add_layer,28
11,47,0.420734,1490949,1,[1024/k3],0.263467,0.402448,false,remove_layer,33
11,48,0.412147,1490949,1,[1024/k3],0.282630,0.402448,false,weights,28
11,49,0.410613,372741,1,[256/k3],0.300103,0.402448,false,weights,27
11,50,0.415556,1490949,1,[1024/k3],0.278364,0.402448,false,weights,34
11,51,0.409248,1490949,1,[1024/k3],0.287028,0.402448,false,weights,52
11,52,0.411066,1490949,1,[1024/k3],0.281578,0.402448,false,weights,43
11,53,0.415431,1490949,1,[1024/k3],0.274983,0.402448,false,remove_layer,34
11,54,0.414203,1490949,1,[1024/k3],0.280069,0.402448,false,weights,46
11,55,0.646930,46597,1,[32/k3],0.667809,0.402448,false,resize_layer,12
11,56,0.411899,1490949,1,[1024/k3],0.285665,0.402448,false,weights,20
11,57,0.418086,1490949,1,[1024/k3],0.268950,0.402448,false,weights,33
11,58,0.408641,1490949,1,[1024/k3],0.287322,0.402448,false,weights,52
11,59,0.414272,1490949,1,[1024/k3],0.282094,0.402448,false,weights,34
11,60,0.411289,372741,1,[256/k3],0.353101,0.402448,false,resize_layer,34
11,61,0.418936,1490949,1,[1024/k3],0.263430,0.402448,false,remove_layer,26
11,62,0.413044,1490949,1,[1024/k3],0.272130,0.402448,false,weights,26
11,63,0.416460,1490949,1,[1024/k3],0.275926,0.402448,false,weights,46
12,0,0.417624,1490949,1,[1024/k3],0.268902,0.402448,true,champion,30
12,1,0.422892,1724560,2,[161/k3→1024/k3],0.281663,0.402448,false,add_layer,11
12,2,0.419827,1490949,1,[1024/k3],0.266322,0.402448,false,weights,41
12,3,0.438400,1517192,2,[161/k1→1024/k3],0.292214,0.402448,false,add_layer,7
12,4,0.503778,93189,1,[64/k3],0.505252,0.402448,false,resize_layer,30
12,5,0.423179,1724560,2,[161/k3→1024/k3],0.293369,0.402448,false,add_layer,41
12,6,0.417625,1490949,1,[1024/k3],0.268902,0.402448,false,remove_layer,30
12,7,0.422893,1490949,1,[1024/k3],0.258859,0.402448,false,remove_layer,52
12,8,0.419805,1490949,1,[1024/k3],0.266060,0.402448,false,weights,11
12,9,0.414735,1490949,1,[1024/k3],0.269106,0.402448,false,weights,25
12,10,0.441664,1517192,2,[161/k1→1024/k3],0.294835,0.402448,false,add_layer,51
12,11,0.417704,1118213,1,[768/k3],0.264595,0.402448,false,resize_layer,25
12,12,0.416878,1490949,1,[1024/k3],0.270353,0.402448,false,weights,41
12,13,0.416527,1490949,1,[1024/k3],0.268409,0.402448,false,weights,58
12,14,0.415704,1490949,1,[1024/k3],0.271619,0.402448,false,weights,52
12,15,0.427026,398984,2,[161/k1→256/k3],0.298451,0.402448,false,add_layer,60
12,16,0.421922,1490949,1,[1024/k3],0.263841,0.402448,false,weights,11
12,17,0.418581,10930181,2,[1024/k3→1024/k3],0.320704,0.402448,false,add_layer,52
12,18,0.416482,1490949,1,[1024/k3],0.271286,0.402448,false,weights,20
12,19,0.416461,1490949,1,[1024/k3],0.268919,0.402448,false,weights,7
12,20,0.416586,1490949,1,[1024/k3],0.271040,0.402448,false,weights,58
12,21,0.421029,1490949,1,[1024/k3],0.262755,0.402448,false,weights,20
12,22,0.411488,372741,1,[256/k3],0.347318,0.402448,false,resize_layer,41
12,23,0.412152,1490949,1,[1024/k3],0.277762,0.402448,false,weights,11
12,24,0.414123,372741,1,[256/k3],0.285382,0.402448,false,weights,4
12,25,0.414944,372741,1,[256/k3],0.285587,0.402448,false,weights,39
12,26,0.416650,1490949,1,[1024/k3],0.269487,0.402448,false,weights,51
12,27,0.423445,1490949,1,[1024/k3],0.258603,0.402448,false,weights,41
12,28,0.420154,1490949,1,[1024/k3],0.267545,0.402448,false,weights,11
12,29,0.410276,745477,1,[512/k3],0.288338,0.402448,false,resize_layer,30
12,30,0.419204,1490949,1,[1024/k3],0.261696,0.402448,false,weights,25
12,31,0.413914,1490949,1,[1024/k3],0.272755,0.402448,false,weights,51
12,32,0.415443,1490949,1,[1024/k3],0.266625,0.402448,false,weights,25
12,33,0.423861,1724560,2,[161/k3→1024/k3],0.288351,0.402448,false,add_layer,41
12,34,0.420088,372741,1,[256/k3],0.275424,0.402448,false,weights,4
12,35,0.424416,1490949,1,[1024/k3],0.255566,0.402448,false,remove_layer,20
12,36,0.544988,46597,1,[32/k3],0.551261,0.402448,false,resize_layer,4
12,37,0.424891,93189,1,[64/k3],0.401414,0.402448,false,resize_layer,39
12,38,0.414033,372741,1,[256/k3],0.289802,0.402448,false,remove_layer,60
12,39,0.415650,1490949,1,[1024/k3],0.268111,0.402448,false,weights,52
12,40,0.411958,372741,1,[256/k3],0.297118,0.402448,false,weights,60
12,41,0.412964,745477,1,[512/k3],0.279957,0.402448,false,weights,33
12,42,0.416843,1490949,1,[1024/k3],0.266232,0.402448,false,weights,51
12,43,0.408466,10930181,2,[1024/k3→1024/k3],0.308329,0.402448,false,add_layer,25
12,44,0.414439,1490949,1,[1024/k3],0.270153,0.402448,false,weights,5
12,45,0.410608,1490949,1,[1024/k3],0.283974,0.402448,false,weights,51
12,46,0.423144,1724560,2,[161/k3→1024/k3],0.281156,0.402448,false,add_layer,25
12,47,0.417376,1490949,1,[1024/k3],0.271744,0.402448,false,weights,41
12,48,0.411488,372741,1,[256/k3],0.347318,0.402448,false,resize_layer,41
12,49,0.410833,372741,1,[256/k3],0.297485,0.402448,false,weights,29
12,50,0.414192,1490949,1,[1024/k3],0.271190,0.402448,false,weights,25
12,51,0.411619,372741,1,[256/k3],0.295820,0.402448,false,weights,29
12,52,0.428036,1490949,1,[1024/k3],0.253663,0.402448,false,remove_layer,41
12,53,0.419868,93189,1,[64/k3],0.384228,0.402448,false,resize_layer,25
12,54,0.414067,1490949,1,[1024/k3],0.269324,0.402448,false,weights,25
12,55,0.421598,372741,1,[256/k3],0.271548,0.402448,false,remove_layer,39
12,56,0.413967,1490949,1,[1024/k3],0.268525,0.402448,false,weights,25
12,57,0.415397,1490949,1,[1024/k3],0.271967,0.402448,false,weights,52
12,58,0.411141,745477,1,[512/k3],0.282946,0.402448,false,weights,33
12,59,0.418974,1118213,1,[768/k3],0.267502,0.402448,false,resize_layer,41
12,60,0.411746,745477,1,[512/k3],0.286794,0.402448,false,resize_layer,41
12,61,0.419920,1490949,1,[1024/k3],0.261722,0.402448,false,remove_layer,7
12,62,0.416611,1490949,1,[1024/k3],0.268582,0.402448,false,weights,5
12,63,0.418560,372741,1,[256/k3],0.280085,0.402448,false,weights,39
13,0,0.438477,10930181,2,[1024/k3→1024/k3],0.218279,0.402448,true,champion,43
13,1,0.419491,372741,1,[256/k3],0.276988,0.402448,false,weights,51
13,2,0.506561,93189,1,[64/k3],0.507024,0.402448,false,resize_layer,23
13,3,0.442022,2541573,2,[1024/k3→1024/k1],0.232428,0.402448,false,add_layer,23
13,4,0.417314,10930181,2,[1024/k3→1024/k3],0.250466,0.402448,false,weights,43
13,5,0.428630,745477,1,[512/k3],0.249805,0.402448,false,remove_layer,58
13,6,0.425034,1490949,1,[1024/k3],0.253782,0.402448,false,resize_layer,41
13,7,0.423790,1490949,1,[1024/k3],0.252571,0.402448,false,weights,31
13,8,0.425171,1490949,1,[1024/k3],0.253393,0.402448,false,weights,23
13,9,0.424221,1490949,1,[1024/k3],0.252212,0.402448,false,remove_layer,56
13,10,0.428940,1724560,2,[161/k3→1024/k3],0.280332,0.402448,false,add_layer,54
13,11,0.423667,606352,2,[161/k3→256/k3],0.288170,0.402448,false,add_layer,51
13,12,0.449789,438789,2,[256/k3→256/k1],0.246032,0.402448,false,add_layer,40
13,13,0.440357,438789,2,[256/k3→256/k1],0.254269,0.402448,false,add_layer,22
13,14,0.429081,398984,2,[161/k1→256/k3],0.304500,0.402448,false,add_layer,22
13,15,0.418346,1490949,1,[1024/k3],0.261592,0.402448,false,weights,54
13,16,0.420300,372741,1,[256/k3],0.274708,0.402448,false,weights,51
13,17,0.421740,1490949,1,[1024/k3],0.258769,0.402448,false,remove_layer,45
13,18,0.417508,1490949,1,[1024/k3],0.268203,0.402448,false,weights,23
13,19,0.450105,963077,2,[256/k3→256/k3],0.229449,0.402448,false,add_layer,51
13,20,0.430589,606352,2,[161/k3→256/k3],0.277507,0.402448,false,add_layer,49
13,21,0.426209,606352,2,[161/k3→256/k3],0.284781,0.402448,false,add_layer,38
13,22,0.424226,745477,1,[512/k3],0.254810,0.402448,false,resize_layer,54
13,23,0.417862,1490949,1,[1024/k3],0.267369,0.402448,false,weights,31
13,24,0.420959,372741,1,[256/k3],0.271861,0.402448,false,weights,51
13,25,0.416859,745477,1,[512/k3],0.269502,0.402448,false,weights,29
13,26,0.420408,372741,1,[256/k3],0.274631,0.402448,false,weights,49
13,27,0.421970,1490949,1,[1024/k3],0.258367,0.402448,false,weights,31
13,28,0.418166,1490949,1,[1024/k3],0.269522,0.402448,false,weights,45
13,29,0.443202,2541573,2,[1024/k3→1024/k1],0.236399,0.402448,false,add_layer,54
13,30,0.419858,1490949,1,[1024/k3],0.256751,0.402448,false,weights,56
13,31,0.409968,1490949,1,[1024/k3],0.306946,0.402448,false,resize_layer,48
13,32,0.443477,1008645,2,[512/k3→512/k1],0.234925,0.402448,false,add_layer,60
13,33,0.417097,372741,1,[256/k3],0.280921,0.402448,false,weights,49
13,34,0.419992,1490949,1,[1024/k3],0.257244,0.402448,false,weights,54
13,35,0.422440,1490949,1,[1024/k3],0.256388,0.402448,false,weights,56
13,36,0.421106,1490949,1,[1024/k3],0.255630,0.402448,false,weights,54
13,37,0.428007,606352,2,[161/k3→256/k3],0.267876,0.402448,false,add_layer,22
13,38,0.416522,372741,1,[256/k3],0.280650,0.402448,false,weights,49
13,39,0.515822,46597,1,[32/k3],0.516919,0.402448,false,resize_layer,54
13,40,0.416010,1490949,1,[1024/k3],0.270261,0.402448,false,weights,31
13,41,0.426490,745477,1,[512/k3],0.254672,0.402448,false,weights,41
13,42,0.424212,372741,1,[256/k3],0.268501,0.402448,false,weights,38
13,43,0.418575,745477,1,[512/k3],0.266424,0.402448,false,weights,60
13,44,0.420176,372741,1,[256/k3],0.275374,0.402448,false,weights,49
13,45,0.421853,745477,1,[512/k3],0.257834,0.402448,false,resize_layer,56
13,46,0.431963,745477,1,[512/k3],0.247403,0.402448,false,remove_layer,29
13,47,0.421853,745477,1,[512/k3],0.257834,0.402448,false,resize_layer,56
13,48,0.423070,372741,1,[256/k3],0.267723,0.402448,false,weights,51
13,49,0.414505,745477,1,[512/k3],0.275943,0.402448,false,weights,29
13,50,0.419649,745477,1,[512/k3],0.265212,0.402448,false,weights,58
13,51,0.433248,93189,1,[64/k3],0.415458,0.402448,false,resize_layer,22
13,52,0.415040,372741,1,[256/k3],0.290859,0.402448,false,weights,48
13,53,0.421639,1490949,1,[1024/k3],0.255646,0.402448,false,weights,56
13,54,0.428630,745477,1,[512/k3],0.249805,0.402448,false,remove_layer,58
13,55,0.416012,745477,1,[512/k3],0.275827,0.402448,false,weights,60
13,56,0.422284,1490949,1,[1024/k3],0.261911,0.402448,false,weights,45
13,57,0.429694,1490949,1,[1024/k3],0.244862,0.402448,false,remove_layer,23
13,58,0.424861,1490949,1,[1024/k3],0.264513,0.402448,false,resize_layer,38
13,59,0.423408,1490949,1,[1024/k3],0.254881,0.402448,false,weights,56
13,60,0.406758,186373,1,[128/k3],0.322604,0.402448,false,resize_layer,49
13,61,0.427859,745477,1,[512/k3],0.251368,0.402448,false,remove_layer,41
13,62,0.420307,745477,1,[512/k3],0.265496,0.402448,false,weights,60
13,63,0.421714,1490949,1,[1024/k3],0.256099,0.402448,false,weights,54
14,0,0.414868,186373,1,[128/k3],0.291175,0.402448,true,champion,60
14,1,0.435570,2541573,2,[1024/k3→1024/k1],0.238105,0.402448,false,add_layer,40
14,2,0.422909,1118213,1,[768/k3],0.257243,0.402448,false,resize_layer,28
14,3,0.421093,745477,1,[512/k3],0.260408,0.402448,false,weights,25
14,4,0.409014,186373,1,[128/k3],0.311939,0.402448,false,resize_layer,33
14,5,0.444132,10930181,2,[1024/k3→1024/k3],0.204604,0.402448,false,weights,4
14,6,0.425719,93189,1,[64/k3],0.394576,0.402448,false,resize_layer,52
14,7,0.468610,2666373,2,[1024/k3→128/k3],0.175840,0.402448,false,resize_layer,4
14,8,0.443877,398984,2,[161/k1→256/k3],0.306232,0.402448,false,add_layer,33
14,9,0.423936,745477,1,[512/k3],0.254262,0.402448,false,weights,43
14,10,0.433266,372741,1,[256/k3],0.250320,0.402448,false,remove_layer,1
14,11,0.428767,1490949,1,[1024/k3],0.246019,0.402448,false,remove_layer,23
14,12,0.417425,745477,1,[512/k3],0.267211,0.402448,false,weights,55
14,13,0.424392,1490949,1,[1024/k3],0.254900,0.402448,false,weights,28
14,14,0.411145,186373,1,[128/k3],0.300641,0.402448,false,weights,60
14,15,0.427974,372741,1,[256/k3],0.255987,0.402448,false,remove_layer,38
14,16,0.432989,745477,1,[512/k3],0.244606,0.402448,false,weights,25
14,17,0.415479,10930181,2,[1024/k3→1024/k3],0.344551,0.402448,false,add_layer,23
14,18,0.421702,745477,1,[512/k3],0.258840,0.402448,false,weights,43
14,19,0.427576,606352,2,[161/k3→256/k3],0.281891,0.402448,false,add_layer,52
14,20,0.424332,372741,1,[256/k3],0.261715,0.402448,false,weights,1
14,21,0.426841,372741,1,[256/k3],0.260490,0.402448,false,weights,1
14,22,0.426840,745477,1,[512/k3],0.252658,0.402448,false,remove_layer,55
14,23,0.430117,606352,2,[161/k3→256/k3],0.280734,0.402448,false,add_layer,33
14,24,0.413077,186373,1,[128/k3],0.296359,0.402448,false,weights,60
14,25,0.427976,372741,1,[256/k3],0.255986,0.402448,false,remove_layer,38
14,26,0.440068,3105797,2,[512/k3→512/k3],0.241835,0.402448,false,add_layer,25
14,27,0.414867,186373,1,[128/k3],0.291175,0.402448,false,remove_layer,60
14,28,0.416424,186373,1,[128/k3],0.290930,0.402448,false,weights,60
14,29,0.445405,771720,2,[161/k1→512/k3],0.291271,0.402448,false,add_layer,55
14,30,0.454757,963077,2,[256/k3→256/k3],0.223198,0.402448,false,add_layer,33
14,31,0.428422,372741,1,[256/k3],0.250382,0.402448,false,resize_layer,15
14,32,0.424914,372741,1,[256/k3],0.263637,0.402448,false,weights,33
14,33,0.434909,1490949,1,[1024/k3],0.241280,0.402448,false,weights,28
14,34,0.428061,1490949,1,[1024/k3],0.248685,0.402448,false,weights,23
14,35,0.465384,10930181,2,[1024/k3→1024/k3],0.180952,0.402448,false,weights,4
14,36,0.417508,745477,1,[512/k3],0.265745,0.402448,false,weights,49
14,37,0.431991,1490949,1,[1024/k3],0.243026,0.402448,false,remove_layer,18
14,38,0.451721,438789,2,[256/k3→256/k1],0.240370,0.402448,false,add_layer,33
14,39,0.425784,1490949,1,[1024/k3],0.249050,0.402448,false,weights,40
14,40,0.417501,1490949,1,[1024/k3],0.278439,0.402448,false,remove_layer,31
14,41,0.446272,1517192,2,[161/k1→1024/k3],0.294333,0.402448,false,add_layer,28
14,42,0.431512,745477,1,[512/k3],0.254208,0.402448,false,resize_layer,1
14,43,0.430160,1490949,1,[1024/k3],0.244815,0.402448,false,weights,28
14,44,0.418817,372741,1,[256/k3],0.272964,0.402448,false,weights,38
14,45,0.429861,1118213,1,[768/k3],0.256656,0.402448,false,resize_layer,1
14,46,0.461953,1490949,1,[1024/k3],0.455618,0.402448,false,remove_layer,4
14,47,0.454106,10930181,2,[1024/k3→1024/k3],0.192740,0.402448,false,weights,4
14,48,0.429945,606352,2,[161/k3→256/k3],0.271933,0.402448,false,add_layer,33
14,49,0.421304,745477,1,[512/k3],0.259471,0.402448,false,weights,49
14,50,0.430973,10930181,2,[1024/k3→1024/k3],0.219208,0.402448,false,weights,4
14,51,0.421982,1490949,1,[1024/k3],0.255700,0.402448,false,weights,23
14,52,0.421886,372741,1,[256/k3],0.275415,0.402448,false,weights,52
14,53,0.419770,745477,1,[512/k3],0.261723,0.402448,false,weights,49
14,54,0.425994,372741,1,[256/k3],0.263836,0.402448,false,remove_layer,52
14,55,0.418170,1490949,1,[1024/k3],0.260549,0.402448,false,weights,28
14,56,0.420592,1490949,1,[1024/k3],0.260211,0.402448,false,weights,40
14,57,0.420966,93189,1,[64/k3],0.384711,0.402448,false,resize_layer,15
14,58,0.431992,1490949,1,[1024/k3],0.243026,0.402448,false,remove_layer,18
14,59,0.426841,745477,1,[512/k3],0.252656,0.402448,false,remove_layer,55
14,60,0.423295,372741,1,[256/k3],0.266378,0.402448,false,weights,1
14,61,0.430199,1724560,2,[161/k3→1024/k3],0.275111,0.402448,false,add_layer,18
14,62,0.417009,372741,1,[256/k3],0.275842,0.402448,false,weights,33
14,63,0.429852,745477,1,[512/k3],0.250999,0.402448,false,weights,55
15,0,0.418265,186373,1,[128/k3],0.282626,0.402448,true,champion,4
15,1,0.418801,186373,1,[128/k3],0.282623,0.402448,false,weights,24
15,2,0.427647,745477,1,[512/k3],0.248850,0.402448,false,weights,53
15,3,0.431453,372741,1,[256/k3],0.249729,0.402448,false,weights,44
15,4,0.416908,745477,1,[512/k3],0.270833,0.402448,false,resize_layer,55
15,5,0.423014,186373,1,[128/k3],0.276381,0.402448,false,weights,28
15,6,0.428405,372741,1,[256/k3],0.256913,0.402448,false,weights,62
15,7,0.417883,1490949,1,[1024/k3],0.277369,0.402448,false,weights,40
15,8,0.420544,1490949,1,[1024/k3],0.271772,0.402448,false,weights,40
15,9,0.423471,1118213,1,[768/k3],0.267422,0.402448,false,resize_layer,40
15,10,0.426696,745477,1,[512/k3],0.251302,0.402448,false,weights,36
15,11,0.418031,186373,1,[128/k3],0.281790,0.402448,false,weights,0
15,12,0.434156,1490949,1,[1024/k3],0.235234,0.402448,false,remove_layer,55
15,13,0.617106,1780965,2,[1024/k3→32/k3],0.543072,0.402448,false,resize_layer,17
15,14,0.427748,372741,1,[256/k3],0.258101,0.402448,false,weights,62
15,15,0.440972,212616,2,[161/k1→128/k3],0.308323,0.402448,false,add_layer,28
15,16,0.431981,1724560,2,[161/k3→1024/k3],0.284738,0.402448,false,add_layer,55
15,17,0.429969,745477,1,[512/k3],0.243121,0.402448,false,remove_layer,12
15,18,0.419779,186373,1,[128/k3],0.279775,0.402448,false,weights,14
15,19,0.439493,212616,2,[161/k1→128/k3],0.314265,0.402448,false,add_layer,27
15,20,0.416989,186373,1,[128/k3],0.281559,0.402448,false,weights,27
15,21,0.428203,745477,1,[512/k3],0.249651,0.402448,false,weights,12
15,22,0.417348,186373,1,[128/k3],0.288661,0.402448,false,weights,4
15,23,0.433292,979088,2,[161/k3→512/k3],0.276672,0.402448,false,add_layer,12
15,24,0.420798,186373,1,[128/k3],0.280956,0.402448,false,weights,27
15,25,0.424587,1490949,1,[1024/k3],0.263179,0.402448,false,weights,40
15,26,0.445455,203013,2,[128/k3→128/k1],0.261927,0.402448,false,add_layer,28
15,27,0.444165,2541573,2,[1024/k3→1024/k1],0.223779,0.402448,false,add_layer,55
15,28,0.417064,186373,1,[128/k3],0.284948,0.402448,false,weights,14
15,29,0.403078,93189,1,[64/k3],0.319488,0.402448,false,weights,57
15,30,0.411759,93189,1,[64/k3],0.337200,0.402448,false,resize_layer,24
15,31,0.418683,186373,1,[128/k3],0.279011,0.402448,false,remove_layer,24
15,32,0.419759,419984,2,[161/k3→128/k3],0.297108,0.402448,false,add_layer,24
15,33,0.424083,372741,1,[256/k3],0.261550,0.402448,false,weights,62
15,34,0.431575,745477,1,[512/k3],0.245240,0.402448,false,weights,12
15,35,0.421845,1490949,1,[1024/k3],0.265957,0.402448,false,remove_layer,17
15,36,0.434156,1490949,1,[1024/k3],0.235234,0.402448,false,remove_layer,55
15,37,0.423420,745477,1,[512/k3],0.249953,0.402448,false,weights,36
15,38,0.419037,186373,1,[128/k3],0.280033,0.402448,false,weights,14
15,39,0.447354,10930181,2,[1024/k3→1024/k3],0.216670,0.402448,false,weights,17
15,40,0.429968,745477,1,[512/k3],0.243122,0.402448,false,remove_layer,12
15,41,0.419123,186373,1,[128/k3],0.279276,0.402448,false,weights,24
15,42,0.418910,186373,1,[128/k3],0.282427,0.402448,false,weights,27
15,43,0.429968,745477,1,[512/k3],0.243123,0.402448,false,remove_layer,12
15,44,0.403618,93189,1,[64/k3],0.317630,0.402448,false,remove_layer,57
15,45,0.437555,10930181,2,[1024/k3→1024/k3],0.234796,0.402448,false,weights,17
15,46,0.487574,46597,1,[32/k3],0.472418,0.402448,false,resize_layer,14
15,47,0.436278,1118213,1,[768/k3],0.235273,0.402448,false,resize_layer,53
15,48,0.422265,1490949,1,[1024/k3],0.250806,0.402448,false,weights,56
15,49,0.430223,1724560,2,[161/k3→1024/k3],0.278256,0.402448,false,add_layer,55
15,50,0.402645,93189,1,[64/k3],0.321492,0.402448,false,weights,57
15,51,0.417960,186373,1,[128/k3],0.284355,0.402448,false,weights,14
15,52,0.417189,419984,2,[161/k3→128/k3],0.303123,0.402448,false,add_layer,4
15,53,0.416890,186373,1,[128/k3],0.282131,0.402448,false,weights,27
15,54,0.403360,93189,1,[64/k3],0.322453,0.402448,false,weights,57
15,55,0.430368,372741,1,[256/k3],0.253950,0.402448,false,weights,44
15,56,0.419008,186373,1,[128/k3],0.282423,0.402448,false,weights,14
15,57,0.403617,93189,1,[64/k3],0.317630,0.402448,false,remove_layer,57
15,58,0.443746,10930181,2,[1024/k3→1024/k3],0.221265,0.402448,false,weights,17
15,59,0.425365,372741,1,[256/k3],0.260400,0.402448,false,weights,62
15,60,0.427765,372741,1,[256/k3],0.257025,0.402448,false,weights,62
15,61,0.424688,372741,1,[256/k3],0.259172,0.402448,false,weights,62
15,62,0.428841,1490949,1,[1024/k3],0.240916,0.402448,false,weights,56
15,63,0.421819,745477,1,[512/k3],0.256041,0.402448,false,weights,36
16,0,0.411639,93189,1,[64/k3],0.297992,0.402448,true,champion,50
16,1,0.409522,93189,1,[64/k3],0.303958,0.402448,false,weights,50
16,2,0.411641,93189,1,[64/k3],0.297992,0.402448,false,remove_layer,50
16,3,0.425453,1490949,1,[1024/k3],0.268934,0.402448,false,resize_layer,28
16,4,0.483858,46597,1,[32/k3],0.463037,0.402448,false,resize_layer,11
16,5,0.435739,745477,1,[512/k3],0.238357,0.402448,false,remove_layer,4
16,6,0.425896,419984,2,[161/k3→128/k3],0.258453,0.402448,false,weights,52
16,7,0.457833,334085,2,[128/k3→128/k3],0.231353,0.402448,false,add_layer,0
16,8,0.410567,93189,1,[64/k3],0.301844,0.402448,false,weights,57
16,9,0.408068,93189,1,[64/k3],0.305462,0.402448,false,weights,50
16,10,0.420451,186373,1,[128/k3],0.275415,0.402448,false,weights,28
16,11,0.411958,93189,1,[64/k3],0.298935,0.402448,false,weights,57
16,12,0.413331,93189,1,[64/k3],0.295659,0.402448,false,remove_layer,44
16,13,0.422729,186373,1,[128/k3],0.275039,0.402448,false,weights,51
16,14,0.427063,186373,1,[128/k3],0.267569,0.402448,false,weights,53
16,15,0.423010,186373,1,[128/k3],0.273993,0.402448,false,weights,53
16,16,0.429130,419984,2,[161/k3→128/k3],0.250823,0.402448,false,weights,52
16,17,0.413320,93189,1,[64/k3],0.295717,0.402448,false,remove_layer,57
16,18,0.424270,186373,1,[128/k3],0.269005,0.402448,false,weights,11
16,19,0.408878,1118213,1,[768/k3],0.302880,0.402448,false,resize_layer,44
16,20,0.411742,93189,1,[64/k3],0.299360,0.402448,false,weights,29
16,21,0.422562,1490949,1,[1024/k3],0.271600,0.402448,false,resize_layer,0
16,22,0.428828,119432,2,[161/k1→64/k3],0.331890,0.402448,false,add_layer,30
16,23,0.422502,10930181,2,[1024/k3→1024/k3],0.302519,0.402448,false,add_layer,7
16,24,0.428719,372741,1,[256/k3],0.265395,0.402448,false,resize_layer,51
16,25,0.429317,372741,1,[256/k3],0.257476,0.402448,false,resize_layer,7
16,26,0.409774,93189,1,[64/k3],0.303307,0.402448,false,weights,44
16,27,0.426001,186373,1,[128/k3],0.264647,0.402448,false,remove_layer,28
16,28,0.441551,436624,3,[161/k3→128/k3→128/k1],0.231268,0.402448,false,add_layer,52
16,29,0.428363,186373,1,[128/k3],0.264311,0.402448,false,weights,53
16,30,0.425258,1490949,1,[1024/k3],0.270454,0.402448,false,resize_layer,22
16,31,0.416755,93189,1,[64/k3],0.307973,0.402448,false,weights,30
16,32,0.468316,653595,3,[161/k3→161/k3→128/k3],0.186025,0.402448,false,add_layer,52
16,33,0.456665,334085,2,[128/k3→128/k3],0.231498,0.402448,false,add_layer,51
16,34,0.408158,93189,1,[64/k3],0.303243,0.402448,false,weights,50
16,35,0.410628,93189,1,[64/k3],0.298320,0.402448,false,weights,44
16,36,0.424810,186373,1,[128/k3],0.264346,0.402448,false,remove_layer,20
16,37,0.417766,186373,1,[128/k3],0.302110,0.402448,false,resize_layer,30
16,38,0.433718,97413,2,[64/k3→64/k1],0.285744,0.402448,false,add_layer,29
16,39,0.410839,93189,1,[64/k3],0.300470,0.402448,false,weights,29
16,40,0.462047,1008645,2,[512/k3→512/k1],0.212739,0.402448,false,add_layer,4
16,41,0.434115,419984,2,[161/k3→128/k3],0.274784,0.402448,false,add_layer,28
16,42,0.422294,1490949,1,[1024/k3],0.267314,0.402448,false,weights,7
16,43,0.434228,84197,2,[32/k3→128/k3],0.364073,0.402448,false,resize_layer,52
16,44,0.423224,186373,1,[128/k3],0.269980,0.402448,false,weights,20
16,45,0.426303,186373,1,[128/k3],0.265671,0.402448,false,remove_layer,11
16,46,0.427050,186373,1,[128/k3],0.270262,0.402448,false,remove_layer,22
16,47,0.431453,186373,1,[128/k3],0.261197,0.402448,false,remove_layer,53
16,48,0.423420,186373,1,[128/k3],0.270116,0.402448,false,weights,53
16,49,0.409411,93189,1,[64/k3],0.303189,0.402448,false,weights,54
16,50,0.410908,93189,1,[64/k3],0.301889,0.402448,false,weights,57
16,51,0.420713,186373,1,[128/k3],0.273303,0.402448,false,weights,20
16,52,0.421738,186373,1,[128/k3],0.270186,0.402448,false,weights,20
16,53,0.408283,93189,1,[64/k3],0.304316,0.402448,false,weights,44
16,54,0.412414,93189,1,[64/k3],0.295856,0.402448,false,remove_layer,29
16,55,0.421009,186373,1,[128/k3],0.275321,0.402448,false,weights,28
16,56,0.427797,186373,1,[128/k3],0.269797,0.402448,false,weights,22
16,57,0.434614,1118213,1,[768/k3],0.239664,0.402448,false,resize_layer,4
16,58,0.417141,93189,1,[64/k3],0.309571,0.402448,false,weights,30
16,59,0.408382,93189,1,[64/k3],0.306824,0.402448,false,weights,54
16,60,0.429463,419984,2,[161/k3→128/k3],0.252157,0.402448,false,weights,52
16,61,0.481304,46597,1,[32/k3],0.461037,0.402448,false,resize_layer,0
16,62,0.421730,186373,1,[128/k3],0.277409,0.402448,false,weights,22
16,63,0.416204,372741,1,[256/k3],0.297873,0.402448,false,resize_layer,4
17,0,0.414757,93189,1,[64/k3],0.290801,0.402448,true,champion,9
17,1,0.415916,93189,1,[64/k3],0.292879,0.402448,false,weights,59
17,2,0.417814,93189,1,[64/k3],0.288791,0.402448,false,weights,35
17,3,0.418401,93189,1,[64/k3],0.289601,0.402448,false,weights,50
17,4,0.419161,93189,1,[64/k3],0.288676,0.402448,false,weights,11
17,5,0.417767,93189,1,[64/k3],0.289175,0.402448,false,weights,1
17,6,0.413285,93189,1,[64/k3],0.295918,0.402448,false,weights,59
17,7,0.431255,119432,2,[161/k1→64/k3],0.305494,0.402448,false,add_layer,9
17,8,0.422003,93189,1,[64/k3],0.283064,0.402448,false,remove_layer,2
17,9,0.414166,93189,1,[64/k3],0.294700,0.402448,false,weights,1
17,10,0.435710,119432,2,[161/k1→64/k3],0.306889,0.402448,false,add_layer,2
17,11,0.415148,93189,1,[64/k3],0.294147,0.402448,false,weights,9
17,12,0.417241,93189,1,[64/k3],0.290169,0.402448,false,weights,53
17,13,0.414677,93189,1,[64/k3],0.293179,0.402448,false,weights,8
17,14,0.417624,745477,1,[512/k3],0.288548,0.402448,false,resize_layer,26
17,15,0.450212,130181,2,[64/k3→64/k3],0.253719,0.402448,false,add_layer,20
17,16,0.416383,93189,1,[64/k3],0.291600,0.402448,false,weights,9
17,17,0.429907,119432,2,[161/k1→64/k3],0.306032,0.402448,false,add_layer,9
17,18,0.415383,93189,1,[64/k3],0.293037,0.402448,false,weights,53
17,19,0.420286,93189,1,[64/k3],0.283599,0.402448,false,remove_layer,35
17,20,0.448995,130181,2,[64/k3→64/k3],0.252628,0.402448,false,add_layer,35
17,21,0.415601,93189,1,[64/k3],0.290327,0.402448,false,weights,0
17,22,0.417300,93189,1,[64/k3],0.289514,0.402448,false,weights,11
17,23,0.422008,93189,1,[64/k3],0.283074,0.402448,false,remove_layer,0
17,24,0.420169,372741,1,[256/k3],0.283483,0.402448,false,resize_layer,35
17,25,0.417976,1118213,1,[768/k3],0.288599,0.402448,false,resize_layer,50
17,26,0.414145,1118213,1,[768/k3],0.291167,0.402448,false,weights,19
17,27,0.420850,93189,1,[64/k3],0.286509,0.402448,false,weights,0
17,28,0.418650,93189,1,[64/k3],0.286687,0.402448,false,weights,35
17,29,0.416959,93189,1,[64/k3],0.293017,0.402448,false,weights,50
17,30,0.410971,1118213,1,[768/k3],0.295870,0.402448,false,weights,19
17,31,0.417691,93189,1,[64/k3],0.290088,0.402448,false,weights,8
17,32,0.417018,93189,1,[64/k3],0.288329,0.402448,false,remove_layer,34
17,33,0.423045,326800,2,[161/k3→64/k3],0.280796,0.402448,false,add_layer,20
17,34,0.417014,93189,1,[64/k3],0.290097,0.402448,false,weights,53
17,35,0.419993,186373,1,[128/k3],0.285236,0.402448,false,resize_layer,11
17,36,0.415540,93189,1,[64/k3],0.292279,0.402448,false,weights,26
17,37,0.414132,93189,1,[64/k3],0.294571,0.402448,false,weights,1
17,38,0.423752,326800,2,[161/k3→64/k3],0.287605,0.402448,false,add_layer,35
17,39,0.408787,46597,1,[32/k3],0.358488,0.402448,false,resize_layer,39
17,40,0.420451,93189,1,[64/k3],0.285326,0.402448,false,weights,39
17,41,0.420504,93189,1,[64/k3],0.286132,0.402448,false,weights,2
17,42,0.421431,93189,1,[64/k3],0.282948,0.402448,false,remove_layer,39
17,43,0.416767,93189,1,[64/k3],0.290352,0.402448,false,weights,20
17,44,0.418885,93189,1,[64/k3],0.288207,0.402448,false,weights,11
17,45,0.421333,93189,1,[64/k3],0.283434,0.402448,false,remove_layer,53
17,46,0.413820,186373,1,[128/k3],0.291494,0.402448,false,resize_layer,19
17,47,0.430383,119432,2,[161/k1→64/k3],0.307642,0.402448,false,add_layer,53
17,48,0.422009,93189,1,[64/k3],0.283074,0.402448,false,remove_layer,0
17,49,0.414669,1118213,1,[768/k3],0.291474,0.402448,false,resize_layer,1
17,50,0.422530,326800,2,[161/k3→64/k3],0.286729,0.402448,false,add_layer,11
17,51,0.416823,93189,1,[64/k3],0.289552,0.402448,false,weights,0
17,52,0.416834,93189,1,[64/k3],0.289032,0.402448,false,weights,35
17,53,0.416170,93189,1,[64/k3],0.291230,0.402448,false,weights,53
17,54,0.417967,93189,1,[64/k3],0.288652,0.402448,false,remove_layer,26
17,55,0.419951,93189,1,[64/k3],0.286287,0.402448,false,remove_layer,49
17,56,0.412886,1118213,1,[768/k3],0.293688,0.402448,false,weights,19
17,57,0.416219,6428165,2,[768/k3→768/k3],0.331234,0.402448,false,add_layer,19
17,58,0.413563,93189,1,[64/k3],0.294807,0.402448,false,weights,34
17,59,0.414655,93189,1,[64/k3],0.292499,0.402448,false,weights,53
17,60,0.414412,93189,1,[64/k3],0.294149,0.402448,false,weights,1
17,61,0.418995,93189,1,[64/k3],0.286672,0.402448,false,weights,0
17,62,0.414544,93189,1,[64/k3],0.293527,0.402448,false,weights,34
17,63,0.446149,130181,2,[64/k3→64/k3],0.256995,0.402448,false,add_layer,59
18,0,0.407705,46597,1,[32/k3],0.328486,0.402448,true,champion,39
18,1,0.420137,186373,1,[128/k3],0.281959,0.402448,false,weights,46
18,2,0.416764,1118213,1,[768/k3],0.284531,0.402448,false,weights,56
18,3,0.418003,1118213,1,[768/k3],0.282360,0.402448,false,weights,26
18,4,0.417276,93189,1,[64/k3],0.287320,0.402448,false,weights,59
18,5,0.408420,46597,1,[32/k3],0.327100,0.402448,false,weights,39
18,6,0.419204,186373,1,[128/k3],0.282365,0.402448,false,weights,46
18,7,0.421643,93189,1,[64/k3],0.284336,0.402448,false,weights,9
18,8,0.435132,119432,2,[161/k1→64/k3],0.302337,0.402448,false,add_layer,59
18,9,0.424659,93189,1,[64/k3],0.280112,0.402448,false,remove_layer,13
18,10,0.419139,93189,1,[64/k3],0.287185,0.402448,false,weights,6
18,11,0.421040,93189,1,[64/k3],0.283579,0.402448,false,weights,37
18,12,0.425518,93189,1,[64/k3],0.280256,0.402448,false,weights,13
18,13,0.418949,186373,1,[128/k3],0.283201,0.402448,false,weights,46
18,14,0.419495,93189,1,[64/k3],0.286010,0.402448,false,weights,58
18,15,0.418542,186373,1,[128/k3],0.282285,0.402448,false,weights,46
18,16,0.407705,46597,1,[32/k3],0.328487,0.402448,false,remove_layer,39
18,17,0.421858,745477,1,[512/k3],0.284031,0.402448,false,resize_layer,60
18,18,0.424250,93189,1,[64/k3],0.281508,0.402448,false,remove_layer,11
18,19,0.424491,186373,1,[128/k3],0.277635,0.402448,false,weights,46
18,20,0.422697,93189,1,[64/k3],0.281624,0.402448,false,remove_layer,58
18,21,0.447617,203013,2,[128/k3→128/k1],0.266439,0.402448,false,add_layer,46
18,22,0.425947,186373,1,[128/k3],0.277031,0.402448,false,resize_layer,62
18,23,0.414560,1118213,1,[768/k3],0.288704,0.402448,false,weights,49
18,24,0.417043,93189,1,[64/k3],0.288444,0.402448,false,weights,37
18,25,0.424659,93189,1,[64/k3],0.280112,0.402448,false,remove_layer,13
18,26,0.420653,93189,1,[64/k3],0.286500,0.402448,false,weights,6
18,27,0.424756,1118213,1,[768/k3],0.273783,0.402448,false,remove_layer,30
18,28,0.418853,93189,1,[64/k3],0.287321,0.402448,false,weights,6
18,29,0.404110,1118213,1,[768/k3],0.331443,0.402448,false,resize_layer,39
18,30,0.423461,93189,1,[64/k3],0.281027,0.402448,false,weights,13
18,31,0.424542,93189,1,[64/k3],0.282634,0.402448,false,weights,13
18,32,0.415777,1118213,1,[768/k3],0.286574,0.402448,false,weights,49
18,33,0.422519,93189,1,[64/k3],0.283398,0.402448,false,weights,6
18,34,0.420955,186373,1,[128/k3],0.281664,0.402448,false,resize_layer,26
18,35,0.423650,93189,1,[64/k3],0.281112,0.402448,false,weights,13
18,36,0.406927,46597,1,[32/k3],0.329707,0.402448,false,weights,39
18,37,0.406874,46597,1,[32/k3],0.330201,0.402448,false,weights,39
18,38,0.425736,93189,1,[64/k3],0.279424,0.402448,false,weights,62
18,39,0.454684,130181,2,[64/k3→64/k3],0.250638,0.402448,false,add_layer,13
18,40,0.421367,93189,1,[64/k3],0.282560,0.402448,false,weights,13
18,41,0.415312,1118213,1,[768/k3],0.286163,0.402448,false,remove_layer,49
18,42,0.423289,93189,1,[64/k3],0.283250,0.402448,false,weights,13
18,43,0.422767,186373,1,[128/k3],0.278603,0.402448,false,weights,46
18,44,0.418693,1490949,1,[1024/k3],0.286475,0.402448,false,resize_layer,9
18,45,0.435914,1144456,2,[161/k1→768/k3],0.312612,0.402448,false,add_layer,49
18,46,0.423214,93189,1,[64/k3],0.278899,0.402448,false,remove_layer,0
18,47,0.424962,186373,1,[128/k3],0.276644,0.402448,false,weights,46
18,48,0.425390,93189,1,[64/k3],0.278523,0.402448,false,remove_layer,62
18,49,0.416047,1118213,1,[768/k3],0.286187,0.402448,false,weights,30
18,50,0.407706,46597,1,[32/k3],0.328487,0.402448,false,remove_layer,39
18,51,0.422013,93189,1,[64/k3],0.282291,0.402448,false,weights,58
18,52,0.415306,1118213,1,[768/k3],0.287694,0.402448,false,weights,56
18,53,0.414641,6428165,2,[768/k3→768/k3],0.292977,0.402448,false,add_layer,56
18,54,0.435296,119432,2,[161/k1→64/k3],0.302795,0.402448,false,add_layer,60
18,55,0.421022,93189,1,[64/k3],0.285061,0.402448,false,weights,11
18,56,0.421174,93189,1,[64/k3],0.285097,0.402448,false,weights,60
18,57,0.419452,1351824,2,[161/k3→768/k3],0.292695,0.402448,false,add_layer,26
18,58,0.437890,1144456,2,[161/k1→768/k3],0.307151,0.402448,false,add_layer,26
18,59,0.422006,93189,1,[64/k3],0.282855,0.402448,false,remove_layer,9
18,60,0.449639,97413,2,[64/k3→64/k1],0.272629,0.402448,false,add_layer,59
18,61,0.425024,72840,2,[161/k1→32/k3],0.328458,0.402448,false,add_layer,39
18,62,0.452968,130181,2,[64/k3→64/k3],0.252302,0.402448,false,add_layer,60
18,63,0.420722,93189,1,[64/k3],0.286284,0.402448,false,weights,9
19,0,0.410586,1118213,1,[768/k3],0.306475,0.402448,true,champion,29
19,1,0.427956,372741,1,[256/k3],0.274294,0.402448,false,resize_layer,24
19,2,0.413863,46597,1,[32/k3],0.316927,0.402448,false,weights,50
19,3,0.412668,46597,1,[32/k3],0.319274,0.402448,false,weights,36
19,4,0.415328,46597,1,[32/k3],0.314786,0.402448,false,remove_layer,16
19,5,0.414952,1118213,1,[768/k3],0.287469,0.402448,false,remove_layer,53
19,6,0.427249,186373,1,[128/k3],0.274963,0.402448,false,resize_layer,24
19,7,0.421437,1490949,1,[1024/k3],0.276837,0.402448,false,resize_layer,41
19,8,0.427625,745477,1,[512/k3],0.275029,0.402448,false,resize_layer,24
19,9,0.413723,46597,1,[32/k3],0.318191,0.402448,false,weights,16
19,10,0.423770,1351824,2,[161/k3→768/k3],0.287678,0.402448,false,add_layer,23
19,11,0.428363,1490949,1,[1024/k3],0.266897,0.402448,false,resize_layer,2
19,12,0.421172,6428165,2,[768/k3→768/k3],0.269689,0.402448,false,weights,53
19,13,0.420424,1118213,1,[768/k3],0.277909,0.402448,false,weights,41
19,14,0.423318,93189,1,[64/k3],0.279908,0.402448,false,weights,4
19,15,0.415434,6428165,2,[768/k3→768/k3],0.268994,0.402448,false,weights,53
19,16,0.415797,46597,1,[32/k3],0.315007,0.402448,false,weights,5
19,17,0.423588,1118213,1,[768/k3],0.273926,0.402448,false,remove_layer,23
19,18,0.411443,46597,1,[32/k3],0.320730,0.402448,false,weights,5
19,19,0.420146,1118213,1,[768/k3],0.276772,0.402448,false,weights,32
19,20,0.437254,47685,2,[32/k3→32/k1],0.311120,0.402448,false,add_layer,36
19,21,0.413794,46597,1,[32/k3],0.316851,0.402448,false,remove_layer,37
19,22,0.416836,6428165,2,[768/k3→768/k3],0.305694,0.402448,false,add_layer,32
19,23,0.427346,93189,1,[64/k3],0.276713,0.402448,false,weights,4
19,24,0.434424,6428165,2,[768/k3→768/k3],0.241500,0.402448,false,weights,53
19,25,0.414108,46597,1,[32/k3],0.318193,0.402448,false,weights,0
19,26,0.425897,1118213,1,[768/k3],0.278023,0.402448,false,resize_layer,4
19,27,0.419203,1118213,1,[768/k3],0.278470,0.402448,false,weights,32
19,28,0.411751,46597,1,[32/k3],0.320110,0.402448,false,weights,50
19,29,0.429400,93189,1,[64/k3],0.274383,0.402448,false,weights,24
19,30,0.417662,46597,1,[32/k3],0.313149,0.402448,false,weights,5
19,31,0.440065,1709573,2,[768/k3→768/k1],0.270331,0.402448,false,add_layer,32
19,32,0.429140,6428165,2,[768/k3→768/k3],0.248087,0.402448,false,weights,53
19,33,0.418558,1118213,1,[768/k3],0.279689,0.402448,false,weights,41
19,34,0.414757,46597,1,[32/k3],0.316246,0.402448,false,weights,5
19,35,0.421575,1118213,1,[768/k3],0.275324,0.402448,false,remove_layer,32
19,36,0.422323,6428165,2,[768/k3→768/k3],0.259406,0.402448,false,weights,53
19,37,0.423588,1118213,1,[768/k3],0.273927,0.402448,false,remove_layer,23
19,38,0.414952,1118213,1,[768/k3],0.287469,0.402448,false,remove_layer,53
19,39,0.420545,1118213,1,[768/k3],0.277745,0.402448,false,weights,49
19,40,0.414521,46597,1,[32/k3],0.316367,0.402448,false,weights,0
19,41,0.420946,1118213,1,[768/k3],0.276598,0.402448,false,weights,2
19,42,0.420897,1118213,1,[768/k3],0.277111,0.402448,false,remove_layer,41
19,43,0.419842,1118213,1,[768/k3],0.277963,0.402448,false,weights,52
19,44,0.412368,46597,1,[32/k3],0.320770,0.402448,false,weights,37
19,45,0.413043,46597,1,[32/k3],0.318788,0.402448,false,weights,37
19,46,0.413152,46597,1,[32/k3],0.318761,0.402448,false,weights,16
19,47,0.418683,1118213,1,[768/k3],0.280504,0.402448,false,weights,32
19,48,0.423489,6428165,2,[768/k3→768/k3],0.253609,0.402448,false,weights,53
19,49,0.421574,1118213,1,[768/k3],0.275324,0.402448,false,remove_layer,32
19,50,0.414080,46597,1,[32/k3],0.318309,0.402448,false,weights,5
19,51,0.415090,372741,1,[256/k3],0.314331,0.402448,false,resize_layer,50
19,52,0.415667,6428165,2,[768/k3→768/k3],0.277520,0.402448,false,add_layer,41
19,53,0.413374,46597,1,[32/k3],0.318800,0.402448,false,weights,36
19,54,0.415329,46597,1,[32/k3],0.314801,0.402448,false,remove_layer,0
19,55,0.418821,1118213,1,[768/k3],0.278888,0.402448,false,weights,41
19,56,0.425352,1118213,1,[768/k3],0.270615,0.402448,false,remove_layer,49
19,57,0.411322,46597,1,[32/k3],0.320960,0.402448,false,weights,36
19,58,0.420934,1118213,1,[768/k3],0.277556,0.402448,false,weights,41
19,59,0.436439,11738117,3,[768/k3→768/k3→768/k3],0.231521,0.402448,false,add_layer,53
19,60,0.426085,93189,1,[64/k3],0.275892,0.402448,false,remove_layer,24
19,61,0.422796,6428165,2,[768/k3→768/k3],0.292527,0.402448,false,add_layer,32
19,62,0.414795,46597,1,[32/k3],0.315846,0.402448,false,weights,50
19,63,0.438309,1144456,2,[161/k1→768/k3],0.302169,0.402448,false,add_layer,23
20,0,0.427131,1118213,1,[768/k3],0.273189,0.402448,true,champion,0
20,1,0.419973,46597,1,[32/k3],0.309909,0.402448,false,weights,3
20,2,0.421796,46597,1,[32/k3],0.307567,0.402448,false,weights,34
20,3,0.419369,46597,1,[32/k3],0.311885,0.402448,false,weights,50
20,4,0.417760,46597,1,[32/k3],0.312280,0.402448,false,weights,28
20,5,0.420747,46597,1,[32/k3],0.309639,0.402448,false,weights,50
20,6,0.420433,46597,1,[32/k3],0.309222,0.402448,false,weights,9
20,7,0.416451,46597,1,[32/k3],0.313237,0.402448,false,weights,3
20,8,0.422385,46597,1,[32/k3],0.307076,0.402448,false,remove_layer,21
20,9,0.419853,1118213,1,[768/k3],0.308786,0.402448,false,resize_layer,40
20,10,0.417373,46597,1,[32/k3],0.311984,0.402448,false,weights,40
20,11,0.418014,46597,1,[32/k3],0.312613,0.402448,false,weights,3
20,12,0.418116,46597,1,[32/k3],0.312219,0.402448,false,weights,25
20,13,0.419286,1118213,1,[768/k3],0.309420,0.402448,false,resize_layer,9
20,14,0.418548,46597,1,[32/k3],0.310409,0.402448,false,remove_layer,46
20,15,0.416446,46597,1,[32/k3],0.312178,0.402448,false,weights,40
20,16,0.418076,46597,1,[32/k3],0.312809,0.402448,false,weights,44
20,17,0.416473,46597,1,[32/k3],0.314564,0.402448,false,weights,44
20,18,0.417752,6428165,2,[768/k3→768/k3],0.291960,0.402448,false,add_layer,0
20,19,0.418774,46597,1,[32/k3],0.310795,0.402448,false,weights,9
20,20,0.418195,46597,1,[32/k3],0.312233,0.402448,false,weights,9
20,21,0.417491,46597,1,[32/k3],0.312362,0.402448,false,weights,2
20,22,0.419225,46597,1,[32/k3],0.310854,0.402448,false,weights,25
20,23,0.419932,46597,1,[32/k3],0.310086,0.402448,false,remove_layer,50
20,24,0.420009,46597,1,[32/k3],0.309869,0.402448,false,weights,46
20,25,0.416215,46597,1,[32/k3],0.313936,0.402448,false,weights,46
20,26,0.417480,46597,1,[32/k3],0.312230,0.402448,false,weights,53
20,27,0.416682,46597,1,[32/k3],0.312090,0.402448,false,weights,53
20,28,0.417361,46597,1,[32/k3],0.312634,0.402448,false,weights,3
20,29,0.442353,55877,2,[32/k3→32/k3],0.289708,0.402448,false,add_layer,40
20,30,0.416856,46597,1,[32/k3],0.312842,0.402448,false,weights,45
20,31,0.417916,1118213,1,[768/k3],0.289109,0.402448,false,weights,0
20,32,0.415471,46597,1,[32/k3],0.313982,0.402448,false,weights,53
20,33,0.419783,1118213,1,[768/k3],0.286069,0.402448,false,weights,0
20,34,0.419056,46597,1,[32/k3],0.309862,0.402448,false,weights,34
20,35,0.419933,1490949,1,[1024/k3],0.308381,0.402448,false,resize_layer,34
20,36,0.415138,46597,1,[32/k3],0.315486,0.402448,false,weights,57
20,37,0.418857,46597,1,[32/k3],0.312734,0.402448,false,weights,44
20,38,0.418653,46597,1,[32/k3],0.310910,0.402448,false,weights,18
20,39,0.421413,46597,1,[32/k3],0.308490,0.402448,false,remove_layer,53
20,40,0.421491,1118213,1,[768/k3],0.283241,0.402448,false,weights,0
20,41,0.419134,46597,1,[32/k3],0.311470,0.402448,false,weights,46
20,42,0.431158,72840,2,[161/k1→32/k3],0.323168,0.402448,false,add_layer,46
20,43,0.431882,72840,2,[161/k1→32/k3],0.319654,0.402448,false,add_layer,40
20,44,0.417478,46597,1,[32/k3],0.312039,0.402448,false,weights,34
20,45,0.416900,46597,1,[32/k3],0.312066,0.402448,false,weights,21
20,46,0.418058,46597,1,[32/k3],0.311291,0.402448,false,weights,28
20,47,0.418231,46597,1,[32/k3],0.310794,0.402448,false,weights,45
20,48,0.416915,1490949,1,[1024/k3],0.312166,0.402448,false,resize_layer,45
20,49,0.420095,46597,1,[32/k3],0.309925,0.402448,false,weights,25
20,50,0.417473,46597,1,[32/k3],0.312134,0.402448,false,weights,53
20,51,0.418818,46597,1,[32/k3],0.310230,0.402448,false,weights,46
20,52,0.428907,280208,2,[161/k3→32/k3],0.289484,0.402448,false,add_layer,34
20,53,0.416335,46597,1,[32/k3],0.313537,0.402448,false,weights,18
20,54,0.422237,93189,1,[64/k3],0.306692,0.402448,false,resize_layer,21
20,55,0.431329,72840,2,[161/k1→32/k3],0.326438,0.402448,false,add_layer,2
20,56,0.419000,46597,1,[32/k3],0.310549,0.402448,false,weights,34
20,57,0.421523,46597,1,[32/k3],0.307381,0.402448,false,remove_layer,2
20,58,0.426445,280208,2,[161/k3→32/k3],0.298737,0.402448,false,add_layer,40
20,59,0.443459,47685,2,[32/k3→32/k1],0.306019,0.402448,false,add_layer,2
20,60,0.442892,55877,2,[32/k3→32/k3],0.289034,0.402448,false,add_layer,34
20,61,0.416034,46597,1,[32/k3],0.313906,0.402448,false,weights,45
20,62,0.443427,47685,2,[32/k3→32/k1],0.306291,0.402448,false,add_layer,21
20,63,0.416431,46597,1,[32/k3],0.314536,0.402448,false,weights,18
21,0,0.421688,46597,1,[32/k3],0.307480,0.402448,true,champion,36
21,1,0.422397,46597,1,[32/k3],0.307821,0.402448,false,weights,17
21,2,0.421261,1724560,2,[161/k3→1024/k3],0.316472,0.402448,false,add_layer,48
21,3,0.421478,46597,1,[32/k3],0.306889,0.402448,false,weights,7
21,4,0.418030,1490949,1,[1024/k3],0.304499,0.402448,false,weights,48
21,5,0.443678,55877,2,[32/k3→32/k3],0.289021,0.402448,false,add_layer,53
21,6,0.420709,46597,1,[32/k3],0.307923,0.402448,false,weights,30
21,7,0.422041,46597,1,[32/k3],0.307250,0.402448,false,weights,61
21,8,0.421794,46597,1,[32/k3],0.307774,0.402448,false,remove_layer,63
21,9,0.421398,46597,1,[32/k3],0.306798,0.402448,false,weights,15
21,10,0.419404,46597,1,[32/k3],0.309574,0.402448,false,weights,32
21,11,0.421269,46597,1,[32/k3],0.307346,0.402448,false,weights,50
21,12,0.422536,46597,1,[32/k3],0.308008,0.402448,false,weights,17
21,13,0.418600,46597,1,[32/k3],0.310406,0.402448,false,weights,61
21,14,0.424005,745477,1,[512/k3],0.303457,0.402448,false,resize_layer,50
21,15,0.421669,46597,1,[32/k3],0.307892,0.402448,false,weights,32
21,16,0.425976,46597,1,[32/k3],0.303726,0.402448,false,remove_layer,28
21,17,0.420596,46597,1,[32/k3],0.308255,0.402448,false,remove_layer,32
21,18,0.421953,46597,1,[32/k3],0.308350,0.402448,false,weights,17
21,19,0.419362,46597,1,[32/k3],0.308375,0.402448,false,weights,27
21,20,0.420876,46597,1,[32/k3],0.307904,0.402448,false,weights,25
21,21,0.414895,1490949,1,[1024/k3],0.307392,0.402448,false,weights,48
21,22,0.421124,46597,1,[32/k3],0.308469,0.402448,false,weights,7
21,23,0.445285,55877,2,[32/k3→32/k3],0.288012,0.402448,false,add_layer,28
21,24,0.425852,186373,1,[128/k3],0.303003,0.402448,false,resize_layer,28
21,25,0.415423,1490949,1,[1024/k3],0.306028,0.402448,false,weights,48
21,26,0.422812,1118213,1,[768/k3],0.305148,0.402448,false,resize_layer,10
21,27,0.422631,46597,1,[32/k3],0.305929,0.402448,false,remove_layer,30
21,28,0.425978,46597,1,[32/k3],0.303724,0.402448,false,remove_layer,28
21,29,0.425977,46597,1,[32/k3],0.303724,0.402448,false,remove_layer,28
21,30,0.426799,280208,2,[161/k3→32/k3],0.303597,0.402448,false,add_layer,30
21,31,0.420987,46597,1,[32/k3],0.308493,0.402448,false,weights,17
21,32,0.417995,1490949,1,[1024/k3],0.306102,0.402448,false,weights,48
21,33,0.420824,46597,1,[32/k3],0.307107,0.402448,false,weights,27
21,34,0.421527,46597,1,[32/k3],0.306728,0.402448,false,weights,27
21,35,0.422210,46597,1,[32/k3],0.304988,0.402448,false,remove_layer,15
21,36,0.421688,46597,1,[32/k3],0.307480,0.402448,false,remove_layer,36
21,37,0.422036,93189,1,[64/k3],0.307902,0.402448,false,resize_layer,17
21,38,0.420245,46597,1,[32/k3],0.308704,0.402448,false,weights,32
21,39,0.419740,46597,1,[32/k3],0.310502,0.402448,false,weights,17
21,40,0.422211,46597,1,[32/k3],0.306497,0.402448,false,weights,7
21,41,0.416086,1490949,1,[1024/k3],0.305625,0.402448,false,weights,48
21,42,0.445373,47685,2,[32/k3→32/k1],0.304881,0.402448,false,add_layer,61
21,43,0.423407,46597,1,[32/k3],0.305059,0.402448,false,remove_layer,50
21,44,0.421083,46597,1,[32/k3],0.308025,0.402448,false,weights,25
21,45,0.415516,1490949,1,[1024/k3],0.308596,0.402448,false,weights,48
21,46,0.420795,46597,1,[32/k3],0.308153,0.402448,false,weights,30
21,47,0.425518,186373,1,[128/k3],0.302956,0.402448,false,resize_layer,28
21,48,0.445141,47685,2,[32/k3→32/k1],0.305547,0.402448,false,add_layer,36
21,49,0.421607,46597,1,[32/k3],0.306613,0.402448,false,weights,27
21,50,0.420391,46597,1,[32/k3],0.308264,0.402448,false,weights,53
21,51,0.418501,46597,1,[32/k3],0.309804,0.402448,false,weights,53
21,52,0.420183,93189,1,[64/k3],0.307011,0.402448,false,resize_layer,48
21,53,0.425184,46597,1,[32/k3],0.304855,0.402448,false,weights,28
21,54,0.422649,46597,1,[32/k3],0.306037,0.402448,false,weights,53
21,55,0.418378,46597,1,[32/k3],0.309792,0.402448,false,weights,32
21,56,0.417060,1490949,1,[1024/k3],0.305765,0.402448,false,weights,48
21,57,0.422265,46597,1,[32/k3],0.306384,0.402448,false,remove_layer,53
21,58,0.424511,46597,1,[32/k3],0.305250,0.402448,false,weights,50
21,59,0.421929,46597,1,[32/k3],0.306868,0.402448,false,weights,15
21,60,0.418631,46597,1,[32/k3],0.309012,0.402448,false,weights,7
21,61,0.423497,46597,1,[32/k3],0.306581,0.402448,false,weights,28
21,62,0.420244,46597,1,[32/k3],0.308928,0.402448,false,weights,61
21,63,0.421966,46597,1,[32/k3],0.306292,0.402448,false,weights,45
22,0,0.424334,1490949,1,[1024/k3],0.291200,0.402448,true,champion,21
22,1,0.424334,1490949,1,[1024/k3],0.291199,0.402448,false,remove_layer,21
22,2,0.420302,745477,1,[512/k3],0.299563,0.402448,false,resize_layer,32
22,3,0.418538,1490949,1,[1024/k3],0.298821,0.402448,false,weights,56
22,4,0.425457,46597,1,[32/k3],0.303172,0.402448,false,weights,55
22,5,0.421016,1490949,1,[1024/k3],0.297346,0.402448,false,weights,45
22,6,0.425120,1490949,1,[1024/k3],0.290236,0.402448,false,remove_layer,56
22,7,0.422052,46597,1,[32/k3],0.306548,0.402448,false,weights,13
22,8,0.421381,1490949,1,[1024/k3],0.294997,0.402448,false,weights,41
22,9,0.423978,46597,1,[32/k3],0.304305,0.402448,false,weights,60
22,10,0.420233,1490949,1,[1024/k3],0.296016,0.402448,false,weights,4
22,11,0.441639,72840,2,[161/k1→32/k3],0.318097,0.402448,false,add_layer,62
22,12,0.424134,46597,1,[32/k3],0.304813,0.402448,false,weights,10
22,13,0.420147,1490949,1,[1024/k3],0.295513,0.402448,false,weights,25
22,14,0.422118,1490949,1,[1024/k3],0.292135,0.402448,false,remove_layer,4
22,15,0.422779,46597,1,[32/k3],0.305118,0.402448,false,weights,51
22,16,0.421167,1490949,1,[1024/k3],0.296354,0.402448,false,weights,21
22,17,0.423287,46597,1,[32/k3],0.303630,0.402448,false,remove_layer,19
22,18,0.418846,1490949,1,[1024/k3],0.299225,0.402448,false,weights,21
22,19,0.424290,46597,1,[32/k3],0.304454,0.402448,false,weights,10
22,20,0.420836,745477,1,[512/k3],0.298593,0.402448,false,resize_layer,41
22,21,0.419390,1490949,1,[1024/k3],0.299681,0.402448,false,weights,45
22,22,0.425785,93189,1,[64/k3],0.299325,0.402448,false,weights,52
22,23,0.420328,1490949,1,[1024/k3],0.295808,0.402448,false,weights,25
22,24,0.425627,46597,1,[32/k3],0.302946,0.402448,false,weights,60
22,25,0.418956,1490949,1,[1024/k3],0.299191,0.402448,false,weights,21
22,26,0.421154,46597,1,[32/k3],0.306994,0.402448,false,weights,13
22,27,0.424507,46597,1,[32/k3],0.303174,0.402448,false,remove_layer,51
22,28,0.424507,46597,1,[32/k3],0.303174,0.402448,false,remove_layer,51
22,29,0.421666,93189,1,[64/k3],0.302832,0.402448,false,resize_layer,21
22,30,0.419773,1490949,1,[1024/k3],0.298664,0.402448,false,weights,56
22,31,0.421679,1490949,1,[1024/k3],0.295813,0.402448,false,weights,56
22,32,0.421903,46597,1,[32/k3],0.306236,0.402448,false,weights,55
22,33,0.425683,745477,1,[512/k3],0.303370,0.402448,false,resize_layer,39
22,34,0.420992,1490949,1,[1024/k3],0.296006,0.402448,false,weights,56
22,35,0.422118,1490949,1,[1024/k3],0.292135,0.402448,false,remove_layer,4
22,36,0.432486,280208,2,[161/k3→32/k3],0.288052,0.402448,false,add_layer,13
22,37,0.422173,1724560,2,[161/k3→1024/k3],0.308202,0.402448,false,add_layer,56
22,38,0.420123,1490949,1,[1024/k3],0.298730,0.402448,false,weights,45
22,39,0.418868,1490949,1,[1024/k3],0.300102,0.402448,false,weights,41
22,40,0.411571,10930181,2,[1024/k3→1024/k3],0.310050,0.402448,false,add_layer,56
22,41,0.427946,46597,1,[32/k3],0.303025,0.402448,false,weights,39
22,42,0.424456,46597,1,[32/k3],0.303896,0.402448,false,weights,51
22,43,0.419063,1490949,1,[1024/k3],0.299644,0.402448,false,weights,56
22,44,0.437147,72840,2,[161/k1→32/k3],0.318343,0.402448,false,add_layer,51
22,45,0.448553,47685,2,[32/k3→32/k1],0.302568,0.402448,false,add_layer,55
22,46,0.425652,46597,1,[32/k3],0.303374,0.402448,false,weights,62
22,47,0.448884,47685,2,[32/k3→32/k1],0.303057,0.402448,false,add_layer,62
22,48,0.423940,46597,1,[32/k3],0.303502,0.402448,false,weights,10
22,49,0.418610,1490949,1,[1024/k3],0.298695,0.402448,false,weights,4
22,50,0.421667,93189,1,[64/k3],0.302832,0.402448,false,resize_layer,21
22,51,0.422118,1490949,1,[1024/k3],0.292135,0.402448,false,remove_layer,4
22,52,0.421177,1490949,1,[1024/k3],0.297675,0.402448,false,weights,45
22,53,0.426456,93189,1,[64/k3],0.295965,0.402448,false,remove_layer,52
22,54,0.448566,47685,2,[32/k3→32/k1],0.303575,0.402448,false,add_layer,62
22,55,0.424616,46597,1,[32/k3],0.304841,0.402448,false,weights,39
22,56,0.448994,47685,2,[32/k3→32/k1],0.302557,0.402448,false,add_layer,10
22,57,0.416614,1490949,1,[1024/k3],0.301031,0.402448,false,weights,41
22,58,0.424290,1490949,1,[1024/k3],0.290835,0.402448,false,remove_layer,25
22,59,0.421763,46597,1,[32/k3],0.306047,0.402448,false,weights,55
22,60,0.418868,1490949,1,[1024/k3],0.297877,0.402448,false,weights,25
22,61,0.418398,1490949,1,[1024/k3],0.299057,0.402448,false,weights,25
22,62,0.424400,46597,1,[32/k3],0.304200,0.402448,false,remove_layer,13
22,63,0.424827,46597,1,[32/k3],0.303815,0.402448,false,weights,13
23,0,0.422023,10930181,2,[1024/k3→1024/k3],0.254976,0.402448,true,champion,40
23,1,0.420175,1724560,2,[161/k3→1024/k3],0.303353,0.402448,false,add_layer,57
23,2,0.421865,1490949,1,[1024/k3],0.289819,0.402448,false,weights,10
23,3,0.427600,1490949,1,[1024/k3],0.282081,0.402448,false,remove_layer,18
23,4,0.417450,1490949,1,[1024/k3],0.293188,0.402448,false,weights,49
23,5,0.413356,10930181,2,[1024/k3→1024/k3],0.272767,0.402448,false,weights,40
23,6,0.425198,186373,1,[128/k3],0.295262,0.402448,false,resize_layer,39
23,7,0.438843,1517192,2,[161/k1→1024/k3],0.318185,0.402448,false,add_layer,21
23,8,0.421088,1490949,1,[1024/k3],0.292088,0.402448,false,weights,61
23,9,0.421351,1490949,1,[1024/k3],0.290920,0.402448,false,weights,30
23,10,0.420319,1490949,1,[1024/k3],0.291775,0.402448,false,weights,18
23,11,0.422225,93189,1,[64/k3],0.301040,0.402448,false,resize_layer,18
23,12,0.420352,1490949,1,[1024/k3],0.292032,0.402448,false,weights,49
23,13,0.422264,1490949,1,[1024/k3],0.288346,0.402448,false,weights,13
23,14,0.422102,1490949,1,[1024/k3],0.288700,0.402448,false,weights,10
23,15,0.423731,745477,1,[512/k3],0.288997,0.402448,false,resize_layer,49
23,16,0.423433,1490949,1,[1024/k3],0.288697,0.402448,false,weights,25
23,17,0.432362,745477,1,[512/k3],0.278302,0.402448,false,weights,2
23,18,0.427266,745477,1,[512/k3],0.286955,0.402448,false,weights,2
23,19,0.425330,745477,1,[512/k3],0.288866,0.402448,false,weights,2
23,20,0.412846,10930181,2,[1024/k3→1024/k3],0.270482,0.402448,false,weights,40
23,21,0.425459,1490949,1,[1024/k3],0.286857,0.402448,false,weights,39
23,22,0.419988,1490949,1,[1024/k3],0.293702,0.402448,false,weights,30
23,23,0.424474,1490949,1,[1024/k3],0.287606,0.402448,false,weights,43
23,24,0.422019,1490949,1,[1024/k3],0.290473,0.402448,false,weights,3
23,25,0.422482,1724560,2,[161/k3→1024/k3],0.302539,0.402448,false,add_layer,43
23,26,0.425636,186373,1,[128/k3],0.292234,0.402448,false,resize_layer,30
23,27,0.422604,1490949,1,[1024/k3],0.291321,0.402448,false,weights,21
23,28,0.427611,1490949,1,[1024/k3],0.282522,0.402448,false,remove_layer,61
23,29,0.420451,1490949,1,[1024/k3],0.292431,0.402448,false,weights,61
23,30,0.425117,1490949,1,[1024/k3],0.288085,0.402448,false,weights,25
23,31,0.438710,1517192,2,[161/k1→1024/k3],0.312769,0.402448,false,add_layer,39
23,32,0.422615,1490949,1,[1024/k3],0.288283,0.402448,false,weights,61
23,33,0.423116,1490949,1,[1024/k3],0.288772,0.402448,false,weights,43
23,34,0.423669,1490949,1,[1024/k3],0.289212,0.402448,false,weights,25
23,35,0.422720,745477,1,[512/k3],0.290071,0.402448,false,resize_layer,30
23,36,0.426405,745477,1,[512/k3],0.286052,0.402448,false,weights,2
23,37,0.444727,1517192,2,[161/k1→1024/k3],0.314774,0.402448,false,add_layer,60
23,38,0.423128,1490949,1,[1024/k3],0.289155,0.402448,false,weights,3
23,39,0.429592,1724560,2,[161/k3→1024/k3],0.295545,0.402448,false,add_layer,3
23,40,0.424140,1490949,1,[1024/k3],0.286221,0.402448,false,weights,13
23,41,0.424511,1490949,1,[1024/k3],0.289340,0.402448,false,weights,39
23,42,0.421364,1490949,1,[1024/k3],0.291805,0.402448,false,weights,43
23,43,0.420437,1490949,1,[1024/k3],0.292828,0.402448,false,weights,43
23,44,0.415908,10930181,2,[1024/k3→1024/k3],0.273583,0.402448,false,weights,40
23,45,0.441081,1517192,2,[161/k1→1024/k3],0.323528,0.402448,false,add_layer,38
23,46,0.420581,1490949,1,[1024/k3],0.292033,0.402448,false,weights,39
23,47,0.429257,1490949,1,[1024/k3],0.280508,0.402448,false,resize_layer,2
23,48,0.421039,1490949,1,[1024/k3],0.290918,0.402448,false,weights,49
23,49,0.422760,1490949,1,[1024/k3],0.292509,0.402448,false,weights,21
23,50,0.427255,1490949,1,[1024/k3],0.282971,0.402448,false,remove_layer,57
23,51,0.420007,1490949,1,[1024/k3],0.293978,0.402448,false,weights,43
23,52,0.408298,10930181,2,[1024/k3→1024/k3],0.276074,0.402448,false,weights,40
23,53,0.423637,1490949,1,[1024/k3],0.288501,0.402448,false,weights,30
23,54,0.413235,10930181,2,[1024/k3→1024/k3],0.275943,0.402448,false,weights,40
23,55,0.420857,1490949,1,[1024/k3],0.291569,0.402448,false,weights,18
23,56,0.426550,1490949,1,[1024/k3],0.282254,0.402448,false,remove_layer,3
23,57,0.434970,2541573,2,[1024/k3→1024/k1],0.286691,0.402448,false,add_layer,43
23,58,0.424905,1490949,1,[1024/k3],0.286192,0.402448,false,weights,25
23,59,0.426971,1490949,1,[1024/k3],0.284956,0.402448,false,weights,60
23,60,0.423076,1490949,1,[1024/k3],0.289316,0.402448,false,weights,43
23,61,0.424271,1490949,1,[1024/k3],0.286245,0.402448,false,weights,3
23,62,0.422745,745477,1,[512/k3],0.291801,0.402448,false,resize_layer,39
23,63,0.442883,1490949,1,[1024/k3],0.428389,0.402448,false,remove_layer,40
24,0,0.434424,10930181,2,[1024/k3→1024/k3],0.223669,0.402448,true,champion,52
24,1,0.425073,1490949,1,[1024/k3],0.283793,0.402448,false,weights,22
24,2,0.432740,1490949,1,[1024/k3],0.270472,0.402448,false,remove_layer,10
24,3,0.461893,1490949,1,[1024/k3],0.451544,0.402448,false,remove_layer,44
24,4,0.437722,10930181,2,[1024/k3→1024/k3],0.226952,0.402448,false,weights,44
24,5,0.441245,1517192,2,[161/k1→1024/k3],0.308877,0.402448,false,add_layer,29
24,6,0.424945,186373,1,[128/k3],0.292540,0.402448,false,resize_layer,10
24,7,0.426062,745477,1,[512/k3],0.282630,0.402448,false,resize_layer,55
24,8,0.427927,1490949,1,[1024/k3],0.280864,0.402448,false,weights,10
24,9,0.426162,1490949,1,[1024/k3],0.283316,0.402448,false,weights,22
24,10,0.430859,1724560,2,[161/k3→1024/k3],0.253254,0.402448,false,weights,1
24,11,0.434031,10930181,2,[1024/k3→1024/k3],0.227629,0.402448,false,weights,5
24,12,0.412764,10930181,2,[1024/k3→1024/k3],0.257311,0.402448,false,weights,5
24,13,0.425505,10930181,2,[1024/k3→1024/k3],0.241039,0.402448,false,weights,5
24,14,0.426175,1490949,1,[1024/k3],0.282014,0.402448,false,weights,12
24,15,0.421732,1490949,1,[1024/k3],0.287254,0.402448,false,weights,10
24,16,0.404772,10930181,2,[1024/k3→1024/k3],0.326113,0.402448,false,add_layer,10
24,17,0.425475,10930181,2,[1024/k3→1024/k3],0.242479,0.402448,false,weights,20
24,18,0.443439,10930181,2,[1024/k3→1024/k3],0.217938,0.402448,false,weights,20
24,19,0.427042,1490949,1,[1024/k3],0.281600,0.402448,false,weights,46
24,20,0.417516,10930181,2,[1024/k3→1024/k3],0.300905,0.402448,false,add_layer,55
24,21,0.426709,1724560,2,[161/k3→1024/k3],0.300637,0.402448,false,add_layer,22
24,22,0.441255,10930181,2,[1024/k3→1024/k3],0.223257,0.402448,false,weights,44
24,23,0.424221,1490949,1,[1024/k3],0.284287,0.402448,false,weights,55
24,24,0.425649,1490949,1,[1024/k3],0.281951,0.402448,false,weights,55
24,25,0.424038,1490949,1,[1024/k3],0.290254,0.402448,false,remove_layer,44
24,26,0.421525,1490949,1,[1024/k3],0.287223,0.402448,false,weights,43
24,27,0.427533,1490949,1,[1024/k3],0.278601,0.402448,false,remove_layer,12
24,28,0.427483,1490949,1,[1024/k3],0.278818,0.402448,false,weights,12
24,29,0.423707,1490949,1,[1024/k3],0.283659,0.402448,false,weights,48
24,30,0.423918,1490949,1,[1024/k3],0.282441,0.402448,false,weights,4
24,31,0.439883,10930181,2,[1024/k3→1024/k3],0.223435,0.402448,false,weights,44
24,32,0.438010,10930181,2,[1024/k3→1024/k3],0.226675,0.402448,false,weights,5
24,33,0.427738,1490949,1,[1024/k3],0.279716,0.402448,false,weights,10
24,34,0.422646,1490949,1,[1024/k3],0.285392,0.402448,false,weights,46
24,35,0.423175,46597,1,[32/k3],0.304011,0.402448,false,resize_layer,4
24,36,0.425308,1490949,1,[1024/k3],0.283130,0.402448,false,weights,12
24,37,0.434918,1490949,1,[1024/k3],0.269779,0.402448,false,remove_layer,46
24,38,0.425734,1490949,1,[1024/k3],0.283861,0.402448,false,weights,46
24,39,0.421531,1490949,1,[1024/k3],0.286755,0.402448,false,weights,51
24,40,0.425991,1490949,1,[1024/k3],0.282285,0.402448,false,weights,48
24,41,0.425334,1490949,1,[1024/k3],0.280994,0.402448,false,weights,12
24,42,0.422251,1490949,1,[1024/k3],0.284453,0.402448,false,weights,4
24,43,0.423650,20369413,3,[1024/k3→1024/k3→1024/k3],0.262959,0.402448,false,add_layer,5
24,44,0.425622,1490949,1,[1024/k3],0.281505,0.402448,false,weights,12
24,45,0.431259,10930181,2,[1024/k3→1024/k3],0.233952,0.402448,false,weights,54
24,46,0.460028,1490949,1,[1024/k3],0.453044,0.402448,false,remove_layer,52
24,47,0.426171,1490949,1,[1024/k3],0.281471,0.402448,false,weights,55
24,48,0.423480,1490949,1,[1024/k3],0.284465,0.402448,false,weights,55
24,49,0.422770,1490949,1,[1024/k3],0.284883,0.402448,false,weights,12
24,50,0.424298,1118213,1,[768/k3],0.283383,0.402448,false,resize_layer,10
24,51,0.425112,745477,1,[512/k3],0.285170,0.402448,false,resize_layer,43
24,52,0.432111,1490949,1,[1024/k3],0.273171,0.402448,false,remove_layer,29
24,53,0.422987,1490949,1,[1024/k3],0.284395,0.402448,false,weights,10
24,54,0.415624,10930181,2,[1024/k3→1024/k3],0.260131,0.402448,false,weights,20
24,55,0.422690,1490949,1,[1024/k3],0.284738,0.402448,false,weights,43
24,56,0.428432,10930181,2,[1024/k3→1024/k3],0.235371,0.402448,false,weights,52
24,57,0.408434,10930181,2,[1024/k3→1024/k3],0.324064,0.402448,false,add_layer,29
24,58,0.429226,1490949,1,[1024/k3],0.278135,0.402448,false,weights,29
24,59,0.422657,1490949,1,[1024/k3],0.285597,0.402448,false,weights,4
24,60,0.432111,1490949,1,[1024/k3],0.273171,0.402448,false,remove_layer,29
24,61,0.428986,1490949,1,[1024/k3],0.276090,0.402448,false,remove_layer,43
24,62,0.415914,10930181,2,[1024/k3→1024/k3],0.263594,0.402448,false,weights,44
24,63,0.425276,10930181,2,[1024/k3→1024/k3],0.239766,0.402448,false,weights,44
25,0,0.428042,10930181,2,[1024/k3→1024/k3],0.251256,0.402448,true,champion,16
25,1,0.425835,10930181,2,[1024/k3→1024/k3],0.255675,0.402448,false,weights,16
25,2,0.426284,46597,1,[32/k3],0.301499,0.402448,false,resize_layer,49
25,3,0.430433,20369413,3,[1024/k3→1024/k3→1024/k3],0.228133,0.402448,false,add_layer,62
25,4,0.414020,10930181,2,[1024/k3→1024/k3],0.309388,0.402448,false,add_layer,49
25,5,0.427529,1490949,1,[1024/k3],0.276058,0.402448,false,weights,53
25,6,0.438051,2541573,2,[1024/k3→1024/k1],0.271346,0.402448,false,add_layer,49
25,7,0.429825,1490949,1,[1024/k3],0.275006,0.402448,false,weights,15
25,8,0.432435,1490949,1,[1024/k3],0.270711,0.402448,false,weights,59
25,9,0.430569,280208,2,[161/k3→32/k3],0.290067,0.402448,false,add_layer,35
25,10,0.429301,10930181,2,[1024/k3→1024/k3],0.224095,0.402448,false,weights,12
25,11,0.428216,1490949,1,[1024/k3],0.276736,0.402448,false,weights,15
25,12,0.433879,10930181,2,[1024/k3→1024/k3],0.215944,0.402448,false,weights,12
25,13,0.436097,20369413,3,[1024/k3→1024/k3→1024/k3],0.237569,0.402448,false,add_layer,12
25,14,0.435597,2737925,2,[256/k3→1024/k3],0.258347,0.402448,false,resize_layer,57
25,15,0.429371,1490949,1,[1024/k3],0.274659,0.402448,false,weights,53
25,16,0.426617,1490949,1,[1024/k3],0.278450,0.402448,false,weights,34
25,17,0.431996,1490949,1,[1024/k3],0.267700,0.402448,false,weights,42
25,18,0.440494,2541573,2,[1024/k3→1024/k1],0.268407,0.402448,false,add_layer,42
25,19,0.424882,46597,1,[32/k3],0.301997,0.402448,false,weights,35
25,20,0.438707,1490949,1,[1024/k3],0.258636,0.402448,false,remove_layer,42
25,21,0.437646,10930181,2,[1024/k3→1024/k3],0.241483,0.402448,false,weights,16
25,22,0.428778,1490949,1,[1024/k3],0.282656,0.402448,false,remove_layer,12
25,23,0.425115,1490949,1,[1024/k3],0.278949,0.402448,false,weights,15
25,24,0.430093,1490949,1,[1024/k3],0.272659,0.402448,false,weights,15
25,25,0.424376,8199429,2,[768/k3→1024/k3],0.259104,0.402448,false,resize_layer,20
25,26,0.429085,1490949,1,[1024/k3],0.273227,0.402448,false,weights,53
25,27,0.424367,1490949,1,[1024/k3],0.280052,0.402448,false,weights,39
25,28,0.425014,10930181,2,[1024/k3→1024/k3],0.251519,0.402448,false,weights,57
25,29,0.431922,10930181,2,[1024/k3→1024/k3],0.220324,0.402448,false,weights,62
25,30,0.429705,46597,1,[32/k3],0.297670,0.402448,false,remove_layer,35
25,31,0.432258,1490949,1,[1024/k3],0.266842,0.402448,false,remove_layer,49
25,32,0.444706,1517192,2,[161/k1→1024/k3],0.305089,0.402448,false,add_layer,39
25,33,0.430830,1490949,1,[1024/k3],0.273079,0.402448,false,weights,59
25,34,0.442777,10930181,2,[1024/k3→1024/k3],0.212304,0.402448,false,weights,54
25,35,0.425454,46597,1,[32/k3],0.301533,0.402448,false,weights,35
25,36,0.427162,1490949,1,[1024/k3],0.276325,0.402448,false,weights,39
25,37,0.425472,46597,1,[32/k3],0.300975,0.402448,false,weights,35
25,38,0.428627,1490949,1,[1024/k3],0.275287,0.402448,false,weights,49
25,39,0.426326,1490949,1,[1024/k3],0.278482,0.402448,false,weights,53
25,40,0.433064,10930181,2,[1024/k3→1024/k3],0.239899,0.402448,false,weights,57
25,41,0.428503,745477,1,[512/k3],0.278048,0.402448,false,resize_layer,59
25,42,0.430872,1490949,1,[1024/k3],0.274815,0.402448,false,weights,15
25,43,0.446720,10930181,2,[1024/k3→1024/k3],0.208891,0.402448,false,weights,54
25,44,0.431368,1490949,1,[1024/k3],0.270370,0.402448,false,remove_layer,53
25,45,0.434772,1724560,2,[161/k3→1024/k3],0.295913,0.402448,false,add_layer,39
25,46,0.432915,10930181,2,[1024/k3→1024/k3],0.246600,0.402448,false,weights,20
25,47,0.441427,1490949,1,[1024/k3],0.428072,0.402448,false,remove_layer,16
25,48,0.428434,1490949,1,[1024/k3],0.273047,0.402448,false,weights,49
25,49,0.429835,1490949,1,[1024/k3],0.273401,0.402448,false,weights,53
25,50,0.431818,1490949,1,[1024/k3],0.270308,0.402448,false,weights,15
25,51,0.441752,10930181,2,[1024/k3→1024/k3],0.211778,0.402448,false,weights,12
25,52,0.427763,1118213,1,[768/k3],0.278874,0.402448,false,resize_layer,26
25,53,0.431617,10930181,2,[1024/k3→1024/k3],0.225645,0.402448,false,weights,54
25,54,0.446245,1517192,2,[161/k1→1024/k3],0.301576,0.402448,false,add_layer,55
25,55,0.419337,10930181,2,[1024/k3→1024/k3],0.272853,0.402448,false,weights,20
25,56,0.430807,20369413,3,[1024/k3→1024/k3→1024/k3],0.235881,0.402448,false,add_layer,12
25,57,0.431278,1490949,1,[1024/k3],0.274010,0.402448,false,weights,34
25,58,0.436077,1490949,1,[1024/k3],0.267615,0.402448,false,remove_layer,15
25,59,0.426387,1490949,1,[1024/k3],0.278379,0.402448,false,weights,55
25,60,0.425179,93189,1,[64/k3],0.296237,0.402448,false,resize_layer,15
25,61,0.432939,1490949,1,[1024/k3],0.271850,0.402448,false,weights,53
25,62,0.436544,1724560,2,[161/k3→1024/k3],0.287037,0.402448,false,add_layer,26
25,63,0.433395,10930181,2,[1024/k3→1024/k3],0.222580,0.402448,false,weights,54
26,0,0.444994,10930181,2,[1024/k3→1024/k3],0.228310,0.402448,true,champion,4
26,1,0.429371,1724560,2,[161/k3→1024/k3],0.280713,0.402448,false,add_layer,23
26,2,0.431107,46597,1,[32/k3],0.296500,0.402448,false,weights,35
26,3,0.433690,46597,1,[32/k3],0.295040,0.402448,false,remove_layer,35
26,4,0.440768,8199429,2,[768/k3→1024/k3],0.239870,0.402448,false,resize_layer,4
26,5,0.435229,2666373,2,[1024/k3→128/k3],0.248185,0.402448,false,resize_layer,4
26,6,0.455385,47685,2,[32/k3→32/k1],0.298724,0.402448,false,add_layer,19
26,7,0.431751,1490949,1,[1024/k3],0.269930,0.402448,false,weights,36
26,8,0.432371,1490949,1,[1024/k3],0.267295,0.402448,false,weights,27
26,9,0.431479,1490949,1,[1024/k3],0.267254,0.402448,false,weights,36
26,10,0.429947,46597,1,[32/k3],0.297907,0.402448,false,weights,2
26,11,0.439141,11980805,3,[1024/k3→1024/k3→1024/k1],0.242836,0.402448,false,add_layer,55
26,12,0.430729,46597,1,[32/k3],0.297644,0.402448,false,weights,2
26,13,0.437869,1490949,1,[1024/k3],0.260932,0.402448,false,remove_layer,27
26,14,0.442957,72840,2,[161/k1→32/k3],0.310807,0.402448,false,add_layer,37
26,15,0.416842,10930181,2,[1024/k3→1024/k3],0.305058,0.402448,false,add_layer,39
26,16,0.447805,13509381,3,[768/k3→768/k3→1024/k3],0.224081,0.402448,false,add_layer,25
26,17,0.432298,1118213,1,[768/k3],0.270147,0.402448,false,resize_layer,27
26,18,0.434033,1490949,1,[1024/k3],0.265613,0.402448,false,weights,23
26,19,0.431356,93189,1,[64/k3],0.286674,0.402448,false,weights,60
26,20,0.433096,46597,1,[32/k3],0.295903,0.402448,false,weights,37
26,21,0.427446,46597,1,[32/k3],0.300694,0.402448,false,resize_layer,16
26,22,0.434575,10930181,2,[1024/k3→1024/k3],0.232821,0.402448,false,weights,1
26,23,0.439811,10930181,2,[1024/k3→1024/k3],0.224229,0.402448,false,weights,55
26,24,0.432432,1118213,1,[768/k3],0.269539,0.402448,false,resize_layer,16
26,25,0.431855,1490949,1,[1024/k3],0.286064,0.402448,false,resize_layer,60
26,26,0.428587,46597,1,[32/k3],0.298290,0.402448,false,weights,19
26,27,0.443357,10930181,2,[1024/k3→1024/k3],0.224049,0.402448,false,weights,55
26,28,0.434604,10930181,2,[1024/k3→1024/k3],0.241176,0.402448,false,weights,4
26,29,0.429955,46597,1,[32/k3],0.296500,0.402448,false,remove_layer,37
26,30,0.454979,8199429,2,[768/k3→1024/k3],0.213162,0.402448,false,weights,25
26,31,0.437868,1490949,1,[1024/k3],0.260932,0.402448,false,remove_layer,27
26,32,0.434595,8199429,2,[768/k3→1024/k3],0.234876,0.402448,false,weights,25
26,33,0.432354,93189,1,[64/k3],0.286080,0.402448,false,weights,60
26,34,0.427739,1490949,1,[1024/k3],0.280804,0.402448,false,remove_layer,1
26,35,0.445287,10930181,2,[1024/k3→1024/k3],0.217488,0.402448,false,weights,1
26,36,0.431106,46597,1,[32/k3],0.297223,0.402448,false,weights,19
26,37,0.439992,1490949,1,[1024/k3],0.258849,0.402448,false,remove_layer,23
26,38,0.441832,10930181,2,[1024/k3→1024/k3],0.224963,0.402448,false,weights,28
26,39,0.427614,46597,1,[32/k3],0.298966,0.402448,false,remove_layer,19
26,40,0.438235,11980805,3,[1024/k3→1024/k3→1024/k1],0.223359,0.402448,false,add_layer,28
26,41,0.430649,1490949,1,[1024/k3],0.271099,0.402448,false,weights,16
26,42,0.430382,46597,1,[32/k3],0.297731,0.402448,false,weights,19
26,43,0.436623,1490949,1,[1024/k3],0.262398,0.402448,false,remove_layer,39
26,44,0.435785,1490949,1,[1024/k3],0.416633,0.402448,false,remove_layer,4
26,45,0.416454,10930181,2,[1024/k3→1024/k3],0.274432,0.402448,false,weights,4
26,46,0.428478,46597,1,[32/k3],0.298148,0.402448,false,weights,37
26,47,0.451131,1517192,2,[161/k1→1024/k3],0.305687,0.402448,false,add_layer,36
26,48,0.428782,46597,1,[32/k3],0.297969,0.402448,false,weights,35
26,49,0.451700,10956424,3,[161/k1→1024/k3→1024/k3],0.257715,0.402448,false,add_layer,28
26,50,0.438858,1724560,2,[161/k3→1024/k3],0.276895,0.402448,false,add_layer,36
26,51,0.432597,46597,1,[32/k3],0.296684,0.402448,false,weights,2
26,52,0.429738,1490949,1,[1024/k3],0.271285,0.402448,false,weights,23
26,53,0.443471,9250053,3,[768/k3→1024/k3→1024/k1],0.234884,0.402448,false,add_layer,25
26,54,0.442871,1490949,1,[1024/k3],0.256385,0.402448,false,remove_layer,16
26,55,0.430598,1490949,1,[1024/k3],0.270760,0.402448,false,weights,23
26,56,0.451783,55877,2,[32/k3→32/k3],0.283271,0.402448,false,add_layer,19
26,57,0.443381,10930181,2,[1024/k3→1024/k3],0.215907,0.402448,false,weights,28
26,58,0.469983,11980805,3,[1024/k3→1024/k1→1024/k3],0.185317,0.402448,false,add_layer,55
26,59,0.432762,1490949,1,[1024/k3],0.268761,0.402448,false,weights,59
26,60,0.433973,1490949,1,[1024/k3],0.268329,0.402448,false,weights,16
26,61,0.450284,10930181,2,[1024/k3→1024/k3],0.206414,0.402448,false,weights,28
26,62,0.447262,8199429,2,[768/k3→1024/k3],0.220901,0.402448,false,weights,25
26,63,0.435677,1490949,1,[1024/k3],0.266008,0.402448,false,weights,16
27,0,0.463267,10930181,2,[1024/k3→1024/k3],0.197078,0.402448,true,champion,45
27,1,0.459534,47685,2,[32/k3→32/k1],0.296529,0.402448,false,add_layer,26
27,2,0.433090,46597,1,[32/k3],0.294328,0.402448,false,weights,39
27,3,0.441875,1490949,1,[1024/k3],0.254724,0.402448,false,remove_layer,55
27,4,0.436509,745477,1,[512/k3],0.291465,0.402448,false,resize_layer,42
27,5,0.429326,46597,1,[32/k3],0.296636,0.402448,false,weights,12
27,6,0.436873,186373,1,[128/k3],0.291196,0.402448,false,resize_layer,26
27,7,0.432755,46597,1,[32/k3],0.295040,0.402448,false,weights,42
27,8,0.459530,47685,2,[32/k3→32/k1],0.296371,0.402448,false,add_layer,26
27,9,0.430348,46597,1,[32/k3],0.296591,0.402448,false,weights,10
27,10,0.429743,10930181,2,[1024/k3→1024/k3],0.244787,0.402448,false,weights,15
27,11,0.441086,1490949,1,[1024/k3],0.257922,0.402448,false,weights,41
27,12,0.430790,46597,1,[32/k3],0.295746,0.402448,false,weights,10
27,13,0.432707,46597,1,[32/k3],0.294117,0.402448,false,remove_layer,46
27,14,0.433865,46597,1,[32/k3],0.294282,0.402448,false,weights,46
27,15,0.432386,46597,1,[32/k3],0.294919,0.402448,false,weights,48
27,16,0.434995,46597,1,[32/k3],0.293285,0.402448,false,remove_layer,12
27,17,0.433907,46597,1,[32/k3],0.294296,0.402448,false,weights,26
27,18,0.437806,1724560,2,[161/k3→1024/k3],0.246829,0.402448,false,weights,1
27,19,0.432535,46597,1,[32/k3],0.294701,0.402448,false,weights,48
27,20,0.435296,1118213,1,[768/k3],0.292264,0.402448,false,resize_layer,48
27,21,0.459713,10930181,2,[1024/k3→1024/k3],0.201015,0.402448,false,weights,45
27,22,0.439996,280208,2,[161/k3→32/k3],0.282845,0.402448,false,add_layer,12
27,23,0.431808,46597,1,[32/k3],0.295688,0.402448,false,weights,42
27,24,0.432360,46597,1,[32/k3],0.294658,0.402448,false,weights,39
27,25,0.464823,11980805,3,[1024/k3→1024/k1→1024/k3],0.187494,0.402448,false,add_layer,45
27,26,0.432861,1490949,1,[1024/k3],0.269239,0.402448,false,weights,34
27,27,0.432941,46597,1,[32/k3],0.296111,0.402448,false,weights,21
27,28,0.440486,280208,2,[161/k3→32/k3],0.288202,0.402448,false,add_layer,46
27,29,0.445405,1490949,1,[1024/k3],0.250220,0.402448,false,remove_layer,41
27,30,0.431270,46597,1,[32/k3],0.296252,0.402448,false,weights,42
27,31,0.455005,1517192,2,[161/k1→1024/k3],0.295336,0.402448,false,add_layer,41
27,32,0.435553,1118213,1,[768/k3],0.292218,0.402448,false,resize_layer,42
27,33,0.423530,10930181,2,[1024/k3→1024/k3],0.264825,0.402448,false,weights,15
27,34,0.437003,46597,1,[32/k3],0.292026,0.402448,false,remove_layer,26
27,35,0.457604,47685,2,[32/k3→32/k1],0.297316,0.402448,false,add_layer,21
27,36,0.436197,745477,1,[512/k3],0.291321,0.402448,false,resize_layer,29
27,37,0.435276,46597,1,[32/k3],0.292279,0.402448,false,weights,29
27,38,0.432247,46597,1,[32/k3],0.294250,0.402448,false,weights,29
27,39,0.431244,46597,1,[32/k3],0.296762,0.402448,false,weights,21
27,40,0.430384,745477,1,[512/k3],0.274794,0.402448,false,resize_layer,34
27,41,0.446557,72840,2,[161/k1→32/k3],0.313702,0.402448,false,add_layer,39
27,42,0.432646,46597,1,[32/k3],0.294763,0.402448,false,weights,10
27,43,0.443388,1490949,1,[1024/k3],0.254479,0.402448,false,weights,55
27,44,0.431749,46597,1,[32/k3],0.294186,0.402448,false,weights,29
27,45,0.431425,46597,1,[32/k3],0.295753,0.402448,false,weights,39
27,46,0.443413,1490949,1,[1024/k3],0.253236,0.402448,false,weights,52
27,47,0.431832,46597,1,[32/k3],0.296782,0.402448,false,weights,21
27,48,0.434215,46597,1,[32/k3],0.295322,0.402448,false,weights,21
27,49,0.425724,46597,1,[32/k3],0.300996,0.402448,false,resize_layer,52
27,50,0.430544,46597,1,[32/k3],0.296445,0.402448,false,weights,46
27,51,0.436235,46597,1,[32/k3],0.292617,0.402448,false,weights,12
27,52,0.431454,10930181,2,[1024/k3→1024/k3],0.230973,0.402448,false,weights,45
27,53,0.431670,1490949,1,[1024/k3],0.270993,0.402448,false,weights,34
27,54,0.448557,10930181,2,[1024/k3→1024/k3],0.216375,0.402448,false,weights,45
27,55,0.436415,46597,1,[32/k3],0.291956,0.402448,false,remove_layer,48
27,56,0.432677,46597,1,[32/k3],0.294959,0.402448,false,weights,10
27,57,0.430520,46597,1,[32/k3],0.296528,0.402448,false,weights,10
27,58,0.440827,1490949,1,[1024/k3],0.258205,0.402448,false,weights,41
27,59,0.434877,1490949,1,[1024/k3],0.263588,0.402448,false,weights,52
27,60,0.433220,46597,1,[32/k3],0.294359,0.402448,false,weights,12
27,61,0.441932,10930181,2,[1024/k3→1024/k3],0.232727,0.402448,false,weights,15
27,62,0.436300,280208,2,[161/k3→32/k3],0.295160,0.402448,false,add_layer,46
27,63,0.433977,186373,1,[128/k3],0.293054,0.402448,false,resize_layer,46
28,0,0.475626,10930181,2,[1024/k3→1024/k3],0.183974,0.402448,true,champion,33
28,1,0.437800,46597,1,[32/k3],0.291227,0.402448,false,weights,50
28,2,0.435155,46597,1,[32/k3],0.292703,0.402448,false,weights,9
28,3,0.436819,46597,1,[32/k3],0.291990,0.402448,false,weights,57
28,4,0.437737,372741,1,[256/k3],0.290735,0.402448,false,resize_layer,30
28,5,0.438422,46597,1,[32/k3],0.289516,0.402448,false,weights,44
28,6,0.435315,46597,1,[32/k3],0.293110,0.402448,false,weights,39
28,7,0.437955,46597,1,[32/k3],0.290668,0.402448,false,remove_layer,23
28,8,0.438412,93189,1,[64/k3],0.289685,0.402448,false,resize_layer,44
28,9,0.459465,55877,2,[32/k3→32/k3],0.278841,0.402448,false,add_layer,30
28,10,0.434353,1118213,1,[768/k3],0.292844,0.402448,false,resize_layer,39
28,11,0.433563,46597,1,[32/k3],0.292312,0.402448,false,weights,44
28,12,0.434685,1490949,1,[1024/k3],0.292113,0.402448,false,resize_layer,23
28,13,0.440347,10930181,2,[1024/k3→1024/k3],0.219827,0.402448,false,weights,10
28,14,0.432599,46597,1,[32/k3],0.293929,0.402448,false,weights,50
28,15,0.442779,72840,2,[161/k1→32/k3],0.310964,0.402448,false,add_layer,49
28,16,0.438991,46597,1,[32/k3],0.290680,0.402448,false,weights,12
28,17,0.439612,280208,2,[161/k3→32/k3],0.290069,0.402448,false,add_layer,44
28,18,0.433707,46597,1,[32/k3],0.293806,0.402448,false,weights,57
28,19,0.432476,745477,1,[512/k3],0.293546,0.402448,false,resize_layer,49
28,20,0.457321,55877,2,[32/k3→32/k3],0.280355,0.402448,false,add_layer,9
28,21,0.447750,10930181,2,[1024/k3→1024/k3],0.206581,0.402448,false,weights,52
28,22,0.433888,46597,1,[32/k3],0.293421,0.402448,false,weights,45
28,23,0.436647,46597,1,[32/k3],0.292405,0.402448,false,weights,5
28,24,0.443564,1490949,1,[1024/k3],0.253519,0.402448,false,remove_layer,53
28,25,0.437838,46597,1,[32/k3],0.292208,0.402448,false,weights,39
28,26,0.444299,2541573,2,[1024/k3→1024/k1],0.251390,0.402448,false,add_layer,53
28,27,0.431540,46597,1,[32/k3],0.294448,0.402448,false,weights,5
28,28,0.434977,46597,1,[32/k3],0.293424,0.402448,false,weights,30
28,29,0.454113,10930181,2,[1024/k3→1024/k3],0.196559,0.402448,false,weights,52
28,30,0.435515,46597,1,[32/k3],0.292550,0.402448,false,weights,12
28,31,0.432512,46597,1,[32/k3],0.294102,0.402448,false,weights,9
28,32,0.436693,46597,1,[32/k3],0.292445,0.402448,false,weights,39
28,33,0.437481,46597,1,[32/k3],0.291838,0.402448,false,remove_layer,39
28,34,0.434798,46597,1,[32/k3],0.293589,0.402448,false,weights,39
28,35,0.432756,46597,1,[32/k3],0.293639,0.402448,false,weights,50
28,36,0.436020,46597,1,[32/k3],0.292122,0.402448,false,weights,12
28,37,0.435264,46597,1,[32/k3],0.292654,0.402448,false,weights,23
28,38,0.435555,46597,1,[32/k3],0.292948,0.402448,false,weights,39
28,39,0.436808,46597,1,[32/k3],0.292581,0.402448,false,weights,50
28,40,0.436209,1118213,1,[768/k3],0.291164,0.402448,false,resize_layer,23
28,41,0.432940,46597,1,[32/k3],0.293712,0.402448,false,weights,45
28,42,0.461420,47685,2,[32/k3→32/k1],0.295288,0.402448,false,add_layer,12
28,43,0.436765,46597,1,[32/k3],0.292016,0.402448,false,weights,45
28,44,0.436981,46597,1,[32/k3],0.291412,0.402448,false,weights,12
28,45,0.437999,46597,1,[32/k3],0.291648,0.402448,false,weights,30
28,46,0.434295,46597,1,[32/k3],0.292849,0.402448,false,weights,45
28,47,0.443212,2541573,2,[1024/k3→1024/k1],0.253404,0.402448,false,add_layer,53
28,48,0.433372,46597,1,[32/k3],0.294951,0.402448,false,weights,39
28,49,0.431679,46597,1,[32/k3],0.294414,0.402448,false,weights,5
28,50,0.447081,745477,1,[512/k3],0.252302,0.402448,false,remove_layer,40
28,51,0.442456,745477,1,[512/k3],0.258327,0.402448,false,weights,40
28,52,0.433011,46597,1,[32/k3],0.294879,0.402448,false,weights,39
28,53,0.434384,46597,1,[32/k3],0.293175,0.402448,false,weights,45
28,54,0.434298,46597,1,[32/k3],0.293346,0.402448,false,weights,9
28,55,0.437344,46597,1,[32/k3],0.291043,0.402448,false,remove_layer,45
28,56,0.432427,1490949,1,[1024/k3],0.266446,0.402448,false,weights,53
28,57,0.436030,10930181,2,[1024/k3→1024/k3],0.223391,0.402448,false,weights,10
28,58,0.437121,46597,1,[32/k3],0.291757,0.402448,false,remove_layer,57
28,59,0.439257,10930181,2,[1024/k3→1024/k3],0.222527,0.402448,false,weights,10
28,60,0.452595,1490949,1,[1024/k3],0.440813,0.402448,false,remove_layer,10
28,61,0.434874,46597,1,[32/k3],0.292855,0.402448,false,weights,23
28,62,0.433742,46597,1,[32/k3],0.293189,0.402448,false,remove_layer,9
28,63,0.434519,46597,1,[32/k3],0.293531,0.402448,false,weights,30
