generation,individual,val_loss,n_params,n_layers,architecture,train_loss,best_ever,is_champion,mutation_type,parent_idx
1,0,0.661065,3897285,9,[32/k1→768/k3→64/k1→64/k1→768/k1→512/k3→32/k1→32/k1→64/k1],0.784217,0.478143,false,,
1,1,0.543147,10068549,8,[64/k3→64/k3→512/k3→1024/k1→1024/k1→768/k3→128/k3→64/k1],0.600956,0.478143,false,,
1,2,0.600269,14419077,10,[128/k1→32/k3→32/k3→1024/k3→512/k3→1024/k1→768/k3→512/k1→256/k1→512/k3],0.684361,0.478143,false,,
1,3,0.603320,6503493,10,[768/k3→512/k1→768/k1→32/k1→1024/k3→32/k1→1024/k1→256/k3→256/k3→64/k3],0.649264,0.478143,false,,
1,4,0.515025,1337989,6,[64/k3→768/k1→512/k1→512/k1→64/k3→256/k3],0.572392,0.478143,false,,
1,5,0.528141,9816709,9,[768/k1→768/k3→1024/k1→64/k1→1024/k3→256/k3→32/k1→512/k3→64/k3],0.589875,0.478143,false,,
1,6,0.534361,12034181,7,[768/k3→64/k3→64/k1→768/k3→768/k3→512/k3→128/k1],0.585730,0.478143,false,,
1,7,0.515969,2198725,5,[512/k3→32/k1→1024/k1→64/k1→1024/k3],0.585730,0.478143,false,,
1,8,0.662518,14690661,8,[32/k3→256/k3→512/k3→512/k1→768/k1→768/k3→1024/k3→32/k3],0.714597,0.478143,false,,
1,9,0.585467,6846213,7,[64/k3→32/k3→512/k1→512/k1→1024/k3→1024/k1→64/k3],0.651195,0.478143,false,,
1,10,0.656536,1997957,10,[64/k1→512/k3→256/k1→32/k3→1024/k3→64/k1→64/k1→32/k3→1024/k1→1024/k1],0.763683,0.478143,false,,
1,11,0.498593,3667589,5,[768/k3→512/k1→128/k3→64/k1→768/k3],0.549904,0.478143,false,,
1,12,0.561977,4348357,7,[768/k3→256/k3→32/k1→64/k1→128/k1→512/k1→512/k1],0.671082,0.478143,false,,
1,13,0.624937,32293,4,[32/k1→64/k1→32/k3→32/k1],0.726640,0.478143,false,,
1,14,0.509943,3820741,6,[768/k3→64/k1→768/k3→64/k3→1024/k3→64/k1],0.561299,0.478143,false,,
1,15,0.478143,3676933,4,[768/k3→128/k3→256/k3→1024/k1],0.529162,0.478143,false,,
1,16,0.542857,1676101,9,[768/k1→32/k3→768/k3→1024/k1→64/k1→64/k3→64/k3→64/k3→256/k1],0.627329,0.478143,false,,
1,17,0.665623,1078085,10,[32/k3→1024/k1→32/k1→32/k1→64/k3→256/k3→64/k3→32/k1→256/k1→256/k3],0.708539,0.478143,false,,
1,18,0.670179,5759237,10,[1024/k3→128/k3→768/k3→64/k1→128/k1→32/k1→768/k3→32/k1→512/k3→512/k1],0.715374,0.478143,false,,
1,19,0.479226,755013,4,[512/k1→1024/k1→32/k1→768/k1],0.547595,0.478143,false,,
1,20,0.532554,2833221,7,[32/k1→512/k1→512/k1→256/k3→128/k1→768/k3→64/k3],0.604717,0.478143,false,,
1,21,0.613748,1077637,7,[64/k3→256/k3→1024/k1→32/k3→512/k1→32/k1→512/k3],0.696102,0.478143,false,,
1,22,0.502535,553861,5,[128/k1→64/k3→128/k1→256/k3→512/k1],0.563587,0.478143,false,,
1,23,0.639175,9163141,9,[1024/k3→768/k1→64/k3→32/k1→768/k1→128/k3→512/k1→768/k3→64/k3],0.691436,0.478143,false,,
1,24,0.564253,2964805,8,[256/k3→1024/k1→32/k3→1024/k3→32/k1→128/k1→768/k3→64/k3],0.627014,0.478143,false,,
1,25,0.527279,8437061,8,[768/k3→512/k1→32/k1→768/k1→512/k1→1024/k3→512/k1→256/k1],0.607357,0.478143,false,,
1,26,0.490168,739333,4,[128/k3→1024/k1→128/k1→768/k1],0.550535,0.478143,false,,
1,27,0.583004,3073413,9,[32/k3→1024/k3→512/k1→64/k1→1024/k1→256/k1→64/k3→1024/k3→1024/k1],0.667964,0.478143,false,,
1,28,0.534827,4237061,6,[64/k1→256/k1→1024/k3→64/k1→1024/k3→128/k3],0.597332,0.478143,false,,
1,29,0.544250,5528645,10,[1024/k1→64/k1→768/k1→256/k3→128/k1→1024/k3→128/k3→768/k3→32/k1→128/k1],0.654346,0.478143,false,,
1,30,0.575377,1158949,8,[128/k1→32/k3→128/k3→256/k1→256/k1→128/k1→768/k3→32/k1],0.675379,0.478143,false,,
1,31,0.552416,14641157,6,[256/k1→768/k3→512/k3→768/k1→768/k3→512/k3],0.591396,0.478143,false,,
1,32,0.626639,6762501,9,[256/k3→256/k3→512/k1→64/k3→768/k3→768/k1→512/k3→256/k1→128/k3],0.687813,0.478143,false,,
1,33,0.492091,3110917,5,[256/k3→256/k3→256/k1→512/k3→1024/k1],0.550525,0.478143,false,,
1,34,0.646548,1136389,9,[32/k3→512/k3→32/k1→768/k3→64/k1→64/k1→32/k1→256/k1→256/k3],0.730874,0.478143,false,,
1,35,0.543557,16433925,9,[512/k1→768/k3→256/k3→64/k1→768/k1→1024/k1→1024/k3→64/k1→1024/k3],0.634544,0.478143,false,,
1,36,0.478682,3321349,4,[512/k1→1024/k1→256/k1→1024/k3],0.524301,0.478143,false,,
1,37,0.651259,35531397,9,[512/k3→1024/k3→512/k3→1024/k3→64/k3→256/k3→1024/k1→1024/k3→1024/k3],0.686257,0.478143,false,,
1,38,0.575433,2680965,9,[64/k3→256/k1→768/k3→64/k3→128/k3→512/k1→64/k1→64/k3→768/k1],0.651581,0.478143,false,,
1,39,0.612767,3581445,9,[64/k1→256/k3→128/k3→256/k1→64/k3→256/k1→1024/k3→256/k1→128/k3],0.677075,0.478143,false,,
1,40,0.594909,11433157,10,[256/k3→512/k1→256/k1→128/k3→256/k1→256/k3→768/k3→768/k1→1024/k3→64/k1],0.653440,0.478143,false,,
1,41,0.526860,723525,7,[512/k1→32/k3→64/k3→64/k1→128/k3→128/k1→256/k3],0.574163,0.478143,false,,
1,42,0.509615,4496773,6,[1024/k3→128/k3→128/k1→256/k1→768/k1→128/k1],0.569657,0.478143,false,,
1,43,0.570265,2067077,9,[32/k1→1024/k1→64/k1→1024/k1→512/k1→64/k1→256/k1→512/k1→256/k3],0.628752,0.478143,false,,
1,44,0.598644,1513093,10,[128/k1→512/k1→1024/k1→128/k1→512/k1→128/k3→256/k1→32/k1→32/k3→1024/k1],0.691601,0.478143,false,,
1,45,0.584848,2800069,10,[512/k1→128/k3→768/k3→32/k3→32/k3→1024/k3→32/k3→128/k3→768/k1→256/k1],0.672083,0.478143,false,,
1,46,0.574470,9203333,9,[512/k3→512/k3→256/k3→1024/k3→128/k1→1024/k1→128/k3→64/k3→512/k3],0.653383,0.478143,false,,
1,47,0.542526,2789125,6,[32/k3→1024/k3→64/k3→64/k3→1024/k3→128/k3],0.604278,0.478143,false,,
1,48,0.559644,10405701,8,[768/k3→512/k1→512/k1→32/k1→768/k3→256/k1→768/k3→768/k3],0.614722,0.478143,false,,
1,49,0.527994,2468037,7,[1024/k1→32/k3→64/k3→768/k1→128/k3→256/k3→256/k3],0.564822,0.478143,false,,
1,50,0.542689,3241029,6,[768/k3→128/k3→128/k1→32/k1→128/k1→768/k1],0.639492,0.478143,false,,
1,51,0.535932,285381,5,[64/k3→128/k3→32/k1→128/k1→128/k1],0.645949,0.478143,false,,
1,52,0.595662,5412517,6,[32/k1→128/k1→32/k3→768/k1→768/k3→32/k1],0.680073,0.478143,false,,
1,53,0.590417,1149029,8,[128/k3→256/k3→128/k1→32/k3→1024/k3→32/k1→256/k3→32/k1],0.684721,0.478143,false,,
1,54,0.602925,4940165,5,[64/k3→32/k1→32/k3→512/k1→1024/k3],0.687821,0.478143,false,,
1,55,0.501969,4715141,7,[256/k3→1024/k3→128/k1→512/k1→1024/k1→768/k1→128/k1],0.559301,0.478143,false,,
1,56,0.530899,2010245,5,[64/k1→512/k1→64/k1→256/k3→768/k3],0.605467,0.478143,false,,
1,57,0.546873,997317,6,[32/k1→128/k3→768/k3→32/k1→128/k1→256/k1],0.658331,0.478143,false,,
1,58,0.638685,2844613,8,[64/k1→128/k1→32/k1→64/k3→512/k3→256/k1→256/k3→768/k3],0.701431,0.478143,false,,
1,59,0.503667,4125925,6,[512/k3→256/k1→512/k1→256/k3→512/k3→32/k1],0.549753,0.478143,false,,
1,60,0.491467,10741509,5,[768/k1→1024/k3→512/k1→1024/k1→256/k3],0.505795,0.478143,false,,
1,61,0.521681,1139269,6,[64/k3→768/k3→32/k3→128/k3→128/k3→768/k1],0.583947,0.478143,false,,
1,62,0.678108,10651909,10,[64/k3→256/k3→128/k3→1024/k1→256/k1→128/k3→128/k1→1024/k3→1024/k1→768/k3],0.718352,0.478143,false,,
1,63,0.540762,7474437,7,[32/k1→512/k3→512/k3→768/k3→1024/k1→64/k3→512/k1],0.625971,0.478143,false,,
2,0,0.436061,3676933,4,[768/k3→128/k3→256/k3→1024/k1],0.387722,0.427097,true,champion,15
2,1,0.441701,4125925,6,[512/k3→256/k1→512/k1→256/k3→512/k3→32/k1],0.410000,0.427097,false,weights,59
2,2,0.427473,739333,4,[128/k3→1024/k1→128/k1→768/k1],0.411979,0.427097,false,weights,26
2,3,0.450797,4978309,8,[256/k3→1024/k3→128/k1→512/k1→512/k1→1024/k1→768/k1→128/k1],0.440414,0.427097,false,add_layer,55
2,4,0.489906,2468037,7,[1024/k1→32/k3→64/k3→768/k1→128/k3→256/k3→256/k3],0.483641,0.427097,false,weights,49
2,5,0.427097,739333,4,[128/k3→1024/k1→128/k1→768/k1],0.409451,0.427097,false,weights,26
2,6,0.440793,10741509,5,[768/k1→1024/k3→512/k1→1024/k1→256/k3],0.330834,0.427097,false,weights,60
2,7,0.483636,17876293,9,[768/k3→512/k1→32/k1→768/k1→512/k1→1024/k3→1024/k3→512/k1→256/k1],0.504654,0.427097,false,add_layer,25
2,8,0.478543,723525,7,[512/k1→32/k3→64/k3→64/k1→128/k3→128/k1→256/k3],0.490960,0.427097,false,weights,41
2,9,0.463309,1337989,6,[64/k3→768/k1→512/k1→512/k1→64/k3→256/k3],0.457936,0.427097,false,weights,4
2,10,0.531122,396997,4,[128/k3→32/k1→128/k1→128/k1],0.607277,0.427097,false,remove_layer,51
2,11,0.459094,192901,4,[128/k1→64/k3→128/k1→512/k1],0.502718,0.427097,false,remove_layer,22
2,12,0.451316,4249733,6,[1024/k3→128/k3→128/k1→256/k1→128/k1→128/k1],0.448766,0.427097,false,resize_layer,42
2,13,0.435792,3676933,4,[768/k3→128/k3→256/k3→1024/k1],0.394655,0.427097,false,weights,15
2,14,0.471772,9816709,9,[768/k1→768/k3→1024/k1→64/k1→1024/k3→256/k3→32/k1→512/k3→64/k3],0.459566,0.427097,false,weights,5
2,15,0.441166,10741509,5,[768/k1→1024/k3→512/k1→1024/k1→256/k3],0.300791,0.427097,false,weights,60
2,16,0.443841,4496773,6,[1024/k3→128/k3→128/k1→256/k1→768/k1→128/k1],0.430334,0.427097,false,weights,42
2,17,0.480590,1360965,6,[64/k3→1024/k3→32/k3→128/k3→128/k3→768/k1],0.510997,0.427097,false,resize_layer,61
2,18,0.435050,4715141,7,[256/k3→1024/k3→128/k1→512/k1→1024/k1→768/k1→128/k1],0.416973,0.427097,false,weights,55
2,19,0.454842,2198725,5,[512/k3→32/k1→1024/k1→64/k1→1024/k3],0.469482,0.427097,false,weights,7
2,20,0.476919,8825477,6,[64/k1→256/k1→1024/k3→512/k1→1024/k3→128/k3],0.499649,0.427097,false,resize_layer,28
2,21,0.468666,8526981,6,[768/k3→64/k3→64/k1→768/k3→768/k3→128/k1],0.480154,0.427097,false,remove_layer,6
2,22,0.441737,10741509,5,[768/k1→1024/k3→512/k1→1024/k1→256/k3],0.301948,0.427097,false,weights,60
2,23,0.547622,3356037,8,[768/k3→512/k1→32/k1→768/k1→512/k1→32/k3→512/k1→256/k1],0.493222,0.427097,false,resize_layer,25
2,24,0.479729,1139269,6,[64/k3→768/k3→32/k3→128/k3→128/k3→768/k1],0.502169,0.427097,false,weights,61
2,25,0.439995,3742981,5,[768/k3→128/k3→256/k3→256/k1→1024/k1],0.382399,0.427097,false,add_layer,15
2,26,0.431363,755013,4,[512/k1→1024/k1→32/k1→768/k1],0.421074,0.427097,false,weights,19
2,27,0.444224,4513413,7,[1024/k3→128/k3→128/k1→128/k1→256/k1→768/k1→128/k1],0.434776,0.427097,false,add_layer,42
2,28,0.458524,4233093,5,[1024/k3→128/k3→128/k1→256/k1→128/k1],0.479576,0.427097,false,remove_layer,42
2,29,0.462260,1785733,6,[64/k3→768/k1→512/k1→512/k1→64/k3→1024/k3],0.451701,0.427097,false,resize_layer,4
2,30,0.539952,502917,6,[32/k3→64/k3→64/k1→128/k3→128/k1→256/k3],0.607560,0.427097,false,remove_layer,41
2,31,0.474219,2010245,5,[64/k1→512/k1→64/k1→256/k3→768/k3],0.497934,0.427097,false,weights,56
2,32,0.442137,4142533,6,[512/k3→256/k1→512/k1→256/k3→512/k3→64/k1],0.395515,0.427097,false,resize_layer,59
2,33,0.459324,1448133,5,[256/k3→32/k1→1024/k1→64/k1→1024/k3],0.470023,0.427097,false,resize_layer,7
2,34,0.470477,3215245,6,[322/k1→256/k3→256/k3→256/k1→512/k3→1024/k1],0.461277,0.427097,false,add_layer,33
2,35,0.461247,4480133,5,[1024/k3→128/k3→256/k1→768/k1→128/k1],0.474599,0.427097,false,remove_layer,42
2,36,0.461410,3820741,6,[768/k3→64/k1→768/k3→64/k3→1024/k3→64/k1],0.452440,0.427097,false,weights,14
2,37,0.461588,8437061,8,[768/k3→512/k1→32/k1→768/k1→512/k1→1024/k3→512/k1→256/k1],0.444147,0.427097,false,weights,25
2,38,0.446234,3110917,5,[256/k3→256/k3→256/k1→512/k3→1024/k1],0.404040,0.427097,false,weights,33
2,39,0.476290,1374981,7,[64/k3→64/k3→768/k1→512/k1→512/k1→64/k3→256/k3],0.475472,0.427097,false,add_layer,4
2,40,0.480958,9816709,9,[768/k1→768/k3→1024/k1→64/k1→1024/k3→256/k3→32/k1→512/k3→64/k3],0.486160,0.427097,false,weights,5
2,41,0.443654,553861,5,[128/k1→64/k3→128/k1→256/k3→512/k1],0.454115,0.427097,false,weights,22
2,42,0.467899,1104709,6,[64/k3→768/k3→32/k3→128/k3→128/k3→512/k1],0.476014,0.427097,false,resize_layer,61
2,43,0.448521,3110917,5,[256/k3→256/k3→256/k1→512/k3→1024/k1],0.428303,0.427097,false,weights,33
2,44,0.479682,9816709,9,[768/k1→768/k3→1024/k1→64/k1→1024/k3→256/k3→32/k1→512/k3→64/k3],0.496604,0.427097,false,weights,5
2,45,0.462070,4237061,6,[64/k1→256/k1→1024/k3→64/k1→1024/k3→128/k3],0.489686,0.427097,false,weights,28
2,46,0.464138,3442245,5,[768/k3→512/k1→128/k3→32/k1→768/k3],0.463305,0.427097,false,resize_layer,11
2,47,0.436883,4715141,7,[256/k3→1024/k3→128/k1→512/k1→1024/k1→768/k1→128/k1],0.410034,0.427097,false,weights,55
2,48,0.474475,2896165,6,[512/k3→256/k1→32/k1→256/k3→512/k3→32/k1],0.500607,0.427097,false,resize_layer,59
2,49,0.489020,12034181,7,[768/k3→64/k3→64/k1→768/k3→768/k3→512/k3→128/k1],0.502820,0.427097,false,weights,6
2,50,0.541237,9550085,6,[64/k3→64/k1→768/k3→768/k3→512/k3→128/k1],0.599739,0.427097,false,remove_layer,6
2,51,0.472452,2273413,6,[64/k1→512/k1→512/k1→64/k1→256/k3→768/k3],0.503721,0.427097,false,add_layer,56
2,52,0.493021,1947781,4,[64/k1→64/k1→256/k3→768/k3],0.549634,0.427097,false,remove_layer,56
2,53,0.478272,2833221,7,[32/k1→512/k1→512/k1→256/k3→128/k1→768/k3→64/k3],0.504545,0.427097,false,weights,20
2,54,0.505676,209349,4,[64/k3→32/k1→128/k1→128/k1],0.588745,0.427097,false,remove_layer,51
2,55,0.480656,2833221,7,[32/k1→512/k1→512/k1→256/k3→128/k1→768/k3→64/k3],0.506493,0.427097,false,weights,20
2,56,0.437277,3321349,4,[512/k1→1024/k1→256/k1→1024/k3],0.370623,0.427097,false,weights,36
2,57,0.478155,9816709,9,[768/k1→768/k3→1024/k1→64/k1→1024/k3→256/k3→32/k1→512/k3→64/k3],0.488056,0.427097,false,weights,5
2,58,0.433836,4125925,6,[512/k3→256/k1→512/k1→256/k3→512/k3→32/k1],0.394611,0.427097,false,weights,59
2,59,0.446767,3667589,5,[768/k3→512/k1→128/k3→64/k1→768/k3],0.420888,0.427097,false,weights,11
2,60,0.463029,3820741,6,[768/k3→64/k1→768/k3→64/k3→1024/k3→64/k1],0.454111,0.427097,false,weights,14
2,61,0.441864,3110917,5,[256/k3→256/k3→256/k1→512/k3→1024/k1],0.413800,0.427097,false,weights,33
2,62,0.488093,1063365,7,[512/k1→32/k3→1024/k3→64/k1→128/k3→128/k1→256/k3],0.505918,0.427097,false,resize_layer,41
2,63,0.454675,4365189,5,[1024/k3→128/k3→128/k1→768/k1→128/k1],0.464474,0.427097,false,remove_layer,42
3,0,0.423108,739333,4,[128/k3→1024/k1→128/k1→768/k1],0.361325,0.420147,true,champion,5
3,1,0.429585,755013,4,[512/k1→1024/k1→32/k1→768/k1],0.353733,0.420147,false,weights,26
3,2,0.441483,3701253,6,[256/k3→256/k3→256/k1→256/k3→512/k3→1024/k1],0.348930,0.420147,false,add_layer,43
3,3,0.482433,394565,3,[1024/k1→32/k1→768/k1],0.527526,0.420147,false,remove_layer,26
3,4,0.443030,3321349,4,[512/k1→1024/k1→256/k1→1024/k3],0.276426,0.420147,false,weights,56
3,5,0.443093,3701253,6,[256/k3→256/k3→256/k3→256/k1→512/k3→1024/k1],0.350783,0.420147,false,add_layer,43
3,6,0.447928,4541061,5,[1024/k3→512/k1→128/k3→64/k1→768/k3],0.329904,0.420147,false,resize_layer,59
3,7,0.432012,4715141,7,[256/k3→1024/k3→128/k1→512/k1→1024/k1→768/k1→128/k1],0.350254,0.420147,false,weights,47
3,8,0.438553,4496773,6,[1024/k3→128/k3→128/k1→256/k1→768/k1→128/k1],0.347559,0.420147,false,weights,16
3,9,0.448890,3667589,5,[768/k3→512/k1→128/k3→64/k1→768/k3],0.331198,0.420147,false,weights,59
3,10,0.431593,4978309,8,[256/k3→1024/k3→128/k1→512/k1→512/k1→1024/k1→768/k1→128/k1],0.365111,0.420147,false,weights,3
3,11,0.428484,4715141,7,[256/k3→1024/k3→128/k1→512/k1→1024/k1→768/k1→128/k1],0.334323,0.420147,false,weights,18
3,12,0.436393,4142533,6,[512/k3→256/k1→512/k1→256/k3→512/k3→64/k1],0.319740,0.420147,false,weights,32
3,13,0.443069,4496773,6,[1024/k3→128/k3→128/k1→256/k1→768/k1→128/k1],0.345047,0.420147,false,weights,16
3,14,0.434924,2712325,5,[256/k3→256/k3→256/k1→512/k3→256/k1],0.325224,0.420147,false,resize_layer,43
3,15,0.449046,4661125,8,[1024/k3→128/k3→128/k3→128/k1→128/k1→256/k1→768/k1→128/k1],0.373671,0.420147,false,add_layer,27
3,16,0.446745,3667589,5,[768/k3→512/k1→128/k3→64/k1→768/k3],0.314521,0.420147,false,weights,59
3,17,0.451972,9757509,5,[768/k1→1024/k3→32/k1→1024/k1→256/k3],0.305074,0.420147,false,resize_layer,22
3,18,0.436776,4978309,8,[256/k3→1024/k3→128/k1→512/k1→512/k1→1024/k1→768/k1→128/k1],0.362991,0.420147,false,weights,3
3,19,0.521441,4580997,6,[1024/k3→128/k1→512/k1→1024/k1→768/k1→128/k1],0.541930,0.420147,false,remove_layer,47
3,20,0.438935,3110917,5,[256/k3→256/k3→256/k1→512/k3→1024/k1],0.353592,0.420147,false,weights,43
3,21,0.447203,3667589,5,[768/k3→512/k1→128/k3→64/k1→768/k3],0.319510,0.420147,false,weights,59
3,22,0.680183,3416037,4,[768/k3→128/k3→256/k3→32/k1],0.634692,0.420147,false,resize_layer,0
3,23,0.439346,3110917,5,[256/k3→256/k3→256/k1→512/k3→1024/k1],0.346232,0.420147,false,weights,43
3,24,0.421805,739333,4,[128/k3→1024/k1→128/k1→768/k1],0.352160,0.420147,false,weights,5
3,25,0.467783,2255493,6,[256/k3→128/k1→512/k1→1024/k1→768/k1→128/k1],0.493964,0.420147,false,remove_layer,18
3,26,0.462323,212293,3,[512/k1→32/k1→768/k1],0.485916,0.420147,false,remove_layer,26
3,27,0.442880,4513413,7,[1024/k3→128/k3→128/k1→128/k1→256/k1→768/k1→128/k1],0.377288,0.420147,false,weights,27
3,28,0.436928,8385541,4,[768/k1→1024/k3→512/k1→1024/k1],0.292254,0.420147,false,remove_layer,6
3,29,0.420147,739333,4,[128/k3→1024/k1→128/k1→768/k1],0.371473,0.420147,false,weights,5
3,30,0.428336,4715141,7,[256/k3→1024/k3→128/k1→512/k1→1024/k1→768/k1→128/k1],0.327660,0.420147,false,weights,18
3,31,0.464292,4230253,7,[322/k1→512/k3→256/k1→512/k1→256/k3→512/k3→32/k1],0.424240,0.420147,false,add_layer,58
3,32,0.421202,739333,4,[128/k3→1024/k1→128/k1→768/k1],0.365226,0.420147,false,weights,5
3,33,0.441607,4513413,7,[1024/k3→128/k3→128/k1→128/k1→256/k1→768/k1→128/k1],0.366948,0.420147,false,weights,27
3,34,0.425264,739333,4,[128/k3→1024/k1→128/k1→768/k1],0.356914,0.420147,false,weights,2
3,35,0.439227,6486245,7,[512/k3→256/k1→512/k1→512/k3→256/k3→512/k3→32/k1],0.370584,0.420147,false,add_layer,58
3,36,0.446566,10741509,5,[768/k1→1024/k3→512/k1→1024/k1→256/k3],0.245473,0.420147,false,weights,15
3,37,0.428710,553861,5,[128/k1→64/k3→128/k1→256/k3→512/k1],0.401122,0.420147,false,weights,41
3,38,0.444595,4233093,5,[1024/k3→128/k3→128/k1→256/k1→128/k1],0.460025,0.420147,false,remove_layer,12
3,39,0.431517,553861,5,[128/k1→64/k3→128/k1→256/k3→512/k1],0.396819,0.420147,false,weights,41
3,40,0.420693,739333,4,[128/k3→1024/k1→128/k1→768/k1],0.353416,0.420147,false,weights,5
3,41,0.437767,4125925,6,[512/k3→256/k1→512/k1→256/k3→512/k3→32/k1],0.351431,0.420147,false,weights,1
3,42,0.519804,2563781,8,[256/k3→32/k3→128/k1→512/k1→512/k1→1024/k1→768/k1→128/k1],0.439741,0.420147,false,resize_layer,3
3,43,0.470498,10845837,6,[322/k1→768/k1→1024/k3→512/k1→1024/k1→256/k3],0.384103,0.420147,false,add_layer,6
3,44,0.503998,12760581,5,[512/k1→1024/k1→256/k1→1024/k3→1024/k3],0.527056,0.420147,false,add_layer,56
3,45,0.447773,3228133,6,[512/k3→256/k1→512/k1→256/k3→128/k3→32/k1],0.359535,0.420147,false,resize_layer,1
3,46,0.442033,3110917,5,[256/k3→256/k3→256/k1→512/k3→1024/k1],0.344388,0.420147,false,weights,61
3,47,0.435215,4978309,8,[256/k3→1024/k3→128/k1→512/k1→512/k1→1024/k1→768/k1→128/k1],0.359254,0.420147,false,weights,3
3,48,0.445749,13936005,7,[1024/k3→1024/k3→128/k3→128/k1→256/k1→768/k1→128/k1],0.370042,0.420147,false,add_layer,16
3,49,0.434168,1832197,5,[256/k3→256/k3→256/k1→128/k3→1024/k1],0.361256,0.420147,false,resize_layer,61
3,50,0.443874,3110917,5,[256/k3→256/k3→256/k1→512/k3→1024/k1],0.326954,0.420147,false,weights,61
3,51,0.455249,10741509,5,[768/k1→1024/k3→512/k1→1024/k1→256/k3],0.246562,0.420147,false,weights,6
3,52,0.639016,7946053,5,[768/k1→1024/k3→512/k1→32/k1→256/k3],0.300411,0.420147,false,resize_layer,15
3,53,0.482279,394565,3,[1024/k1→32/k1→768/k1],0.530180,0.420147,false,remove_layer,26
3,54,0.453325,10741509,5,[768/k1→1024/k3→512/k1→1024/k1→256/k3],0.229069,0.420147,false,weights,22
3,55,0.426682,4715141,7,[256/k3→1024/k3→128/k1→512/k1→1024/k1→768/k1→128/k1],0.336519,0.420147,false,weights,18
3,56,0.442250,4496773,6,[1024/k3→128/k3→128/k1→256/k1→768/k1→128/k1],0.339857,0.420147,false,weights,16
3,57,0.452243,10741509,5,[768/k1→1024/k3→512/k1→1024/k1→256/k3],0.238996,0.420147,false,weights,22
3,58,0.489379,6382341,4,[1024/k3→512/k1→1024/k1→256/k3],0.484375,0.420147,false,remove_layer,22
3,59,0.447514,3759621,6,[768/k3→128/k3→128/k1→256/k3→256/k1→1024/k1],0.314192,0.420147,false,add_layer,25
3,60,0.440466,4513413,7,[1024/k3→128/k3→128/k1→128/k1→256/k1→768/k1→128/k1],0.352669,0.420147,false,weights,27
3,61,0.440743,4142533,6,[512/k3→256/k1→512/k1→256/k3→512/k3→64/k1],0.328687,0.420147,false,weights,32
3,62,0.438979,4496773,6,[1024/k3→128/k3→128/k1→256/k1→768/k1→128/k1],0.342791,0.420147,false,weights,16
3,63,0.440712,4513413,7,[1024/k3→128/k3→128/k1→128/k1→256/k1→768/k1→128/k1],0.371798,0.420147,false,weights,27
4,0,0.426682,739333,4,[128/k3→1024/k1→128/k1→768/k1],0.318024,0.419703,true,champion,29
4,1,0.437874,4749253,6,[512/k3→256/k1→512/k1→256/k3→768/k3→64/k1],0.293476,0.419703,false,resize_layer,12
4,2,0.451152,5430573,7,[322/k3→1024/k3→128/k3→128/k1→256/k1→768/k1→128/k1],0.416170,0.419703,false,add_layer,8
4,3,0.425941,739333,4,[128/k3→1024/k1→128/k1→768/k1],0.321593,0.419703,false,weights,29
4,4,0.435031,326341,5,[128/k1→64/k3→32/k1→256/k3→512/k1],0.408302,0.419703,false,resize_layer,37
4,5,0.430115,636293,3,[128/k3→1024/k1→128/k1],0.401341,0.419703,false,remove_layer,34
4,6,0.425016,739333,4,[128/k3→1024/k1→128/k1→768/k1],0.322054,0.419703,false,weights,32
4,7,0.423093,739333,4,[128/k3→1024/k1→128/k1→768/k1],0.332440,0.419703,false,weights,29
4,8,0.433924,4978309,8,[256/k3→1024/k3→128/k1→512/k1→512/k1→1024/k1→768/k1→128/k1],0.306124,0.419703,false,weights,10
4,9,0.429115,553861,5,[128/k1→64/k3→128/k1→256/k3→512/k1],0.368275,0.419703,false,weights,39
4,10,0.432942,4978309,8,[256/k3→1024/k3→128/k1→512/k1→512/k1→1024/k1→768/k1→128/k1],0.316444,0.419703,false,weights,18
4,11,0.426208,739333,4,[128/k3→1024/k1→128/k1→768/k1],0.323794,0.419703,false,weights,0
4,12,0.452201,4496773,6,[1024/k3→128/k3→128/k1→256/k1→768/k1→128/k1],0.286961,0.419703,false,weights,8
4,13,0.432565,4715141,7,[256/k3→1024/k3→128/k1→512/k1→1024/k1→768/k1→128/k1],0.290995,0.419703,false,weights,7
4,14,0.434192,4715141,7,[256/k3→1024/k3→128/k1→512/k1→1024/k1→768/k1→128/k1],0.287893,0.419703,false,weights,11
4,15,0.428472,553861,5,[128/k1→64/k3→128/k1→256/k3→512/k1],0.364111,0.419703,false,weights,39
4,16,0.446972,4496773,6,[1024/k3→128/k3→128/k1→256/k1→768/k1→128/k1],0.308707,0.419703,false,weights,8
4,17,0.427350,553861,5,[128/k1→64/k3→128/k1→256/k3→512/k1],0.372151,0.419703,false,weights,37
4,18,0.442897,8385541,4,[768/k1→1024/k3→512/k1→1024/k1],0.220709,0.419703,false,weights,28
4,19,0.441300,4619781,6,[256/k3→1024/k3→128/k1→512/k1→1024/k1→768/k1],0.314757,0.419703,false,remove_layer,55
4,20,0.434789,4715141,7,[256/k3→1024/k3→128/k1→512/k1→1024/k1→768/k1→128/k1],0.284928,0.419703,false,weights,11
4,21,0.435561,2778373,6,[256/k3→256/k1→256/k3→256/k1→512/k3→256/k1],0.296484,0.419703,false,add_layer,14
4,22,0.436236,4978309,8,[256/k3→1024/k3→128/k1→512/k1→512/k1→1024/k1→768/k1→128/k1],0.316072,0.419703,false,weights,10
4,23,0.432147,3420613,5,[512/k3→256/k1→256/k3→512/k3→64/k1],0.397857,0.419703,false,remove_layer,12
4,24,0.424487,739333,4,[128/k3→1024/k1→128/k1→768/k1],0.326069,0.419703,false,weights,32
4,25,0.434095,4715141,7,[256/k3→1024/k3→128/k1→512/k1→1024/k1→768/k1→128/k1],0.296420,0.419703,false,weights,7
4,26,0.427197,755013,4,[512/k1→1024/k1→32/k1→768/k1],0.306375,0.419703,false,weights,1
4,27,0.452598,3176965,6,[256/k3→256/k3→256/k1→256/k1→512/k3→1024/k1],0.314276,0.419703,false,add_layer,20
4,28,0.435990,4978309,8,[256/k3→1024/k3→128/k1→512/k1→512/k1→1024/k1→768/k1→128/k1],0.312077,0.419703,false,weights,10
4,29,0.438282,8385541,4,[768/k1→1024/k3→512/k1→1024/k1],0.236737,0.419703,false,weights,28
4,30,0.428404,553861,5,[128/k1→64/k3→128/k1→256/k3→512/k1],0.377298,0.419703,false,weights,39
4,31,0.437951,4715141,7,[256/k3→1024/k3→128/k1→512/k1→1024/k1→768/k1→128/k1],0.288661,0.419703,false,weights,30
4,32,0.427219,739333,4,[128/k3→1024/k1→128/k1→768/k1],0.322099,0.419703,false,weights,32
4,33,0.429004,755013,4,[512/k1→1024/k1→32/k1→768/k1],0.311787,0.419703,false,weights,1
4,34,0.422089,739333,4,[128/k3→1024/k1→128/k1→768/k1],0.320971,0.419703,false,weights,32
4,35,0.438111,4978309,8,[256/k3→1024/k3→128/k1→512/k1→512/k1→1024/k1→768/k1→128/k1],0.314584,0.419703,false,weights,47
4,36,0.433978,817029,6,[128/k1→64/k3→128/k1→256/k3→512/k1→512/k1],0.394880,0.419703,false,add_layer,39
4,37,0.433221,4715141,7,[256/k3→1024/k3→128/k1→512/k1→1024/k1→768/k1→128/k1],0.289893,0.419703,false,weights,30
4,38,0.452193,843661,5,[322/k1→128/k3→1024/k1→128/k1→768/k1],0.402634,0.419703,false,add_layer,34
4,39,0.436572,4125925,6,[512/k3→256/k1→512/k1→256/k3→512/k3→32/k1],0.297911,0.419703,false,weights,41
4,40,0.431545,4978309,8,[256/k3→1024/k3→128/k1→512/k1→512/k1→1024/k1→768/k1→128/k1],0.312270,0.419703,false,weights,18
4,41,0.442104,7338629,9,[256/k3→1024/k3→128/k1→512/k1→512/k1→512/k3→1024/k1→768/k1→128/k1],0.344488,0.419703,false,add_layer,18
4,42,0.424951,739333,4,[128/k3→1024/k1→128/k1→768/k1],0.313764,0.419703,false,weights,0
4,43,0.441563,4125925,6,[512/k3→256/k1→512/k1→256/k3→512/k3→32/k1],0.314631,0.419703,false,weights,41
4,44,0.425799,739333,4,[128/k3→1024/k1→128/k1→768/k1],0.318694,0.419703,false,weights,40
4,45,0.441684,1832197,5,[256/k3→256/k3→256/k1→128/k3→1024/k1],0.299873,0.419703,false,weights,49
4,46,0.430123,553861,5,[128/k1→64/k3→128/k1→256/k3→512/k1],0.368956,0.419703,false,weights,37
4,47,0.436410,6049285,5,[128/k3→1024/k1→128/k1→768/k1→768/k3],0.373740,0.419703,false,add_layer,32
4,48,0.441132,1832197,5,[256/k3→256/k3→256/k1→128/k3→1024/k1],0.314004,0.419703,false,weights,49
4,49,0.442887,4956549,6,[1024/k3→128/k3→128/k1→768/k1→768/k1→128/k1],0.282424,0.419703,false,resize_layer,62
4,50,0.439219,4125925,6,[512/k3→256/k1→512/k1→256/k3→512/k3→32/k1],0.321511,0.419703,false,weights,41
4,51,0.436409,4978309,8,[256/k3→1024/k3→128/k1→512/k1→512/k1→1024/k1→768/k1→128/k1],0.315270,0.419703,false,weights,47
4,52,0.419703,1296133,3,[128/k3→1024/k1→768/k1],0.357443,0.419703,false,remove_layer,24
4,53,0.444724,3110917,5,[256/k3→256/k3→256/k1→512/k3→1024/k1],0.287828,0.419703,false,weights,20
4,54,0.420113,739333,4,[128/k3→1024/k1→128/k1→768/k1],0.322461,0.419703,false,weights,40
4,55,0.438696,1832197,5,[256/k3→256/k3→256/k1→128/k3→1024/k1],0.315589,0.419703,false,weights,49
4,56,0.428628,553861,5,[128/k1→64/k3→128/k1→256/k3→512/k1],0.371409,0.419703,false,weights,39
4,57,0.435194,3959941,6,[256/k3→1024/k3→128/k1→512/k1→1024/k1→128/k1],0.307446,0.419703,false,remove_layer,7
4,58,0.441711,8385541,4,[768/k1→1024/k3→512/k1→1024/k1],0.226700,0.419703,false,weights,28
4,59,0.428403,755013,4,[512/k1→1024/k1→32/k1→768/k1],0.304392,0.419703,false,weights,1
4,60,0.450890,4496773,6,[1024/k3→128/k3→128/k1→256/k1→768/k1→128/k1],0.281694,0.419703,false,weights,8
4,61,0.482596,4225029,6,[1024/k3→128/k3→128/k1→256/k1→64/k1→128/k1],0.312736,0.419703,false,resize_layer,8
4,62,0.428928,755013,4,[512/k1→1024/k1→32/k1→768/k1],0.316540,0.419703,false,weights,1
4,63,0.427671,553861,5,[128/k1→64/k3→128/k1→256/k3→512/k1],0.368112,0.419703,false,weights,39
5,0,0.421818,1296133,3,[128/k3→1024/k1→768/k1],0.299817,0.416767,true,champion,52
5,1,0.428508,553861,5,[128/k1→64/k3→128/k1→256/k3→512/k1],0.341437,0.416767,false,weights,9
5,2,0.429643,739333,4,[128/k3→1024/k1→128/k1→768/k1],0.290736,0.416767,false,weights,34
5,3,0.524260,566789,3,[1024/k1→128/k1→768/k1],0.523184,0.416767,false,remove_layer,0
5,4,0.447651,6064965,5,[512/k1→1024/k1→32/k1→768/k1→768/k3],0.319054,0.416767,false,add_layer,33
5,5,0.421197,1296133,3,[128/k3→1024/k1→768/k1],0.299983,0.416767,false,weights,52
5,6,0.428657,739333,4,[128/k3→1024/k1→128/k1→768/k1],0.293860,0.416767,false,weights,6
5,7,0.430741,739333,4,[128/k3→1024/k1→128/k1→768/k1],0.287554,0.416767,false,weights,6
5,8,0.429724,739333,4,[128/k3→1024/k1→128/k1→768/k1],0.298834,0.416767,false,weights,34
5,9,0.429274,420485,4,[128/k1→64/k3→128/k1→256/k3],0.383854,0.416767,false,remove_layer,30
5,10,0.431421,1330693,5,[128/k3→1024/k1→128/k1→768/k1→768/k1],0.314225,0.416767,false,add_layer,54
5,11,0.429267,755013,4,[512/k1→1024/k1→32/k1→768/k1],0.276236,0.416767,false,weights,62
5,12,0.523409,463749,2,[1024/k1→128/k1],0.526919,0.416767,false,remove_layer,5
5,13,0.429502,553861,5,[128/k1→64/k3→128/k1→256/k3→512/k1],0.342624,0.416767,false,weights,46
5,14,0.432867,701573,6,[128/k1→64/k3→128/k1→128/k3→256/k3→512/k1],0.354650,0.416767,false,add_layer,9
5,15,0.463396,488197,4,[128/k1→128/k1→256/k3→512/k1],0.482315,0.416767,false,remove_layer,46
5,16,0.427771,553861,5,[128/k1→64/k3→128/k1→256/k3→512/k1],0.341322,0.416767,false,weights,15
5,17,0.434814,265797,4,[512/k1→128/k1→32/k1→768/k1],0.335911,0.416767,false,resize_layer,59
5,18,0.428610,980357,5,[128/k1→64/k3→128/k1→512/k3→512/k1],0.344196,0.416767,false,resize_layer,9
5,19,0.439762,636293,3,[128/k3→1024/k1→128/k1],0.392702,0.416767,false,remove_layer,11
5,20,0.439462,491525,3,[128/k3→128/k1→768/k1],0.436775,0.416767,false,remove_layer,42
5,21,0.428433,739333,4,[128/k3→1024/k1→128/k1→768/k1],0.295293,0.416767,false,weights,3
5,22,0.431290,755013,4,[512/k1→1024/k1→32/k1→768/k1],0.270464,0.416767,false,weights,26
5,23,0.434497,397957,4,[128/k1→64/k3→256/k3→512/k1],0.395837,0.416767,false,remove_layer,30
5,24,0.419986,1296133,3,[128/k3→1024/k1→768/k1],0.336823,0.416767,false,remove_layer,34
5,25,0.425695,1128197,5,[128/k1→512/k3→128/k1→256/k3→512/k1],0.334510,0.416767,false,resize_layer,63
5,26,0.422134,541189,4,[128/k3→256/k1→128/k1→768/k1],0.324220,0.416767,false,resize_layer,34
5,27,0.708985,726309,4,[512/k1→1024/k1→32/k1→32/k1],0.697336,0.416767,false,resize_layer,26
5,28,0.426122,739333,4,[128/k3→1024/k1→128/k1→768/k1],0.297810,0.416767,false,weights,32
5,29,0.427957,739333,4,[128/k3→1024/k1→128/k1→768/k1],0.292908,0.416767,false,weights,34
5,30,0.416767,1296133,3,[128/k3→1024/k1→768/k1],0.341379,0.416767,false,remove_layer,7
5,31,0.431172,739333,4,[128/k3→1024/k1→128/k1→768/k1],0.294059,0.416767,false,weights,24
5,32,0.432315,3115333,5,[512/k1→512/k3→1024/k1→32/k1→768/k1],0.289883,0.416767,false,add_layer,59
5,33,0.453173,658189,6,[322/k1→128/k1→64/k3→128/k1→256/k3→512/k1],0.434862,0.416767,false,add_layer,63
5,34,0.429997,739333,4,[128/k3→1024/k1→128/k1→768/k1],0.294645,0.416767,false,weights,3
5,35,0.428563,570501,6,[128/k1→64/k3→128/k1→128/k1→256/k3→512/k1],0.365842,0.416767,false,add_layer,46
5,36,0.429307,739333,4,[128/k3→1024/k1→128/k1→768/k1],0.288299,0.416767,false,weights,11
5,37,0.428492,739333,4,[128/k3→1024/k1→128/k1→768/k1],0.290708,0.416767,false,weights,44
5,38,0.426488,553861,5,[128/k1→64/k3→128/k1→256/k3→512/k1],0.342749,0.416767,false,weights,63
5,39,0.431547,755013,4,[512/k1→1024/k1→32/k1→768/k1],0.273137,0.416767,false,weights,59
5,40,0.428416,553861,5,[128/k1→64/k3→128/k1→256/k3→512/k1],0.346382,0.416767,false,weights,30
5,41,0.427804,739333,4,[128/k3→1024/k1→128/k1→768/k1],0.301198,0.416767,false,weights,11
5,42,0.428008,739333,4,[128/k3→1024/k1→128/k1→768/k1],0.288116,0.416767,false,weights,44
5,43,0.429451,553861,5,[128/k1→64/k3→128/k1→256/k3→512/k1],0.344909,0.416767,false,weights,9
5,44,0.427455,2246149,4,[512/k3→1024/k1→128/k1→768/k1],0.295504,0.416767,false,resize_layer,34
5,45,0.431788,755013,4,[512/k1→1024/k1→32/k1→768/k1],0.276403,0.416767,false,weights,59
5,46,0.430368,755013,4,[512/k1→1024/k1→32/k1→768/k1],0.270488,0.416767,false,weights,26
5,47,0.426267,739333,4,[128/k3→1024/k1→128/k1→768/k1],0.295093,0.416767,false,weights,34
5,48,0.430652,755013,4,[512/k1→1024/k1→32/k1→768/k1],0.277595,0.416767,false,weights,33
5,49,0.426998,739333,4,[128/k3→1024/k1→128/k1→768/k1],0.291524,0.416767,false,weights,0
5,50,0.435569,491525,3,[128/k3→128/k1→768/k1],0.432683,0.416767,false,remove_layer,0
5,51,0.429741,553861,5,[128/k1→64/k3→128/k1→256/k3→512/k1],0.352791,0.416767,false,weights,9
5,52,0.428862,755013,4,[512/k1→1024/k1→32/k1→768/k1],0.278443,0.416767,false,weights,33
5,53,0.494729,388485,2,[128/k3→128/k1],0.451215,0.416767,false,remove_layer,5
5,54,0.427399,739333,4,[128/k3→1024/k1→128/k1→768/k1],0.291212,0.416767,false,weights,54
5,55,0.426601,968965,4,[128/k3→1024/k1→256/k1→768/k1],0.288859,0.416767,false,resize_layer,6
5,56,0.431114,553861,5,[128/k1→64/k3→128/k1→256/k3→512/k1],0.346657,0.416767,false,weights,30
5,57,0.431435,755013,4,[512/k1→1024/k1→32/k1→768/k1],0.277255,0.416767,false,weights,59
5,58,0.429875,739333,4,[128/k3→1024/k1→128/k1→768/k1],0.292969,0.416767,false,weights,6
5,59,0.419676,1296133,3,[128/k3→1024/k1→768/k1],0.337071,0.416767,false,remove_layer,54
5,60,0.429910,739333,4,[128/k3→1024/k1→128/k1→768/k1],0.293002,0.416767,false,weights,3
5,61,0.432416,887045,5,[128/k3→1024/k1→128/k1→128/k3→768/k1],0.307563,0.416767,false,add_layer,32
5,62,0.428864,739333,4,[128/k3→1024/k1→128/k1→768/k1],0.291504,0.416767,false,weights,42
5,63,0.426452,553861,5,[128/k1→64/k3→128/k1→256/k3→512/k1],0.346043,0.416767,false,weights,30
6,0,0.425131,1296133,3,[128/k3→1024/k1→768/k1],0.282698,0.415908,true,champion,30
6,1,0.429862,739333,4,[128/k3→1024/k1→128/k1→768/k1],0.271051,0.415908,false,weights,54
6,2,0.427674,541189,4,[128/k3→256/k1→128/k1→768/k1],0.292839,0.415908,false,weights,26
6,3,0.425493,1296133,3,[128/k3→1024/k1→768/k1],0.288211,0.415908,false,weights,24
6,4,0.425936,2262789,5,[512/k3→1024/k1→128/k1→128/k1→768/k1],0.286242,0.415908,false,add_layer,44
6,5,0.426554,553861,5,[128/k1→64/k3→128/k1→256/k3→512/k1],0.322865,0.415908,false,weights,1
6,6,0.435081,553861,5,[128/k1→64/k3→128/k1→256/k3→512/k1],0.383804,0.415908,false,remove_layer,35
6,7,0.439781,2677381,5,[128/k1→64/k3→1024/k1→256/k3→512/k1],0.322032,0.415908,false,resize_layer,40
6,8,0.427184,1296133,3,[128/k3→1024/k1→768/k1],0.280799,0.415908,false,weights,59
6,9,0.427876,968965,4,[128/k3→1024/k1→256/k1→768/k1],0.278430,0.415908,false,weights,55
6,10,0.429491,673285,4,[128/k3→768/k1→128/k1→768/k1],0.290073,0.415908,false,resize_layer,26
6,11,0.525030,566789,3,[1024/k1→128/k1→768/k1],0.523558,0.415908,false,remove_layer,37
6,12,0.425421,1296133,3,[128/k3→1024/k1→768/k1],0.282160,0.415908,false,weights,0
6,13,0.431657,968965,4,[128/k3→1024/k1→256/k1→768/k1],0.267752,0.415908,false,weights,55
6,14,0.428271,6606085,4,[128/k3→1024/k1→768/k1→768/k3],0.305196,0.415908,false,add_layer,59
6,15,0.433297,968965,4,[128/k3→1024/k1→256/k1→768/k1],0.263813,0.415908,false,weights,55
6,16,0.430765,1296133,3,[128/k3→1024/k1→768/k1],0.266193,0.415908,false,weights,0
6,17,0.433871,739333,4,[128/k3→1024/k1→128/k1→768/k1],0.285357,0.415908,false,weights,21
6,18,0.431307,6606085,4,[128/k3→1024/k1→768/k1→768/k3],0.314546,0.415908,false,add_layer,30
6,19,0.433808,739333,4,[128/k3→1024/k1→128/k1→768/k1],0.270979,0.415908,false,weights,29
6,20,0.430266,553861,5,[128/k1→64/k3→128/k1→256/k3→512/k1],0.328631,0.415908,false,weights,1
6,21,0.431606,570501,6,[128/k1→64/k3→128/k1→128/k1→256/k3→512/k1],0.346551,0.415908,false,add_layer,63
6,22,0.428843,1296133,3,[128/k3→1024/k1→768/k1],0.270149,0.415908,false,weights,5
6,23,0.671622,441829,4,[128/k3→256/k1→128/k1→32/k1],0.688876,0.415908,false,resize_layer,26
6,24,0.428781,2346757,4,[128/k3→1024/k1→1024/k1→768/k1],0.266877,0.415908,false,resize_layer,37
6,25,0.448200,6278917,5,[128/k3→1024/k1→256/k1→768/k1→768/k3],0.310748,0.415908,false,add_layer,55
6,26,0.460025,488197,4,[128/k1→128/k1→256/k3→512/k1],0.471877,0.415908,false,remove_layer,63
6,27,0.431881,968965,4,[128/k3→1024/k1→256/k1→768/k1],0.271223,0.415908,false,weights,55
6,28,0.469447,488197,4,[128/k1→128/k1→256/k3→512/k1],0.485439,0.415908,false,remove_layer,25
6,29,0.427550,553861,5,[128/k1→64/k3→128/k1→256/k3→512/k1],0.325278,0.415908,false,weights,16
6,30,0.428566,968965,4,[128/k3→1024/k1→256/k1→768/k1],0.272179,0.415908,false,weights,55
6,31,0.451204,1400461,4,[322/k1→128/k3→1024/k1→768/k1],0.377938,0.415908,false,add_layer,0
6,32,0.427843,553861,5,[128/k1→64/k3→128/k1→256/k3→512/k1],0.326335,0.415908,false,weights,63
6,33,0.426157,553861,5,[128/k1→64/k3→128/k1→256/k3→512/k1],0.323031,0.415908,false,weights,16
6,34,0.432774,739333,4,[128/k3→1024/k1→128/k1→768/k1],0.290279,0.415908,false,weights,42
6,35,0.434445,739333,4,[128/k3→1024/k1→128/k1→768/k1],0.280267,0.415908,false,weights,21
6,36,0.433195,739333,4,[128/k3→1024/k1→128/k1→768/k1],0.281991,0.415908,false,weights,41
6,37,0.428798,755973,5,[128/k3→128/k1→1024/k1→128/k1→768/k1],0.324650,0.415908,false,add_layer,29
6,38,0.431858,739333,4,[128/k3→1024/k1→128/k1→768/k1],0.270943,0.415908,false,weights,54
6,39,0.426323,1296133,3,[128/k3→1024/k1→768/k1],0.272313,0.415908,false,weights,5
6,40,0.425952,541189,4,[128/k3→256/k1→128/k1→768/k1],0.303421,0.415908,false,weights,26
6,41,0.430647,567109,4,[128/k3→1024/k1→32/k1→768/k1],0.322429,0.415908,false,resize_layer,55
6,42,0.427862,739333,4,[128/k3→1024/k1→128/k1→768/k1],0.284822,0.415908,false,weights,47
6,43,0.429379,739333,4,[128/k3→1024/k1→128/k1→768/k1],0.278973,0.415908,false,weights,47
6,44,0.432526,739333,4,[128/k3→1024/k1→128/k1→768/k1],0.272638,0.415908,false,weights,29
6,45,0.436381,491653,4,[128/k3→64/k1→128/k1→768/k1],0.349422,0.415908,false,resize_layer,42
6,46,0.438135,6049285,5,[128/k3→1024/k1→128/k1→768/k1→768/k3],0.329875,0.415908,false,add_layer,37
6,47,0.429319,739333,4,[128/k3→1024/k1→128/k1→768/k1],0.277698,0.415908,false,weights,42
6,48,0.427239,1296133,3,[128/k3→1024/k1→768/k1],0.281740,0.415908,false,weights,24
6,49,0.428755,739333,4,[128/k3→1024/k1→128/k1→768/k1],0.270827,0.415908,false,weights,42
6,50,0.428492,739333,4,[128/k3→1024/k1→128/k1→768/k1],0.275880,0.415908,false,weights,42
6,51,0.431416,452869,5,[128/k1→64/k3→128/k1→256/k3→128/k1],0.346866,0.415908,false,resize_layer,16
6,52,0.527943,644293,4,[128/k3→1024/k1→128/k1→64/k1],0.469189,0.415908,false,resize_layer,21
6,53,0.431612,739333,4,[128/k3→1024/k1→128/k1→768/k1],0.273604,0.415908,false,weights,37
6,54,0.426786,553861,5,[128/k1→64/k3→128/k1→256/k3→512/k1],0.324171,0.415908,false,weights,1
6,55,0.429970,553861,5,[128/k1→64/k3→128/k1→256/k3→512/k1],0.322116,0.415908,false,weights,16
6,56,0.427697,1296133,3,[128/k3→1024/k1→768/k1],0.272542,0.415908,false,weights,0
6,57,0.428534,644997,6,[128/k1→64/k3→512/k1→128/k1→256/k3→512/k1],0.334748,0.415908,false,resize_layer,35
6,58,0.415950,509445,2,[128/k3→1024/k1],0.356951,0.415908,false,remove_layer,0
6,59,0.430173,739333,4,[128/k3→1024/k1→128/k1→768/k1],0.271479,0.415908,false,weights,29
6,60,0.427672,1296133,3,[128/k3→1024/k1→768/k1],0.271900,0.415908,false,weights,5
6,61,0.428827,1296133,3,[128/k3→1024/k1→768/k1],0.271084,0.415908,false,weights,5
6,62,0.428075,553861,5,[128/k1→64/k3→128/k1→256/k3→512/k1],0.328865,0.415908,false,weights,40
6,63,0.415908,606469,3,[128/k3→256/k1→768/k1],0.363821,0.415908,false,remove_layer,26
7,0,0.422220,606469,3,[128/k3→256/k1→768/k1],0.295709,0.415410,true,champion,63
7,1,0.453758,438149,3,[128/k3→256/k1→128/k1],0.414150,0.415410,false,remove_layer,40
7,2,0.433161,1296133,3,[128/k3→1024/k1→768/k1],0.256573,0.415410,false,weights,56
7,3,0.431042,541189,4,[128/k3→256/k1→128/k1→768/k1],0.278801,0.415410,false,weights,2
7,4,0.431476,1296133,3,[128/k3→1024/k1→768/k1],0.252948,0.415410,false,weights,56
7,5,0.427802,739333,4,[128/k3→1024/k1→128/k1→768/k1],0.265467,0.415410,false,weights,42
7,6,0.429026,541189,4,[128/k3→256/k1→128/k1→768/k1],0.280284,0.415410,false,weights,2
7,7,0.435401,6606085,4,[128/k3→1024/k1→768/k1→768/k3],0.257556,0.415410,false,weights,14
7,8,0.429599,1296133,3,[128/k3→1024/k1→768/k1],0.260536,0.415410,false,weights,12
7,9,0.428807,644997,6,[128/k1→64/k3→512/k1→128/k1→256/k3→512/k1],0.316312,0.415410,false,weights,57
7,10,0.419078,509445,2,[128/k3→1024/k1],0.302464,0.415410,false,weights,58
7,11,0.431648,541189,4,[128/k3→256/k1→128/k1→768/k1],0.283236,0.415410,false,weights,40
7,12,0.429570,1296133,3,[128/k3→1024/k1→768/k1],0.266959,0.415410,false,weights,48
7,13,0.416637,509445,2,[128/k3→1024/k1],0.341413,0.415410,false,remove_layer,39
7,14,0.437423,6622725,5,[128/k3→128/k1→1024/k1→768/k1→768/k3],0.306015,0.415410,false,add_layer,14
7,15,0.427727,1296133,3,[128/k3→1024/k1→768/k1],0.256146,0.415410,false,weights,48
7,16,0.428839,635909,5,[128/k1→128/k3→128/k1→256/k3→512/k1],0.308788,0.415410,false,resize_layer,32
7,17,0.434053,968965,4,[128/k3→1024/k1→256/k1→768/k1],0.264767,0.415410,false,weights,9
7,18,0.419136,509445,2,[128/k3→1024/k1],0.306465,0.415410,false,weights,58
7,19,0.431319,541189,4,[128/k3→256/k1→128/k1→768/k1],0.281423,0.415410,false,weights,2
7,20,0.435664,1296133,3,[128/k3→1024/k1→768/k1],0.253537,0.415410,false,weights,56
7,21,0.428051,553861,5,[128/k1→64/k3→128/k1→256/k3→512/k1],0.310214,0.415410,false,weights,54
7,22,0.435850,284037,5,[128/k1→64/k3→512/k1→128/k1→512/k1],0.369826,0.415410,false,remove_layer,57
7,23,0.430619,553861,5,[128/k1→64/k3→128/k1→256/k3→512/k1],0.309448,0.415410,false,weights,54
7,24,0.432731,1131525,5,[128/k3→256/k1→256/k3→128/k1→768/k1],0.283521,0.415410,false,add_layer,2
7,25,0.423796,606469,3,[128/k3→256/k1→768/k1],0.291193,0.415410,false,weights,63
7,26,0.427421,553861,5,[128/k1→64/k3→128/k1→256/k3→512/k1],0.307542,0.415410,false,weights,29
7,27,0.431637,511621,5,[128/k1→64/k3→512/k1→128/k1→256/k3],0.346641,0.415410,false,remove_layer,57
7,28,0.420480,606469,3,[128/k3→256/k1→768/k1],0.293056,0.415410,false,weights,63
7,29,0.429266,420485,4,[128/k1→64/k3→128/k1→256/k3],0.350329,0.415410,false,remove_layer,62
7,30,0.434739,739333,4,[128/k3→1024/k1→128/k1→768/k1],0.264560,0.415410,false,weights,42
7,31,0.429837,541189,4,[128/k3→256/k1→128/k1→768/k1],0.282928,0.415410,false,weights,2
7,32,0.425023,768261,3,[128/k3→1024/k1→256/k1],0.294280,0.415410,false,remove_layer,9
7,33,0.510543,1123589,2,[1024/k1→768/k1],0.488191,0.415410,false,remove_layer,3
7,34,0.415410,509445,2,[128/k3→1024/k1],0.307030,0.415410,false,weights,58
7,35,0.433422,541189,4,[128/k3→256/k1→128/k1→768/k1],0.284130,0.415410,false,weights,40
7,36,0.431852,1296133,3,[128/k3→1024/k1→768/k1],0.254737,0.415410,false,weights,3
7,37,0.420674,474885,2,[128/k3→768/k1],0.386442,0.415410,false,remove_layer,56
7,38,0.427978,711045,7,[128/k1→64/k3→512/k1→128/k1→256/k3→256/k1→512/k1],0.321473,0.415410,false,add_layer,57
7,39,0.431162,1296133,3,[128/k3→1024/k1→768/k1],0.258817,0.415410,false,weights,56
7,40,0.434278,6606085,4,[128/k3→1024/k1→768/k1→768/k3],0.258320,0.415410,false,weights,14
7,41,0.430662,2262789,5,[512/k3→1024/k1→128/k1→128/k1→768/k1],0.264019,0.415410,false,weights,4
7,42,0.432625,553861,5,[128/k1→64/k3→128/k1→256/k3→512/k1],0.311111,0.415410,false,weights,32
7,43,0.429571,3005317,7,[128/k1→64/k3→512/k1→128/k1→256/k3→512/k1→512/k3],0.339140,0.415410,false,add_layer,57
7,44,0.434450,968965,4,[128/k3→1024/k1→256/k1→768/k1],0.262424,0.415410,false,weights,9
7,45,0.429582,1296133,3,[128/k3→1024/k1→768/k1],0.255362,0.415410,false,weights,39
7,46,0.463295,488197,4,[128/k1→128/k1→256/k3→512/k1],0.474644,0.415410,false,remove_layer,5
7,47,0.437805,10178565,5,[128/k3→1024/k1→1024/k3→128/k1→768/k1],0.274002,0.415410,false,add_layer,50
7,48,0.431090,1296133,3,[128/k3→1024/k1→768/k1],0.265231,0.415410,false,weights,8
7,49,0.429113,644997,6,[128/k1→64/k3→512/k1→128/k1→256/k3→512/k1],0.319807,0.415410,false,weights,57
7,50,0.434704,6606085,4,[128/k3→1024/k1→768/k1→768/k3],0.256097,0.415410,false,weights,14
7,51,0.509413,1123589,2,[1024/k1→768/k1],0.485667,0.415410,false,remove_layer,48
7,52,0.428060,553861,5,[128/k1→64/k3→128/k1→256/k3→512/k1],0.307530,0.415410,false,weights,5
7,53,0.428850,1296133,3,[128/k3→1024/k1→768/k1],0.262319,0.415410,false,weights,0
7,54,0.433676,1312773,4,[128/k3→128/k1→1024/k1→768/k1],0.302345,0.415410,false,add_layer,39
7,55,0.429855,553861,5,[128/k1→64/k3→128/k1→256/k3→512/k1],0.313127,0.415410,false,weights,32
7,56,0.431381,1296133,3,[128/k3→1024/k1→768/k1],0.259867,0.415410,false,weights,39
7,57,0.432710,739333,4,[128/k3→1024/k1→128/k1→768/k1],0.259629,0.415410,false,weights,42
7,58,0.433405,1296133,3,[128/k3→1024/k1→768/k1],0.250000,0.415410,false,weights,56
7,59,0.432103,1296133,3,[128/k3→1024/k1→768/k1],0.259519,0.415410,false,weights,12
7,60,0.433380,1312773,4,[128/k3→128/k1→1024/k1→768/k1],0.307433,0.415410,false,add_layer,12
7,61,0.429711,1128197,5,[128/k1→512/k3→128/k1→256/k3→512/k1],0.308014,0.415410,false,resize_layer,32
7,62,0.429059,980357,5,[128/k1→64/k3→128/k1→512/k3→512/k1],0.311523,0.415410,false,resize_layer,62
7,63,0.430033,553861,5,[128/k1→64/k3→128/k1→256/k3→512/k1],0.310397,0.415410,false,weights,62
8,0,0.421382,509445,2,[128/k3→1024/k1],0.282753,0.413357,true,champion,34
8,1,0.432464,1296133,3,[128/k3→1024/k1→768/k1],0.239671,0.413357,false,weights,15
8,2,0.444184,613773,3,[322/k1→128/k3→1024/k1],0.374628,0.413357,false,add_layer,10
8,3,0.419368,474885,2,[128/k3→768/k1],0.310934,0.413357,false,weights,37
8,4,0.413357,405765,2,[128/k3→256/k1],0.331491,0.413357,false,resize_layer,13
8,5,0.686210,375525,2,[128/k3→32/k1],0.708014,0.413357,false,resize_layer,37
8,6,0.423360,509445,2,[128/k3→1024/k1],0.281378,0.413357,false,weights,34
8,7,0.432903,1296133,3,[128/k3→1024/k1→768/k1],0.247101,0.413357,false,weights,15
8,8,0.434693,1296133,3,[128/k3→1024/k1→768/k1],0.250880,0.413357,false,weights,53
8,9,0.416503,474885,2,[128/k3→768/k1],0.382399,0.413357,false,remove_layer,28
8,10,0.431276,768261,3,[128/k3→1024/k1→256/k1],0.248397,0.413357,false,weights,32
8,11,0.420267,5784837,3,[128/k3→768/k1→768/k3],0.347138,0.413357,false,add_layer,37
8,12,0.434132,1296133,3,[128/k3→1024/k1→768/k1],0.245743,0.413357,false,weights,12
8,13,0.427152,553861,5,[128/k1→64/k3→128/k1→256/k3→512/k1],0.290810,0.413357,false,weights,26
8,14,0.420456,5784837,3,[128/k3→768/k1→768/k3],0.346013,0.413357,false,add_layer,37
8,15,0.430066,553861,5,[128/k1→64/k3→128/k1→256/k3→512/k1],0.293182,0.413357,false,weights,21
8,16,0.424130,420485,4,[128/k1→64/k3→128/k1→256/k3],0.312722,0.413357,false,weights,29
8,17,0.432271,644997,6,[128/k1→64/k3→512/k1→128/k1→256/k3→512/k1],0.296221,0.413357,false,weights,9
8,18,0.430127,768261,3,[128/k3→1024/k1→256/k1],0.254359,0.413357,false,weights,32
8,19,0.424492,570629,3,[128/k3→512/k1→256/k1],0.263864,0.413357,false,resize_layer,32
8,20,0.429308,3005317,7,[128/k1→64/k3→512/k1→128/k1→256/k3→512/k1→512/k3],0.311642,0.413357,false,weights,43
8,21,0.457725,843661,5,[322/k1→128/k3→1024/k1→128/k1→768/k1],0.376507,0.413357,false,add_layer,5
8,22,0.430907,553861,5,[128/k1→64/k3→128/k1→256/k3→512/k1],0.292255,0.413357,false,weights,52
8,23,0.432368,2816773,5,[128/k1→128/k3→1024/k1→256/k3→512/k1],0.293094,0.413357,false,resize_layer,16
8,24,0.428565,657157,3,[128/k3→128/k3→1024/k1],0.305577,0.413357,false,add_layer,18
8,25,0.427009,980357,5,[128/k1→64/k3→128/k1→512/k3→512/k1],0.299677,0.413357,false,weights,62
8,26,0.429976,644997,6,[128/k1→64/k3→512/k1→128/k1→256/k3→512/k1],0.304099,0.413357,false,weights,9
8,27,0.430729,980357,5,[128/k1→64/k3→128/k1→512/k3→512/k1],0.299953,0.413357,false,weights,62
8,28,0.432829,511621,5,[128/k1→64/k3→512/k1→128/k1→256/k3],0.338284,0.413357,false,remove_layer,9
8,29,0.425652,405765,2,[128/k3→256/k1],0.386501,0.413357,false,remove_layer,0
8,30,0.551575,1050629,4,[64/k3→128/k1→512/k3→512/k1],0.584248,0.413357,false,remove_layer,62
8,31,0.429292,635909,5,[128/k1→128/k3→128/k1→256/k3→512/k1],0.289839,0.413357,false,weights,16
8,32,0.426674,132741,2,[32/k3→1024/k1],0.401218,0.413357,false,resize_layer,10
8,33,0.426808,3807493,3,[768/k3→1024/k1→768/k1],0.255085,0.413357,false,resize_layer,53
8,34,0.431188,1296133,3,[128/k3→1024/k1→768/k1],0.243530,0.413357,false,weights,53
8,35,0.429800,635909,5,[128/k1→128/k3→128/k1→256/k3→512/k1],0.294009,0.413357,false,weights,16
8,36,0.436373,1296133,3,[128/k3→1024/k1→768/k1],0.243252,0.413357,false,weights,12
8,37,0.428674,635909,5,[128/k1→128/k3→128/k1→256/k3→512/k1],0.290435,0.413357,false,weights,16
8,38,0.423498,606469,3,[128/k3→256/k1→768/k1],0.269266,0.413357,false,weights,28
8,39,0.420768,509445,2,[128/k3→1024/k1],0.292283,0.413357,false,weights,13
8,40,0.435926,701573,6,[128/k1→64/k3→128/k1→128/k3→256/k3→512/k1],0.308053,0.413357,false,add_layer,26
8,41,0.425666,1560069,3,[128/k3→1024/k1→1024/k1],0.291861,0.413357,false,add_layer,34
8,42,0.420068,509445,2,[128/k3→1024/k1],0.289391,0.413357,false,weights,13
8,43,0.427473,2802949,3,[512/k3→1024/k1→768/k1],0.250584,0.413357,false,resize_layer,53
8,44,0.418915,509445,2,[128/k3→1024/k1],0.287044,0.413357,false,weights,13
8,45,0.427104,405765,2,[128/k3→256/k1],0.389287,0.413357,false,remove_layer,28
8,46,0.429857,595333,6,[128/k1→64/k3→256/k1→128/k1→256/k3→512/k1],0.305295,0.413357,false,resize_layer,49
8,47,0.437879,192901,4,[128/k1→64/k3→128/k1→512/k1],0.367824,0.413357,false,remove_layer,52
8,48,0.431711,711045,7,[128/k1→64/k3→512/k1→128/k1→256/k3→256/k1→512/k1],0.310615,0.413357,false,weights,38
8,49,0.431312,1296133,3,[128/k3→1024/k1→768/k1],0.247640,0.413357,false,weights,53
8,50,0.423009,509445,2,[128/k3→1024/k1],0.282828,0.413357,false,weights,18
8,51,0.432902,635909,5,[128/k1→128/k3→128/k1→256/k3→512/k1],0.298700,0.413357,false,weights,16
8,52,0.499319,371845,1,[128/k3],0.498663,0.413357,false,remove_layer,34
8,53,0.430286,1144197,6,[128/k1→64/k3→128/k1→256/k3→256/k3→512/k1],0.308818,0.413357,false,add_layer,52
8,54,0.433150,1296133,3,[128/k3→1024/k1→768/k1],0.242474,0.413357,false,weights,53
8,55,0.425156,553861,5,[128/k1→64/k3→128/k1→256/k3→512/k1],0.298906,0.413357,false,weights,52
8,56,0.548621,3075589,6,[64/k3→512/k1→128/k1→256/k3→512/k1→512/k3],0.577300,0.413357,false,remove_layer,43
8,57,0.427167,420485,4,[128/k1→64/k3→128/k1→256/k3],0.319240,0.413357,false,weights,29
8,58,0.420545,509445,2,[128/k3→1024/k1],0.278800,0.413357,false,weights,34
8,59,0.429987,980357,5,[128/k1→64/k3→128/k1→512/k3→512/k1],0.298250,0.413357,false,weights,62
8,60,0.512840,1123589,2,[1024/k1→768/k1],0.495014,0.413357,false,remove_layer,12
8,61,0.431072,3005317,7,[128/k1→64/k3→512/k1→128/k1→256/k3→512/k1→512/k3],0.305821,0.413357,false,weights,43
8,62,0.431341,1296133,3,[128/k3→1024/k1→768/k1],0.247413,0.413357,false,weights,53
8,63,0.418349,509445,2,[128/k3→1024/k1],0.296169,0.413357,false,weights,13
9,0,0.416046,405765,2,[128/k3→256/k1],0.293400,0.412874,true,champion,4
9,1,0.417807,474885,2,[128/k3→768/k1],0.310831,0.412874,false,remove_layer,14
9,2,0.430422,1560069,3,[128/k3→1024/k1→1024/k1],0.262781,0.412874,false,weights,41
9,3,0.465238,914693,4,[128/k1→128/k1→512/k3→512/k1],0.470941,0.412874,false,remove_layer,25
9,4,0.492350,336901,1,[1024/k1],0.462514,0.412874,false,remove_layer,39
9,5,0.427041,606469,3,[128/k3→256/k1→768/k1],0.261912,0.412874,false,weights,38
9,6,0.500354,1387525,2,[1024/k1→1024/k1],0.460443,0.412874,false,remove_layer,41
9,7,0.424122,4398853,4,[768/k3→1024/k1→768/k1→768/k1],0.239834,0.412874,false,add_layer,33
9,8,0.422690,440325,2,[128/k3→512/k1],0.278853,0.412874,false,resize_layer,50
9,9,0.422505,526085,3,[128/k3→128/k1→1024/k1],0.310811,0.412874,false,add_layer,0
9,10,0.423095,509445,2,[128/k3→1024/k1],0.275845,0.412874,false,weights,39
9,11,0.427050,570629,3,[128/k3→512/k1→256/k1],0.248622,0.412874,false,weights,19
9,12,0.415457,405765,2,[128/k3→256/k1],0.302486,0.412874,false,weights,45
9,13,0.417266,474885,2,[128/k3→768/k1],0.310230,0.412874,false,weights,9
9,14,0.415779,405765,2,[128/k3→256/k1],0.303067,0.412874,false,weights,29
9,15,0.423976,509445,2,[128/k3→1024/k1],0.266952,0.412874,false,weights,58
9,16,0.541045,490757,3,[64/k3→128/k1→256/k3],0.573868,0.412874,false,remove_layer,16
9,17,0.436384,510093,3,[322/k1→128/k3→256/k1],0.393693,0.412874,false,add_layer,29
9,18,0.422412,509445,2,[128/k3→1024/k1],0.272526,0.412874,false,weights,58
9,19,0.507981,252677,1,[768/k1],0.496855,0.412874,false,remove_layer,9
9,20,0.437735,1707781,4,[128/k3→128/k3→1024/k1→1024/k1],0.286208,0.412874,false,add_layer,41
9,21,0.423619,1261317,2,[128/k3→768/k3],0.378870,0.412874,false,remove_layer,11
9,22,0.414311,258309,2,[64/k3→1024/k1],0.328196,0.412874,false,resize_layer,39
9,23,0.422189,9071365,3,[1024/k3→768/k1→768/k3],0.288959,0.412874,false,resize_layer,11
9,24,0.429656,836357,3,[128/k3→512/k1→768/k1],0.250468,0.412874,false,resize_layer,19
9,25,0.415657,405765,2,[128/k3→256/k1],0.306681,0.412874,false,weights,45
9,26,0.416442,405765,2,[128/k3→256/k1],0.300655,0.412874,false,weights,29
9,27,0.423491,420485,4,[128/k1→64/k3→128/k1→256/k3],0.296257,0.412874,false,weights,16
9,28,0.426700,509445,2,[128/k3→1024/k1],0.271848,0.412874,false,weights,58
9,29,0.424457,420485,4,[128/k1→64/k3→128/k1→256/k3],0.291096,0.412874,false,weights,16
9,30,0.433979,405765,2,[128/k3→256/k1],0.410605,0.412874,false,remove_layer,19
9,31,0.434231,5784837,3,[128/k3→768/k1→768/k3],0.276913,0.412874,false,weights,11
9,32,0.426316,509445,2,[128/k3→1024/k1],0.265686,0.412874,false,remove_layer,41
9,33,0.422825,474885,2,[128/k3→768/k1],0.289023,0.412874,false,weights,3
9,34,0.431662,1560069,3,[128/k3→1024/k1→1024/k1],0.258143,0.412874,false,weights,41
9,35,0.422268,474885,2,[128/k3→768/k1],0.285228,0.412874,false,weights,3
9,36,0.464055,509445,2,[128/k3→1024/k1],0.351317,0.412874,false,remove_layer,41
9,37,0.424472,996101,3,[128/k3→256/k1→256/k3],0.289332,0.412874,false,add_layer,29
9,38,0.505717,371845,1,[128/k3],0.502804,0.412874,false,remove_layer,58
9,39,0.434995,701573,6,[128/k1→64/k3→128/k1→128/k3→256/k3→512/k1],0.295693,0.412874,false,add_layer,13
9,40,0.424317,526085,3,[128/k3→128/k1→1024/k1],0.314578,0.412874,false,add_layer,42
9,41,0.422054,491525,3,[128/k3→128/k1→768/k1],0.328071,0.412874,false,add_layer,3
9,42,0.413664,2425605,2,[768/k3→256/k1],0.300514,0.412874,false,resize_layer,29
9,43,0.508415,252677,1,[768/k1],0.496595,0.412874,false,remove_layer,9
9,44,0.428166,980357,5,[128/k1→64/k3→128/k1→512/k3→512/k1],0.283624,0.412874,false,weights,25
9,45,0.504819,252677,1,[768/k1],0.493872,0.412874,false,remove_layer,3
9,46,0.443187,613773,3,[322/k1→128/k3→1024/k1],0.376845,0.412874,false,add_layer,63
9,47,0.428204,553861,5,[128/k1→64/k3→128/k1→256/k3→512/k1],0.282011,0.412874,false,weights,55
9,48,0.429072,9117445,4,[768/k3→1024/k1→768/k1→768/k3],0.277452,0.412874,false,add_layer,33
9,49,0.416607,405765,2,[128/k3→256/k1],0.289966,0.412874,false,weights,4
9,50,0.415174,405765,2,[128/k3→256/k1],0.302647,0.412874,false,weights,4
9,51,0.412874,2425605,2,[768/k3→256/k1],0.298294,0.412874,false,resize_layer,29
9,52,0.436759,510093,3,[322/k1→128/k3→256/k1],0.385607,0.412874,false,add_layer,45
9,53,0.420325,509445,2,[128/k3→1024/k1],0.265649,0.412874,false,weights,44
9,54,0.418875,132741,2,[32/k3→1024/k1],0.381927,0.412874,false,weights,32
9,55,0.497241,336901,1,[1024/k1],0.465629,0.412874,false,remove_layer,58
9,56,0.422933,440325,2,[128/k3→512/k1],0.277494,0.412874,false,resize_layer,50
9,57,0.429627,6254341,3,[256/k3→768/k1→768/k3],0.270540,0.412874,false,resize_layer,14
9,58,0.548205,1050629,4,[64/k3→128/k1→512/k3→512/k1],0.580136,0.412874,false,remove_layer,25
9,59,0.704497,3048677,3,[768/k3→1024/k1→32/k1],0.689009,0.412874,false,resize_layer,33
9,60,0.423046,509445,2,[128/k3→1024/k1],0.272654,0.412874,false,weights,63
9,61,0.426929,570629,3,[128/k3→512/k1→256/k1],0.248183,0.412874,false,weights,19
9,62,0.423280,509445,2,[128/k3→1024/k1],0.286365,0.412874,false,weights,42
9,63,0.423386,3020805,2,[768/k3→1024/k1],0.304000,0.412874,false,remove_layer,33
10,0,0.416428,2425605,2,[768/k3→256/k1],0.272212,0.412874,true,champion,51
10,1,0.413630,203781,2,[64/k3→256/k1],0.335598,0.412874,false,resize_layer,50
10,2,0.416794,388485,2,[128/k3→128/k1],0.310924,0.412874,false,resize_layer,14
10,3,0.415358,2822405,2,[768/k3→768/k1],0.277977,0.412874,false,resize_layer,42
10,4,0.436319,673797,4,[128/k3→128/k3→128/k1→1024/k1],0.309566,0.412874,false,add_layer,9
10,5,0.415789,3233541,2,[1024/k3→256/k1],0.270408,0.412874,false,resize_layer,51
10,6,0.576557,95301,2,[32/k3→64/k1],0.587884,0.412874,false,resize_layer,54
10,7,0.425731,526085,3,[128/k3→128/k1→1024/k1],0.295976,0.412874,false,weights,9
10,8,0.434818,9571973,3,[32/k3→1024/k1→1024/k3],0.420813,0.412874,false,add_layer,54
10,9,0.480422,336901,1,[1024/k1],0.447194,0.412874,false,remove_layer,54
10,10,0.437449,9948677,3,[128/k3→1024/k1→1024/k3],0.339272,0.412874,false,add_layer,60
10,11,0.418341,2425605,2,[768/k3→256/k1],0.269361,0.412874,false,weights,42
10,12,0.418043,258309,2,[64/k3→1024/k1],0.315535,0.412874,false,weights,22
10,13,0.425794,440325,2,[128/k3→512/k1],0.259144,0.412874,false,weights,8
10,14,0.419380,7735557,3,[768/k3→768/k3→256/k1],0.274788,0.412874,false,add_layer,51
10,15,0.420658,405765,2,[128/k3→256/k1],0.278996,0.412874,false,weights,0
10,16,0.424470,509445,2,[128/k3→1024/k1],0.255941,0.412874,false,weights,53
10,17,0.419369,132741,2,[32/k3→1024/k1],0.368604,0.412874,false,weights,54
10,18,0.431003,1339565,3,[322/k3→128/k3→256/k1],0.381547,0.412874,false,add_layer,0
10,19,0.418715,405765,2,[128/k3→256/k1],0.283062,0.412874,false,weights,12
10,20,0.425073,553477,3,[128/k3→128/k3→256/k1],0.290931,0.412874,false,add_layer,12
10,21,0.418502,405765,2,[128/k3→256/k1],0.284601,0.412874,false,weights,50
10,22,0.428525,491525,3,[128/k3→128/k1→768/k1],0.304742,0.412874,false,weights,41
10,23,0.418073,405765,2,[128/k3→256/k1],0.277336,0.412874,false,weights,12
10,24,0.427001,509445,2,[128/k3→1024/k1],0.251337,0.412874,false,weights,18
10,25,0.415179,2425605,2,[768/k3→256/k1],0.274759,0.412874,false,weights,51
10,26,0.425175,440325,2,[128/k3→512/k1],0.263482,0.412874,false,weights,8
10,27,0.416142,132741,2,[32/k3→1024/k1],0.370284,0.412874,false,weights,54
10,28,0.420445,1308933,3,[64/k3→1024/k1→1024/k1],0.315725,0.412874,false,add_layer,22
10,29,0.427854,526085,3,[128/k3→128/k1→1024/k1],0.293152,0.412874,false,weights,9
10,30,0.419295,405765,2,[128/k3→256/k1],0.282869,0.412874,false,weights,25
10,31,0.429058,9071365,3,[1024/k3→768/k1→768/k3],0.255105,0.412874,false,weights,23
10,32,0.417847,405765,2,[128/k3→256/k1],0.281270,0.412874,false,weights,26
10,33,0.414348,258309,2,[64/k3→1024/k1],0.314340,0.412874,false,weights,22
10,34,0.426253,1560069,3,[128/k3→1024/k1→1024/k1],0.271405,0.412874,false,add_layer,10
10,35,0.427577,491525,3,[128/k3→128/k1→768/k1],0.304467,0.412874,false,weights,41
10,36,0.419317,132741,2,[32/k3→1024/k1],0.370281,0.412874,false,weights,54
10,37,0.414435,474885,2,[128/k3→768/k1],0.292148,0.412874,false,weights,13
10,38,0.426420,944389,2,[256/k3→768/k1],0.264684,0.412874,false,resize_layer,33
10,39,0.421080,1066245,3,[128/k3→768/k1→768/k1],0.297793,0.412874,false,add_layer,13
10,40,0.429270,9071365,3,[1024/k3→768/k1→768/k3],0.258504,0.412874,false,weights,23
10,41,0.418705,474885,2,[128/k3→768/k1],0.284813,0.412874,false,weights,13
10,42,0.436706,5784837,3,[128/k3→768/k1→768/k3],0.259805,0.412874,false,resize_layer,23
10,43,0.419552,132741,2,[32/k3→1024/k1],0.370178,0.412874,false,weights,54
10,44,0.422971,474885,2,[128/k3→768/k1],0.285946,0.412874,false,weights,1
10,45,0.426635,3239173,3,[1024/k3→128/k1→1024/k1],0.293461,0.412874,false,resize_layer,9
10,46,0.430177,509445,2,[128/k3→1024/k1],0.253383,0.412874,false,weights,18
10,47,0.428487,509445,2,[128/k3→1024/k1],0.261491,0.412874,false,weights,60
10,48,0.426791,509445,2,[128/k3→1024/k1],0.260671,0.412874,false,weights,60
10,49,0.432502,1443245,3,[322/k3→128/k3→1024/k1],0.365017,0.412874,false,add_layer,53
10,50,0.421357,405765,2,[128/k3→256/k1],0.269744,0.412874,false,weights,0
10,51,0.496890,336901,1,[1024/k1],0.465603,0.412874,false,remove_layer,53
10,52,0.460014,1066245,3,[128/k3→768/k1→768/k1],0.273339,0.412874,false,resize_layer,41
10,53,0.418483,132741,2,[32/k3→1024/k1],0.371450,0.412874,false,weights,54
10,54,0.427749,509445,2,[128/k3→1024/k1],0.254359,0.412874,false,weights,60
10,55,0.427478,1066245,3,[128/k3→768/k1→768/k1],0.288910,0.412874,false,add_layer,1
10,56,0.486711,371845,1,[128/k3],0.483269,0.412874,false,remove_layer,50
10,57,0.427885,1339565,3,[322/k3→128/k3→256/k1],0.378122,0.412874,false,add_layer,25
10,58,0.693084,375525,2,[128/k3→32/k1],0.705670,0.412874,false,resize_layer,13
10,59,0.417253,2425605,2,[768/k3→256/k1],0.269613,0.412874,false,weights,51
10,60,0.427927,509445,2,[128/k3→1024/k1],0.263850,0.412874,false,weights,10
10,61,0.426249,526085,3,[128/k3→128/k1→1024/k1],0.294592,0.412874,false,weights,9
10,62,0.471886,388485,2,[128/k3→128/k1],0.457528,0.412874,false,remove_layer,41
10,63,0.423109,509445,2,[128/k3→1024/k1],0.263500,0.412874,false,weights,60
11,0,0.412290,203781,2,[64/k3→256/k1],0.320157,0.412290,true,champion,1
11,1,0.413179,203781,2,[64/k3→256/k1],0.322257,0.412290,false,weights,1
11,2,0.422193,474885,2,[128/k3→768/k1],0.278767,0.412290,false,weights,37
11,3,0.423219,2822405,2,[768/k3→768/k1],0.247855,0.412290,false,weights,3
11,4,0.417170,132741,2,[32/k3→1024/k1],0.357938,0.412290,false,weights,27
11,5,0.423135,2425605,2,[768/k3→256/k1],0.242740,0.412290,false,weights,25
11,6,0.418068,405765,2,[128/k3→256/k1],0.270767,0.412290,false,weights,32
11,7,0.421759,132741,2,[32/k3→1024/k1],0.353332,0.412290,false,weights,43
11,8,0.419684,132741,2,[32/k3→1024/k1],0.358907,0.412290,false,weights,17
11,9,0.422158,1308933,3,[64/k3→1024/k1→1024/k1],0.293689,0.412290,false,weights,28
11,10,0.417887,3233541,2,[1024/k3→256/k1],0.259929,0.412290,false,weights,5
11,11,0.420379,132741,2,[32/k3→1024/k1],0.360060,0.412290,false,weights,53
11,12,0.418068,3233541,2,[1024/k3→256/k1],0.255387,0.412290,false,weights,5
11,13,0.420937,405765,2,[128/k3→256/k1],0.269693,0.412290,false,weights,23
11,14,0.418722,132741,2,[32/k3→1024/k1],0.359026,0.412290,false,weights,27
11,15,0.426986,1137581,3,[322/k3→64/k3→256/k1],0.387692,0.412290,false,add_layer,1
11,16,0.480922,336901,1,[1024/k1],0.451735,0.412290,false,remove_layer,43
11,17,0.422334,405765,2,[128/k3→256/k1],0.268948,0.412290,false,weights,30
11,18,0.421284,3233541,2,[1024/k3→256/k1],0.253707,0.412290,false,weights,5
11,19,0.416536,2425605,2,[768/k3→256/k1],0.261283,0.412290,false,weights,25
11,20,0.421850,440325,2,[128/k3→512/k1],0.269393,0.412290,false,resize_layer,41
11,21,0.427050,471813,3,[128/k3→256/k1→256/k1],0.277237,0.412290,false,add_layer,23
11,22,0.419139,258309,2,[64/k3→1024/k1],0.299180,0.412290,false,weights,12
11,23,0.431763,2974725,1,[1024/k3],0.396053,0.412290,false,remove_layer,5
11,24,0.418751,132741,2,[32/k3→1024/k1],0.360414,0.412290,false,weights,36
11,25,0.421122,405765,2,[128/k3→256/k1],0.269415,0.412290,false,weights,32
11,26,0.418945,3233541,2,[1024/k3→256/k1],0.252020,0.412290,false,weights,5
11,27,0.421457,405765,2,[128/k3→256/k1],0.264370,0.412290,false,weights,23
11,28,0.420101,405765,2,[128/k3→256/k1],0.260942,0.412290,false,weights,23
11,29,0.424732,471813,3,[128/k3→256/k1→256/k1],0.281272,0.412290,false,add_layer,19
11,30,0.420768,405765,2,[128/k3→256/k1],0.266598,0.412290,false,weights,19
11,31,0.422532,3233541,2,[1024/k3→256/k1],0.251440,0.412290,false,weights,5
11,32,0.487168,336901,1,[1024/k1],0.459217,0.412290,false,remove_layer,33
11,33,0.422874,405765,2,[128/k3→256/k1],0.265894,0.412290,false,weights,21
11,34,0.424168,405765,2,[128/k3→256/k1],0.267063,0.412290,false,weights,19
11,35,0.428313,7735557,3,[768/k3→768/k3→256/k1],0.232120,0.412290,false,weights,14
11,36,0.419036,132741,2,[32/k3→1024/k1],0.356328,0.412290,false,weights,53
11,37,0.527770,84229,1,[256/k1],0.530704,0.412290,false,remove_layer,1
11,38,0.425667,2425605,2,[768/k3→256/k1],0.242005,0.412290,false,weights,59
11,39,0.423495,2425605,2,[768/k3→256/k1],0.248848,0.412290,false,weights,59
11,40,0.553265,258309,2,[64/k3→1024/k1],0.382566,0.412290,false,remove_layer,28
11,41,0.422771,405765,2,[128/k3→256/k1],0.269383,0.412290,false,weights,19
11,42,0.472717,371845,1,[128/k3],0.468397,0.412290,false,remove_layer,2
11,43,0.546066,84229,1,[256/k1],0.557927,0.412290,false,remove_layer,19
11,44,0.423704,1308933,3,[64/k3→1024/k1→1024/k1],0.295330,0.412290,false,weights,28
11,45,0.422169,2425605,2,[768/k3→256/k1],0.250781,0.412290,false,weights,11
11,46,0.417873,2425605,2,[768/k3→256/k1],0.251617,0.412290,false,weights,0
11,47,0.419411,132741,2,[32/k3→1024/k1],0.363833,0.412290,false,weights,53
11,48,0.422269,474885,2,[128/k3→768/k1],0.278667,0.412290,false,weights,37
11,49,0.421294,2425605,2,[768/k3→256/k1],0.252431,0.412290,false,weights,0
11,50,0.422851,132741,2,[32/k3→1024/k1],0.360468,0.412290,false,weights,43
11,51,0.420019,132741,2,[32/k3→1024/k1],0.358866,0.412290,false,weights,17
11,52,0.482551,336901,1,[1024/k1],0.453268,0.412290,false,remove_layer,27
11,53,0.422303,405765,2,[128/k3→256/k1],0.268769,0.412290,false,weights,30
11,54,0.420875,405765,2,[128/k3→256/k1],0.265894,0.412290,false,weights,19
11,55,0.421516,2425605,2,[768/k3→256/k1],0.247939,0.412290,false,weights,59
11,56,0.414903,240133,2,[64/k3→768/k1],0.324906,0.412290,false,resize_layer,41
11,57,0.422194,3020805,2,[768/k3→1024/k1],0.249379,0.412290,false,resize_layer,11
11,58,0.446899,2926733,3,[322/k1→768/k3→768/k1],0.347992,0.412290,false,add_layer,3
11,59,0.431579,3756205,3,[322/k3→768/k3→768/k1],0.361360,0.412290,false,add_layer,3
11,60,0.424061,405765,2,[128/k3→256/k1],0.262151,0.412290,false,weights,21
11,61,0.417923,132741,2,[32/k3→1024/k1],0.357872,0.412290,false,weights,17
11,62,0.480440,336901,1,[1024/k1],0.449213,0.412290,false,remove_layer,17
11,63,0.423033,405765,2,[128/k3→256/k1],0.264369,0.412290,false,weights,23
12,0,0.415725,203781,2,[64/k3→256/k1],0.310095,0.412290,true,champion,0
12,1,0.422282,132741,2,[32/k3→1024/k1],0.352410,0.412290,false,weights,24
12,2,0.422551,405765,2,[128/k3→256/k1],0.256264,0.412290,false,weights,28
12,3,0.423644,405765,2,[128/k3→256/k1],0.259861,0.412290,false,weights,25
12,4,0.421314,422405,3,[128/k3→128/k1→256/k1],0.302866,0.412290,false,add_layer,30
12,5,0.421941,132741,2,[32/k3→1024/k1],0.351076,0.412290,false,weights,51
12,6,0.424644,3233541,2,[1024/k3→256/k1],0.232072,0.412290,false,weights,10
12,7,0.422030,405765,2,[128/k3→256/k1],0.259438,0.412290,false,weights,6
12,8,0.491929,371845,1,[128/k3],0.487889,0.412290,false,remove_layer,28
12,9,0.549116,84229,1,[256/k1],0.561759,0.412290,false,remove_layer,54
12,10,0.432882,3016965,3,[768/k3→768/k1→256/k1],0.243676,0.412290,false,add_layer,19
12,11,0.419659,809733,2,[256/k3→256/k1],0.256043,0.412290,false,resize_layer,19
12,12,0.419825,258309,2,[64/k3→1024/k1],0.295124,0.412290,false,weights,22
12,13,0.420914,2425605,2,[768/k3→256/k1],0.241883,0.412290,false,resize_layer,10
12,14,0.423578,405765,2,[128/k3→256/k1],0.258945,0.412290,false,weights,6
12,15,0.423440,3233541,2,[1024/k3→256/k1],0.232186,0.412290,false,weights,12
12,16,0.415993,240133,2,[64/k3→768/k1],0.312782,0.412290,false,weights,56
12,17,0.423849,2425605,2,[768/k3→256/k1],0.240705,0.412290,false,weights,46
12,18,0.433043,1339565,3,[322/k3→128/k3→256/k1],0.371996,0.412290,false,add_layer,25
12,19,0.422470,405765,2,[128/k3→256/k1],0.258013,0.412290,false,weights,30
12,20,0.426807,3233541,2,[1024/k3→256/k1],0.228675,0.412290,false,weights,10
12,21,0.421321,132741,2,[32/k3→1024/k1],0.348470,0.412290,false,weights,61
12,22,0.426284,1137581,3,[322/k3→64/k3→256/k1],0.390712,0.412290,false,add_layer,0
12,23,0.422565,405765,2,[128/k3→256/k1],0.253565,0.412290,false,weights,13
12,24,0.426289,3233541,2,[1024/k3→256/k1],0.232192,0.412290,false,weights,26
12,25,0.426020,2425605,2,[768/k3→256/k1],0.237164,0.412290,false,weights,19
12,26,0.420537,132741,2,[32/k3→1024/k1],0.354281,0.412290,false,weights,4
12,27,0.427138,1183365,3,[32/k3→1024/k1→1024/k1],0.358295,0.412290,false,add_layer,4
12,28,0.415904,240133,2,[64/k3→768/k1],0.308797,0.412290,false,weights,56
12,29,0.424016,405765,2,[128/k3→256/k1],0.261257,0.412290,false,weights,30
12,30,0.429366,4167341,3,[322/k3→1024/k3→256/k1],0.345496,0.412290,false,add_layer,10
12,31,0.446954,237069,3,[322/k1→32/k3→1024/k1],0.433128,0.412290,false,add_layer,11
12,32,0.424988,2425605,2,[768/k3→256/k1],0.237373,0.412290,false,weights,19
12,33,0.422734,405765,2,[128/k3→256/k1],0.262762,0.412290,false,weights,25
12,34,0.483268,336901,1,[1024/k1],0.454391,0.412290,false,remove_layer,14
12,35,0.432051,4167341,3,[322/k3→1024/k3→256/k1],0.335009,0.412290,false,add_layer,12
12,36,0.422893,405765,2,[128/k3→256/k1],0.258092,0.412290,false,weights,13
12,37,0.419722,405765,2,[128/k3→256/k1],0.266703,0.412290,false,weights,6
12,38,0.432839,4284165,3,[1024/k3→1024/k1→256/k1],0.244764,0.412290,false,add_layer,10
12,39,0.420806,132741,2,[32/k3→1024/k1],0.347970,0.412290,false,weights,61
12,40,0.447140,237069,3,[322/k1→32/k3→1024/k1],0.435764,0.412290,false,add_layer,47
12,41,0.418360,2016261,2,[512/k3→1024/k1],0.366499,0.412290,false,resize_layer,24
12,42,0.422481,405765,2,[128/k3→256/k1],0.254255,0.412290,false,weights,28
12,43,0.551337,84229,1,[256/k1],0.562978,0.412290,false,remove_layer,46
12,44,0.417548,203781,2,[64/k3→256/k1],0.308512,0.412290,false,weights,0
12,45,0.428458,3233541,2,[1024/k3→256/k1],0.230310,0.412290,false,weights,10
12,46,0.422386,3233541,2,[1024/k3→256/k1],0.239352,0.412290,false,weights,26
12,47,0.742083,92965,1,[32/k3],0.763303,0.412290,false,remove_layer,8
12,48,0.421478,405765,2,[128/k3→256/k1],0.259235,0.412290,false,weights,13
12,49,0.441463,133829,3,[32/k3→32/k1→1024/k1],0.419110,0.412290,false,add_layer,51
12,50,0.426042,405765,2,[128/k3→256/k1],0.258424,0.412290,false,weights,6
12,51,0.419575,132741,2,[32/k3→1024/k1],0.349904,0.412290,false,weights,4
12,52,0.549389,84229,1,[256/k1],0.561018,0.412290,false,remove_layer,30
12,53,0.428131,471813,3,[128/k3→256/k1→256/k1],0.271741,0.412290,false,add_layer,6
12,54,0.416397,203781,2,[64/k3→256/k1],0.313570,0.412290,false,weights,1
12,55,0.422471,2425605,2,[768/k3→256/k1],0.245072,0.412290,false,weights,19
12,56,0.429203,471813,3,[128/k3→256/k1→256/k1],0.275493,0.412290,false,add_layer,6
12,57,0.425884,2425605,2,[768/k3→256/k1],0.237796,0.412290,false,weights,19
12,58,0.415176,203781,2,[64/k3→256/k1],0.316797,0.412290,false,weights,0
12,59,0.419348,132741,2,[32/k3→1024/k1],0.350856,0.412290,false,weights,8
12,60,0.423811,3233541,2,[1024/k3→256/k1],0.238068,0.412290,false,weights,12
12,61,0.450786,3337869,3,[322/k1→1024/k3→256/k1],0.334591,0.412290,false,add_layer,12
12,62,0.741529,92965,1,[32/k3],0.763818,0.412290,false,remove_layer,14
12,63,0.421322,132741,2,[32/k3→1024/k1],0.357244,0.412290,false,weights,8
13,0,0.418412,203781,2,[64/k3→256/k1],0.300891,0.412012,true,champion,58
13,1,0.430799,553477,3,[128/k3→128/k3→256/k1],0.269504,0.412012,false,add_layer,48
13,2,0.421481,132741,2,[32/k3→1024/k1],0.346625,0.412012,false,weights,21
13,3,0.426125,405765,2,[128/k3→256/k1],0.245312,0.412012,false,weights,48
13,4,0.417329,474885,2,[128/k3→768/k1],0.293281,0.412012,false,resize_layer,16
13,5,0.424831,405765,2,[128/k3→256/k1],0.244029,0.412012,false,weights,19
13,6,0.419740,203781,2,[64/k3→256/k1],0.301363,0.412012,false,weights,58
13,7,0.416332,258309,2,[64/k3→1024/k1],0.335153,0.412012,false,resize_layer,26
13,8,0.743492,92965,1,[32/k3],0.761287,0.412012,false,remove_layer,63
13,9,0.420681,132741,2,[32/k3→1024/k1],0.346588,0.412012,false,weights,59
13,10,0.426934,405765,2,[128/k3→256/k1],0.247716,0.412012,false,weights,19
13,11,0.423585,405765,2,[128/k3→256/k1],0.251926,0.412012,false,weights,48
13,12,0.417784,203781,2,[64/k3→256/k1],0.294862,0.412012,false,weights,0
13,13,0.412012,1617669,2,[512/k3→256/k1],0.294688,0.412012,false,resize_layer,0
13,14,0.450471,743685,1,[256/k3],0.427622,0.412012,false,remove_layer,11
13,15,0.426572,405765,2,[128/k3→256/k1],0.251662,0.412012,false,weights,37
13,16,0.419312,258309,2,[64/k3→1024/k1],0.286191,0.412012,false,weights,12
13,17,0.429488,1743533,3,[322/k3→256/k3→256/k1],0.351156,0.412012,false,add_layer,11
13,18,0.420129,258309,2,[64/k3→1024/k1],0.288408,0.412012,false,weights,12
13,19,0.416063,3066885,3,[512/k3→1024/k1→1024/k1],0.340252,0.412012,false,add_layer,41
13,20,0.420009,203781,2,[64/k3→256/k1],0.300578,0.412012,false,weights,54
13,21,0.420493,132741,2,[32/k3→1024/k1],0.349401,0.412012,false,weights,59
13,22,0.429141,2974725,1,[1024/k3],0.376619,0.412012,false,remove_layer,46
13,23,0.564988,185925,1,[64/k3],0.576618,0.412012,false,remove_layer,58
13,24,0.447300,510093,3,[322/k1→128/k3→256/k1],0.377588,0.412012,false,add_layer,19
13,25,0.416165,102789,2,[32/k3→256/k1],0.382241,0.412012,false,resize_layer,21
13,26,0.420451,3233541,2,[1024/k3→256/k1],0.322758,0.412012,false,resize_layer,0
13,27,0.421227,132741,2,[32/k3→1024/k1],0.344017,0.412012,false,weights,51
13,28,0.420668,132741,2,[32/k3→1024/k1],0.344895,0.412012,false,weights,21
13,29,0.429479,1617669,2,[512/k3→256/k1],0.218762,0.412012,false,resize_layer,13
13,30,0.422841,240133,2,[64/k3→768/k1],0.299304,0.412012,false,weights,16
13,31,0.419978,132741,2,[32/k3→1024/k1],0.342745,0.412012,false,weights,26
13,32,0.447466,237069,3,[322/k1→32/k3→1024/k1],0.437219,0.412012,false,add_layer,39
13,33,0.426097,809733,2,[256/k3→256/k1],0.237121,0.412012,false,weights,11
13,34,0.433864,9571973,3,[32/k3→1024/k1→1024/k3],0.420087,0.412012,false,add_layer,26
13,35,0.426793,405765,2,[128/k3→256/k1],0.248699,0.412012,false,weights,37
13,36,0.413144,2016261,2,[512/k3→1024/k1],0.319584,0.412012,false,weights,41
13,37,0.417489,240133,2,[64/k3→768/k1],0.298557,0.412012,false,weights,16
13,38,0.429406,2425605,2,[768/k3→256/k1],0.217240,0.412012,false,weights,13
13,39,0.419981,2016261,2,[512/k3→1024/k1],0.293324,0.412012,false,resize_layer,12
13,40,0.423798,809733,2,[256/k3→256/k1],0.241784,0.412012,false,weights,11
13,41,0.420848,240133,2,[64/k3→768/k1],0.298765,0.412012,false,weights,28
13,42,0.457590,3337869,3,[322/k1→1024/k3→256/k1],0.331882,0.412012,false,add_layer,46
13,43,0.425942,405765,2,[128/k3→256/k1],0.246866,0.412012,false,weights,37
13,44,0.420034,258309,2,[64/k3→1024/k1],0.291312,0.412012,false,weights,12
13,45,0.424252,809733,2,[256/k3→256/k1],0.238542,0.412012,false,weights,11
13,46,0.423139,240133,2,[64/k3→768/k1],0.298445,0.412012,false,resize_layer,58
13,47,0.426405,405765,2,[128/k3→256/k1],0.246624,0.412012,false,weights,19
13,48,0.501692,252677,1,[768/k1],0.487749,0.412012,false,remove_layer,16
13,49,0.418941,240133,2,[64/k3→768/k1],0.300067,0.412012,false,weights,16
13,50,0.422170,132741,2,[32/k3→1024/k1],0.347427,0.412012,false,weights,59
13,51,0.424094,1308933,3,[64/k3→1024/k1→1024/k1],0.300680,0.412012,false,add_layer,12
13,52,0.423282,405765,2,[128/k3→256/k1],0.253058,0.412012,false,weights,48
13,53,0.419093,240133,2,[64/k3→768/k1],0.294199,0.412012,false,weights,28
13,54,0.424193,405765,2,[128/k3→256/k1],0.251729,0.412012,false,weights,7
13,55,0.425458,405765,2,[128/k3→256/k1],0.252286,0.412012,false,weights,37
13,56,0.416395,203781,2,[64/k3→256/k1],0.299930,0.412012,false,weights,0
13,57,0.426160,405765,2,[128/k3→256/k1],0.247045,0.412012,false,weights,19
13,58,0.422193,132741,2,[32/k3→1024/k1],0.344123,0.412012,false,weights,1
13,59,0.416141,203781,2,[64/k3→256/k1],0.295180,0.412012,false,weights,44
13,60,0.417248,203781,2,[64/k3→256/k1],0.299484,0.412012,false,weights,54
13,61,0.439202,142021,3,[32/k3→32/k3→1024/k1],0.409776,0.412012,false,add_layer,59
13,62,0.422159,132741,2,[32/k3→1024/k1],0.343588,0.412012,false,weights,63
13,63,0.422447,132741,2,[32/k3→1024/k1],0.341317,0.412012,false,weights,26
14,0,0.413840,1617669,2,[512/k3→256/k1],0.285343,0.412012,true,champion,13
14,1,0.422323,132741,2,[32/k3→1024/k1],0.342654,0.412012,false,weights,31
14,2,0.450609,1487365,1,[512/k3],0.417047,0.412012,false,remove_layer,39
14,3,0.421948,132741,2,[32/k3→1024/k1],0.332352,0.412012,false,weights,21
14,4,0.419129,203781,2,[64/k3→256/k1],0.296573,0.412012,false,weights,6
14,5,0.417268,203781,2,[64/k3→256/k1],0.292366,0.412012,false,weights,12
14,6,0.418858,203781,2,[64/k3→256/k1],0.290644,0.412012,false,weights,12
14,7,0.418609,474885,2,[128/k3→768/k1],0.284132,0.412012,false,weights,4
14,8,0.422140,132741,2,[32/k3→1024/k1],0.334375,0.412012,false,weights,31
14,9,0.418195,405765,2,[128/k3→256/k1],0.291656,0.412012,false,resize_layer,60
14,10,0.413542,3233541,2,[1024/k3→256/k1],0.285029,0.412012,false,weights,26
14,11,0.423801,132741,2,[32/k3→1024/k1],0.338437,0.412012,false,weights,28
14,12,0.418179,203781,2,[64/k3→256/k1],0.298745,0.412012,false,weights,60
14,13,0.422648,240133,2,[64/k3→768/k1],0.292298,0.412012,false,weights,49
14,14,0.415552,258309,2,[64/k3→1024/k1],0.320834,0.412012,false,weights,7
14,15,0.430352,1183365,3,[32/k3→1024/k1→1024/k1],0.346954,0.412012,false,add_layer,28
14,16,0.428533,1183365,3,[32/k3→1024/k1→1024/k1],0.352047,0.412012,false,add_layer,21
14,17,0.421428,240133,2,[64/k3→768/k1],0.288967,0.412012,false,resize_layer,20
14,18,0.422320,240133,2,[64/k3→768/k1],0.283464,0.412012,false,weights,37
14,19,0.421204,2016261,2,[512/k3→1024/k1],0.276640,0.412012,false,weights,36
14,20,0.422909,132741,2,[32/k3→1024/k1],0.338156,0.412012,false,weights,31
14,21,0.422329,258309,2,[64/k3→1024/k1],0.278000,0.412012,false,weights,44
14,22,0.421067,132741,2,[32/k3→1024/k1],0.340828,0.412012,false,weights,21
14,23,0.418840,203781,2,[64/k3→256/k1],0.288237,0.412012,false,weights,12
14,24,0.432799,3020805,2,[768/k3→1024/k1],0.392440,0.412012,false,resize_layer,21
14,25,0.425095,258309,2,[64/k3→1024/k1],0.291816,0.412012,false,resize_layer,0
14,26,0.414031,3233541,2,[1024/k3→256/k1],0.284269,0.412012,false,weights,26
14,27,0.421442,240133,2,[64/k3→768/k1],0.288610,0.412012,false,weights,37
14,28,0.420732,122757,2,[32/k3→768/k1],0.338906,0.412012,false,resize_layer,28
14,29,0.415909,203781,2,[64/k3→256/k1],0.294373,0.412012,false,weights,12
14,30,0.591258,95301,2,[32/k3→64/k1],0.595844,0.412012,false,resize_layer,21
14,31,0.416561,3233541,2,[1024/k3→256/k1],0.288353,0.412012,false,weights,26
14,32,0.425163,244357,3,[64/k3→64/k1→768/k1],0.355154,0.412012,false,add_layer,37
14,33,0.431968,9697541,3,[64/k3→1024/k1→1024/k3],0.415896,0.412012,false,add_layer,7
14,34,0.419602,203781,2,[64/k3→256/k1],0.295846,0.412012,false,weights,20
14,35,0.423069,258309,2,[64/k3→1024/k1],0.274467,0.412012,false,weights,44
14,36,0.419389,203781,2,[64/k3→256/k1],0.296977,0.412012,false,weights,6
14,37,0.417563,203781,2,[64/k3→256/k1],0.294312,0.412012,false,weights,60
14,38,0.433696,4025349,2,[1024/k3→1024/k1],0.352926,0.412012,false,resize_layer,18
14,39,0.422734,12672773,3,[1024/k3→1024/k3→256/k1],0.304970,0.412012,false,add_layer,26
14,40,0.415390,1617669,2,[512/k3→256/k1],0.283918,0.412012,false,weights,13
14,41,0.417220,3066885,3,[512/k3→1024/k1→1024/k1],0.294751,0.412012,false,weights,19
14,42,0.424612,132741,2,[32/k3→1024/k1],0.335772,0.412012,false,weights,28
14,43,0.421700,132741,2,[32/k3→1024/k1],0.340665,0.412012,false,weights,28
14,44,0.421690,240133,2,[64/k3→768/k1],0.288864,0.412012,false,weights,53
14,45,0.417267,2016261,2,[512/k3→1024/k1],0.290557,0.412012,false,weights,39
14,46,0.432966,269829,3,[64/k3→256/k1→256/k1],0.316389,0.412012,false,add_layer,20
14,47,0.417014,258309,2,[64/k3→1024/k1],0.327979,0.412012,false,weights,7
14,48,0.418453,2016261,2,[512/k3→1024/k1],0.281666,0.412012,false,weights,36
14,49,0.418019,203781,2,[64/k3→256/k1],0.293663,0.412012,false,weights,59
14,50,0.421839,240133,2,[64/k3→768/k1],0.288999,0.412012,false,weights,49
14,51,0.418927,3066885,3,[512/k3→1024/k1→1024/k1],0.302456,0.412012,false,weights,19
14,52,0.421038,208005,3,[64/k3→64/k1→256/k1],0.361193,0.412012,false,add_layer,6
14,53,0.429627,132741,2,[32/k3→1024/k1],0.361880,0.412012,false,resize_layer,44
14,54,0.417727,203781,2,[64/k3→256/k1],0.288558,0.412012,false,weights,59
14,55,0.425842,5550085,3,[64/k3→768/k1→768/k3],0.357169,0.412012,false,add_layer,53
14,56,0.416229,3233541,2,[1024/k3→256/k1],0.285478,0.412012,false,weights,26
14,57,0.414344,2016261,2,[512/k3→1024/k1],0.283061,0.412012,false,weights,36
14,58,0.419923,203781,2,[64/k3→256/k1],0.296298,0.412012,false,weights,6
14,59,0.420596,240133,2,[64/k3→768/k1],0.289113,0.412012,false,weights,53
14,60,0.450274,362637,3,[322/k1→64/k3→1024/k1],0.398520,0.412012,false,add_layer,18
14,61,0.412698,1617669,2,[512/k3→256/k1],0.284883,0.412012,false,weights,13
14,62,0.422984,3066885,3,[512/k3→1024/k1→1024/k1],0.285352,0.412012,false,weights,19
14,63,0.421608,240133,2,[64/k3→768/k1],0.295020,0.412012,false,weights,49
15,0,0.418893,1617669,2,[512/k3→256/k1],0.258897,0.412012,true,champion,61
15,1,0.420134,3233541,2,[1024/k3→256/k1],0.262707,0.412012,false,weights,56
15,2,0.417714,1617669,2,[512/k3→256/k1],0.257638,0.412012,false,weights,40
15,3,0.418216,1617669,2,[512/k3→256/k1],0.259364,0.412012,false,weights,40
15,4,0.418995,203781,2,[64/k3→256/k1],0.290993,0.412012,false,weights,37
15,5,0.419366,405765,2,[128/k3→256/k1],0.276668,0.412012,false,weights,9
15,6,0.416181,203781,2,[64/k3→256/k1],0.286232,0.412012,false,weights,23
15,7,0.421610,203781,2,[64/k3→256/k1],0.290035,0.412012,false,weights,12
15,8,0.418933,203781,2,[64/k3→256/k1],0.286483,0.412012,false,weights,29
15,9,0.420492,203781,2,[64/k3→256/k1],0.284978,0.412012,false,weights,49
15,10,0.420404,203781,2,[64/k3→256/k1],0.282719,0.412012,false,weights,54
15,11,0.418265,3233541,2,[1024/k3→256/k1],0.264833,0.412012,false,weights,31
15,12,0.419036,203781,2,[64/k3→256/k1],0.286931,0.412012,false,weights,6
15,13,0.542741,84229,1,[256/k1],0.546762,0.412012,false,remove_layer,49
15,14,0.467897,3035589,2,[1024/k3→64/k1],0.387637,0.412012,false,resize_layer,26
15,15,0.416774,203781,2,[64/k3→256/k1],0.291641,0.412012,false,resize_layer,40
15,16,0.421129,3233541,2,[1024/k3→256/k1],0.257387,0.412012,false,weights,10
15,17,0.418199,203781,2,[64/k3→256/k1],0.291209,0.412012,false,weights,5
15,18,0.439151,1487365,1,[512/k3],0.401527,0.412012,false,remove_layer,57
15,19,0.422704,132741,2,[32/k3→1024/k1],0.334278,0.412012,false,resize_layer,47
15,20,0.415593,2016261,2,[512/k3→1024/k1],0.275217,0.412012,false,weights,45
15,21,0.424321,3233541,2,[1024/k3→256/k1],0.257838,0.412012,false,weights,56
15,22,0.446300,1487365,1,[512/k3],0.426799,0.412012,false,remove_layer,61
15,23,0.420873,3233541,2,[1024/k3→256/k1],0.255627,0.412012,false,weights,26
15,24,0.415410,405765,2,[128/k3→256/k1],0.287105,0.412012,false,weights,9
15,25,0.414905,405765,2,[128/k3→256/k1],0.284266,0.412012,false,resize_layer,26
15,26,0.413891,194693,2,[64/k3→128/k1],0.320406,0.412012,false,resize_layer,12
15,27,0.426224,11455493,3,[512/k3→1024/k1→1024/k3],0.343404,0.412012,false,add_layer,45
15,28,0.419291,3233541,2,[1024/k3→256/k1],0.264664,0.412012,false,weights,10
15,29,0.429967,11455493,3,[512/k3→1024/k1→1024/k3],0.319781,0.412012,false,add_layer,48
15,30,0.423359,3233541,2,[1024/k3→256/k1],0.260680,0.412012,false,weights,10
15,31,0.419551,203781,2,[64/k3→256/k1],0.282357,0.412012,false,weights,6
15,32,0.415832,405765,2,[128/k3→256/k1],0.281176,0.412012,false,resize_layer,56
15,33,0.419963,3233541,2,[1024/k3→256/k1],0.257263,0.412012,false,weights,31
15,34,0.448085,308109,3,[322/k1→64/k3→256/k1],0.405235,0.412012,false,add_layer,6
15,35,0.418875,3101573,2,[1024/k3→128/k1],0.273000,0.412012,false,resize_layer,31
15,36,0.429056,3299589,3,[1024/k3→256/k1→256/k1],0.280147,0.412012,false,add_layer,56
15,37,0.414936,258309,2,[64/k3→1024/k1],0.317338,0.412012,false,weights,14
15,38,0.421252,794117,3,[64/k3→256/k1→256/k3],0.289871,0.412012,false,add_layer,5
15,39,0.421665,3233541,2,[1024/k3→256/k1],0.251823,0.412012,false,weights,10
15,40,0.427306,4284165,3,[1024/k3→1024/k1→256/k1],0.272064,0.412012,false,add_layer,31
15,41,0.542454,84229,1,[256/k1],0.547966,0.412012,false,remove_layer,49
15,42,0.414985,1617669,2,[512/k3→256/k1],0.266250,0.412012,false,weights,40
15,43,0.419544,3233541,2,[1024/k3→256/k1],0.256086,0.412012,false,weights,10
15,44,0.440081,12506117,4,[512/k3→1024/k1→1024/k3→1024/k1],0.250463,0.412012,false,add_layer,41
15,45,0.420406,203781,2,[64/k3→256/k1],0.291032,0.412012,false,weights,37
15,46,0.431032,4167341,3,[322/k3→1024/k3→256/k1],0.362123,0.412012,false,add_layer,26
15,47,0.421850,203781,2,[64/k3→256/k1],0.286010,0.412012,false,weights,54
15,48,0.417186,203781,2,[64/k3→256/k1],0.284478,0.412012,false,weights,54
15,49,0.446287,1487365,1,[512/k3],0.425273,0.412012,false,remove_layer,40
15,50,0.490081,1387525,2,[1024/k1→1024/k1],0.465572,0.412012,false,remove_layer,51
15,51,0.420923,3233541,2,[1024/k3→256/k1],0.256389,0.412012,false,weights,31
15,52,0.541851,84229,1,[256/k1],0.548108,0.412012,false,remove_layer,9
15,53,0.427330,269829,3,[64/k3→256/k1→256/k1],0.308059,0.412012,false,add_layer,29
15,54,0.430397,3299589,3,[1024/k3→256/k1→256/k1],0.282210,0.412012,false,add_layer,56
15,55,0.418861,203781,2,[64/k3→256/k1],0.285697,0.412012,false,weights,23
15,56,0.420051,474885,2,[128/k3→768/k1],0.270767,0.412012,false,weights,7
15,57,0.418647,203781,2,[64/k3→256/k1],0.288167,0.412012,false,weights,29
15,58,0.422513,3823877,3,[1024/k3→256/k1→256/k3],0.267450,0.412012,false,add_layer,31
15,59,0.421524,221957,2,[64/k3→512/k1],0.283163,0.412012,false,resize_layer,5
15,60,0.420940,3233541,2,[1024/k3→256/k1],0.256631,0.412012,false,weights,56
15,61,0.569359,185925,1,[64/k3],0.581829,0.412012,false,remove_layer,49
15,62,0.415773,405765,2,[128/k3→256/k1],0.281314,0.412012,false,weights,9
15,63,0.425029,240133,2,[64/k3→768/k1],0.281220,0.412012,false,resize_layer,23
16,0,0.417785,194693,2,[64/k3→128/k1],0.305347,0.412012,true,champion,26
16,1,0.419151,203781,2,[64/k3→256/k1],0.283341,0.412012,false,weights,4
16,2,0.420498,203781,2,[64/k3→256/k1],0.279136,0.412012,false,weights,12
16,3,0.424870,240773,3,[64/k3→64/k3→256/k1],0.322869,0.412012,false,add_layer,6
16,4,0.419541,794117,3,[64/k3→256/k1→256/k3],0.283156,0.412012,false,add_layer,4
16,5,0.420646,405765,2,[128/k3→256/k1],0.269715,0.412012,false,weights,62
16,6,0.493065,371845,1,[128/k3],0.486055,0.412012,false,remove_layer,25
16,7,0.422714,203781,2,[64/k3→256/k1],0.279009,0.412012,false,weights,12
16,8,0.419691,231685,3,[64/k3→64/k3→128/k1],0.337427,0.412012,false,add_layer,26
16,9,0.416662,1617669,2,[512/k3→256/k1],0.253290,0.412012,false,weights,3
16,10,0.430132,1683717,3,[512/k3→256/k1→256/k1],0.256857,0.412012,false,add_layer,0
16,11,0.434312,1137581,3,[322/k3→64/k3→256/k1],0.391804,0.412012,false,add_layer,48
16,12,0.420136,203781,2,[64/k3→256/k1],0.280640,0.412012,false,weights,12
16,13,0.500202,336901,1,[1024/k1],0.484828,0.412012,false,remove_layer,20
16,14,0.419708,203781,2,[64/k3→256/k1],0.282194,0.412012,false,weights,15
16,15,0.431211,269829,3,[64/k3→256/k1→256/k1],0.308487,0.412012,false,add_layer,6
16,16,0.418087,405765,2,[128/k3→256/k1],0.275940,0.412012,false,resize_layer,12
16,17,0.420023,1617669,2,[512/k3→256/k1],0.248368,0.412012,false,weights,2
16,18,0.442346,1487365,1,[512/k3],0.415442,0.412012,false,remove_layer,3
16,19,0.424952,1617669,2,[512/k3→256/k1],0.236192,0.412012,false,weights,2
16,20,0.420529,1617669,2,[512/k3→256/k1],0.244789,0.412012,false,weights,42
16,21,0.421031,1617669,2,[512/k3→256/k1],0.244726,0.412012,false,weights,0
16,22,0.425517,3233541,2,[1024/k3→256/k1],0.313337,0.412012,false,resize_layer,57
16,23,0.420827,203781,2,[64/k3→256/k1],0.284087,0.412012,false,weights,17
16,24,0.421945,405765,2,[128/k3→256/k1],0.269164,0.412012,false,weights,24
16,25,0.468153,1518021,2,[512/k3→64/k1],0.384656,0.412012,false,resize_layer,3
16,26,0.543441,84229,1,[256/k1],0.550570,0.412012,false,remove_layer,48
16,27,0.416768,258309,2,[64/k3→1024/k1],0.300124,0.412012,false,weights,37
16,28,0.420903,2016261,2,[512/k3→1024/k1],0.250481,0.412012,false,weights,20
16,29,0.422539,3233541,2,[1024/k3→256/k1],0.243998,0.412012,false,weights,11
16,30,0.423204,2016261,2,[512/k3→1024/k1],0.242819,0.412012,false,weights,20
16,31,0.413181,258309,2,[64/k3→1024/k1],0.304529,0.412012,false,weights,37
16,32,0.418833,1617669,2,[512/k3→256/k1],0.254149,0.412012,false,weights,3
16,33,0.421332,203781,2,[64/k3→256/k1],0.281150,0.412012,false,weights,17
16,34,0.419160,405765,2,[128/k3→256/k1],0.270412,0.412012,false,weights,5
16,35,0.542975,84229,1,[256/k1],0.548295,0.412012,false,remove_layer,48
16,36,0.433166,211333,3,[64/k3→128/k1→128/k1],0.329693,0.412012,false,add_layer,26
16,37,0.421398,553477,3,[128/k3→128/k3→256/k1],0.295579,0.412012,false,add_layer,32
16,38,0.418473,405765,2,[128/k3→256/k1],0.270352,0.412012,false,weights,24
16,39,0.418878,203781,2,[64/k3→256/k1],0.282828,0.412012,false,weights,15
16,40,0.421993,258309,2,[64/k3→1024/k1],0.281922,0.412012,false,resize_layer,15
16,41,0.419358,203781,2,[64/k3→256/k1],0.282404,0.412012,false,weights,55
16,42,0.426160,221957,2,[64/k3→512/k1],0.277204,0.412012,false,resize_layer,12
16,43,0.549863,84229,1,[256/k1],0.556729,0.412012,false,remove_layer,2
16,44,0.421424,203781,2,[64/k3→256/k1],0.284893,0.412012,false,weights,17
16,45,0.422305,405765,2,[128/k3→256/k1],0.266006,0.412012,false,weights,24
16,46,0.420548,203781,2,[64/k3→256/k1],0.282323,0.412012,false,weights,55
16,47,0.570139,185925,1,[64/k3],0.583282,0.412012,false,remove_layer,4
16,48,0.421203,203781,2,[64/k3→256/k1],0.285292,0.412012,false,weights,4
16,49,0.417777,405765,2,[128/k3→256/k1],0.267669,0.412012,false,weights,25
16,50,0.447290,1721997,3,[322/k1→512/k3→256/k1],0.350263,0.412012,false,add_layer,42
16,51,0.428929,3233541,2,[1024/k3→256/k1],0.235792,0.412012,false,weights,28
16,52,0.419954,1617669,2,[512/k3→256/k1],0.243584,0.412012,false,weights,42
16,53,0.420953,405765,2,[128/k3→256/k1],0.277009,0.412012,false,weights,24
16,54,0.417367,194693,2,[64/k3→128/k1],0.302540,0.412012,false,weights,26
16,55,0.418097,203781,2,[64/k3→256/k1],0.276827,0.412012,false,weights,12
16,56,0.424051,3233541,2,[1024/k3→256/k1],0.243508,0.412012,false,weights,28
16,57,0.421987,1617669,2,[512/k3→256/k1],0.248522,0.412012,false,weights,42
16,58,0.420811,203781,2,[64/k3→256/k1],0.285284,0.412012,false,weights,15
16,59,0.417079,422405,3,[128/k3→128/k1→256/k1],0.324380,0.412012,false,add_layer,62
16,60,0.428397,1880837,3,[512/k3→512/k1→256/k1],0.266162,0.412012,false,add_layer,2
16,61,0.414901,405765,2,[128/k3→256/k1],0.271168,0.412012,false,weights,25
16,62,0.472919,3035589,2,[1024/k3→64/k1],0.374247,0.412012,false,resize_layer,28
16,63,0.417868,194693,2,[64/k3→128/k1],0.300987,0.412012,false,weights,26
17,0,0.417837,258309,2,[64/k3→1024/k1],0.287339,0.412012,true,champion,31
17,1,0.611062,185925,1,[64/k3],0.617966,0.412012,false,remove_layer,27
17,2,0.604636,392165,3,[128/k3→128/k1→32/k1],0.583052,0.412012,false,resize_layer,59
17,3,0.420378,208005,3,[64/k3→64/k1→256/k1],0.344446,0.412012,false,add_layer,2
17,4,0.414269,194693,2,[64/k3→128/k1],0.307769,0.412012,false,resize_layer,1
17,5,0.420004,203781,2,[64/k3→256/k1],0.277248,0.412012,false,weights,1
17,6,0.493016,371845,1,[128/k3],0.488787,0.412012,false,remove_layer,61
17,7,0.427404,1617669,2,[512/k3→256/k1],0.225443,0.412012,false,weights,17
17,8,0.482609,336901,1,[1024/k1],0.449713,0.412012,false,remove_layer,27
17,9,0.481427,336901,1,[1024/k1],0.452758,0.412012,false,remove_layer,31
17,10,0.420381,203781,2,[64/k3→256/k1],0.273330,0.412012,false,weights,55
17,11,0.421832,203781,2,[64/k3→256/k1],0.275153,0.412012,false,weights,14
17,12,0.545764,84229,1,[256/k1],0.553535,0.412012,false,remove_layer,38
17,13,0.419828,258309,2,[64/k3→1024/k1],0.295006,0.412012,false,weights,27
17,14,0.537125,185925,1,[64/k3],0.544309,0.412012,false,remove_layer,63
17,15,0.448134,308109,3,[322/k1→64/k3→256/k1],0.401961,0.412012,false,add_layer,39
17,16,0.450737,526733,4,[322/k1→128/k3→128/k1→256/k1],0.405174,0.412012,false,add_layer,59
17,17,0.417640,258309,2,[64/k3→1024/k1],0.297009,0.412012,false,weights,27
17,18,0.430101,268677,4,[64/k3→64/k3→64/k3→128/k1],0.350397,0.412012,false,add_layer,8
17,19,0.427465,471813,3,[128/k3→256/k1→256/k1],0.279883,0.412012,false,add_layer,38
17,20,0.419011,1617669,2,[512/k3→256/k1],0.264123,0.412012,false,resize_layer,34
17,21,0.422245,203781,2,[64/k3→256/k1],0.277649,0.412012,false,weights,1
17,22,0.423472,203781,2,[64/k3→256/k1],0.273957,0.412012,false,weights,55
17,23,0.544677,84229,1,[256/k1],0.555347,0.412012,false,remove_layer,41
17,24,0.551947,84229,1,[256/k1],0.558425,0.412012,false,remove_layer,17
17,25,0.431880,1137581,3,[322/k3→64/k3→256/k1],0.384102,0.412012,false,add_layer,39
17,26,0.421957,996101,3,[128/k3→256/k1→256/k3],0.274110,0.412012,false,add_layer,38
17,27,0.466193,388485,2,[128/k3→128/k1],0.469125,0.412012,false,remove_layer,59
17,28,0.421036,203781,2,[64/k3→256/k1],0.277574,0.412012,false,weights,14
17,29,0.419830,194693,2,[64/k3→128/k1],0.297103,0.412012,false,weights,54
17,30,0.544657,84229,1,[256/k1],0.552391,0.412012,false,remove_layer,34
17,31,0.419084,405765,2,[128/k3→256/k1],0.257819,0.412012,false,weights,34
17,32,0.421175,194693,2,[64/k3→128/k1],0.291673,0.412012,false,weights,63
17,33,0.420091,1617669,2,[512/k3→256/k1],0.241935,0.412012,false,weights,52
17,34,0.424557,1617669,2,[512/k3→256/k1],0.234628,0.412012,false,weights,9
17,35,0.420052,203781,2,[64/k3→256/k1],0.274189,0.412012,false,weights,1
17,36,0.421004,203781,2,[64/k3→256/k1],0.276101,0.412012,false,weights,55
17,37,0.424590,1617669,2,[512/k3→256/k1],0.235639,0.412012,false,weights,52
17,38,0.418291,405765,2,[128/k3→256/k1],0.262271,0.412012,false,weights,61
17,39,0.438570,1487365,1,[512/k3],0.405333,0.412012,false,remove_layer,9
17,40,0.422254,203781,2,[64/k3→256/k1],0.277898,0.412012,false,weights,41
17,41,0.603927,187877,2,[64/k3→32/k1],0.594799,0.412012,false,resize_layer,1
17,42,0.538336,185925,1,[64/k3],0.547040,0.412012,false,remove_layer,0
17,43,0.423101,203781,2,[64/k3→256/k1],0.282281,0.412012,false,remove_layer,4
17,44,0.425120,553477,3,[128/k3→128/k3→256/k1],0.283675,0.412012,false,add_layer,34
17,45,0.417181,258309,2,[64/k3→1024/k1],0.292529,0.412012,false,weights,27
17,46,0.415837,258309,2,[64/k3→1024/k1],0.294878,0.412012,false,weights,31
17,47,0.417937,405765,2,[128/k3→256/k1],0.265342,0.412012,false,weights,16
17,48,0.419499,258309,2,[64/k3→1024/k1],0.291607,0.412012,false,weights,27
17,49,0.466386,388485,2,[128/k3→128/k1],0.470229,0.412012,false,remove_layer,59
17,50,0.420544,203781,2,[64/k3→256/k1],0.271474,0.412012,false,weights,2
17,51,0.416282,405765,2,[128/k3→256/k1],0.264746,0.412012,false,weights,49
17,52,0.424453,1617669,2,[512/k3→256/k1],0.237066,0.412012,false,weights,32
17,53,0.425158,1339565,3,[322/k3→128/k3→256/k1],0.363235,0.412012,false,add_layer,49
17,54,0.416634,1617669,2,[512/k3→256/k1],0.263465,0.412012,false,resize_layer,61
17,55,0.432820,269829,3,[64/k3→256/k1→256/k1],0.304213,0.412012,false,add_layer,1
17,56,0.418480,405765,2,[128/k3→256/k1],0.262599,0.412012,false,weights,34
17,57,0.423272,1385733,3,[64/k3→256/k1→512/k3],0.266955,0.412012,false,resize_layer,4
17,58,0.545626,84229,1,[256/k1],0.553047,0.412012,false,remove_layer,41
17,59,0.422030,203781,2,[64/k3→256/k1],0.277366,0.412012,false,weights,12
17,60,0.422653,422405,3,[128/k3→128/k1→256/k1],0.296879,0.412012,false,weights,59
17,61,0.420045,221957,2,[64/k3→512/k1],0.280921,0.412012,false,resize_layer,14
17,62,0.417056,809733,2,[256/k3→256/k1],0.273789,0.412012,false,resize_layer,14
17,63,0.427904,1750533,2,[512/k3→512/k1],0.227696,0.412012,false,resize_layer,32
18,0,0.418782,194693,2,[64/k3→128/k1],0.292524,0.412012,true,champion,4
18,1,0.416071,809733,2,[256/k3→256/k1],0.265034,0.412012,false,weights,62
18,2,0.422371,203781,2,[64/k3→256/k1],0.270190,0.412012,false,weights,36
18,3,0.499529,168453,1,[512/k1],0.493656,0.412012,false,remove_layer,61
18,4,0.417260,258309,2,[64/k3→1024/k1],0.286480,0.412012,false,weights,17
18,5,0.419435,203781,2,[64/k3→256/k1],0.277296,0.412012,false,weights,10
18,6,0.434661,1137581,3,[322/k3→64/k3→256/k1],0.378351,0.412012,false,add_layer,50
18,7,0.423056,203781,2,[64/k3→256/k1],0.271195,0.412012,false,weights,50
18,8,0.419502,194693,2,[64/k3→128/k1],0.299043,0.412012,false,weights,29
18,9,0.424034,203781,2,[64/k3→256/k1],0.266677,0.412012,false,weights,50
18,10,0.420213,221957,2,[64/k3→512/k1],0.272887,0.412012,false,weights,61
18,11,0.419231,194693,2,[64/k3→128/k1],0.291810,0.412012,false,weights,4
18,12,0.419609,809733,2,[256/k3→256/k1],0.259730,0.412012,false,weights,62
18,13,0.546750,84229,1,[256/k1],0.553704,0.412012,false,remove_layer,47
18,14,0.444220,510093,3,[322/k1→128/k3→256/k1],0.378614,0.412012,false,add_layer,38
18,15,0.546839,84229,1,[256/k1],0.548878,0.412012,false,remove_layer,50
18,16,0.422563,221957,2,[64/k3→512/k1],0.273196,0.412012,false,weights,61
18,17,0.429890,1683717,3,[512/k3→256/k1→256/k1],0.266133,0.412012,false,add_layer,54
18,18,0.421889,208005,3,[64/k3→64/k1→256/k1],0.343254,0.412012,false,add_layer,36
18,19,0.571862,185925,1,[64/k3],0.585167,0.412012,false,remove_layer,5
18,20,0.427469,240773,3,[64/k3→64/k3→256/k1],0.315648,0.412012,false,add_layer,50
18,21,0.414549,221957,2,[64/k3→512/k1],0.296722,0.412012,false,resize_layer,48
18,22,0.421304,258309,2,[64/k3→1024/k1],0.282169,0.412012,false,weights,46
18,23,0.438211,1487365,1,[512/k3],0.403284,0.412012,false,remove_layer,33
18,24,0.413885,221957,2,[64/k3→512/k1],0.293994,0.412012,false,resize_layer,0
18,25,0.447531,326285,3,[322/k1→64/k3→512/k1],0.399290,0.412012,false,add_layer,61
18,26,0.418933,405765,2,[128/k3→256/k1],0.252938,0.412012,false,weights,38
18,27,0.419339,405765,2,[128/k3→256/k1],0.252506,0.412012,false,weights,51
18,28,0.422053,203781,2,[64/k3→256/k1],0.271163,0.412012,false,weights,5
18,29,0.419362,405765,2,[128/k3→256/k1],0.261901,0.412012,false,weights,47
18,30,0.544647,84229,1,[256/k1],0.552493,0.412012,false,remove_layer,35
18,31,0.421895,405765,2,[128/k3→256/k1],0.257489,0.412012,false,weights,56
18,32,0.419697,258309,2,[64/k3→1024/k1],0.282360,0.412012,false,weights,46
18,33,0.619802,185925,1,[64/k3],0.628404,0.412012,false,remove_layer,46
18,34,0.536432,185925,1,[64/k3],0.545014,0.412012,false,remove_layer,29
18,35,0.490156,371845,1,[128/k3],0.483754,0.412012,false,remove_layer,51
18,36,0.424419,203781,2,[64/k3→256/k1],0.276622,0.412012,false,weights,5
18,37,0.557055,84229,1,[256/k1],0.566582,0.412012,false,remove_layer,51
18,38,0.420213,258309,2,[64/k3→1024/k1],0.285068,0.412012,false,weights,48
18,39,0.420965,1617669,2,[512/k3→256/k1],0.252574,0.412012,false,weights,20
18,40,0.422524,405765,2,[128/k3→256/k1],0.247969,0.412012,false,weights,56
18,41,0.431091,1617669,2,[512/k3→256/k1],0.217673,0.412012,false,weights,33
18,42,0.423405,208005,3,[64/k3→64/k1→256/k1],0.333342,0.412012,false,weights,3
18,43,0.419327,258309,2,[64/k3→1024/k1],0.289143,0.412012,false,weights,13
18,44,0.427527,1617669,2,[512/k3→256/k1],0.217917,0.412012,false,weights,33
18,45,0.418813,405765,2,[128/k3→256/k1],0.260578,0.412012,false,weights,56
18,46,0.417385,1617669,2,[512/k3→256/k1],0.254457,0.412012,false,weights,54
18,47,0.421125,405765,2,[128/k3→256/k1],0.250337,0.412012,false,weights,38
18,48,0.419123,1617669,2,[512/k3→256/k1],0.255897,0.412012,false,weights,20
18,49,0.420893,194693,2,[64/k3→128/k1],0.292368,0.412012,false,weights,29
18,50,0.418981,258309,2,[64/k3→1024/k1],0.283997,0.412012,false,weights,17
18,51,0.418007,1617669,2,[512/k3→256/k1],0.250078,0.412012,false,weights,54
18,52,0.422564,221957,2,[64/k3→512/k1],0.268449,0.412012,false,weights,61
18,53,0.433472,1192109,3,[322/k3→64/k3→1024/k1],0.388622,0.412012,false,add_layer,17
18,54,0.417915,1617669,2,[512/k3→256/k1],0.253562,0.412012,false,weights,54
18,55,0.543671,84229,1,[256/k1],0.550431,0.412012,false,remove_layer,36
18,56,0.433935,1137581,3,[322/k3→64/k3→256/k1],0.385404,0.412012,false,add_layer,36
18,57,0.422230,203781,2,[64/k3→256/k1],0.273273,0.412012,false,weights,50
18,58,0.419433,258309,2,[64/k3→1024/k1],0.282645,0.412012,false,weights,46
18,59,0.421444,405765,2,[128/k3→256/k1],0.250515,0.412012,false,weights,51
18,60,0.419740,405765,2,[128/k3→256/k1],0.257251,0.412012,false,weights,47
18,61,0.420960,405765,2,[128/k3→256/k1],0.252405,0.412012,false,weights,31
18,62,0.422305,203781,2,[64/k3→256/k1],0.271833,0.412012,false,weights,10
18,63,0.437394,269829,3,[64/k3→256/k1→256/k1],0.292789,0.412012,false,add_layer,36
19,0,0.418072,221957,2,[64/k3→512/k1],0.279437,0.412012,true,champion,24
19,1,0.615480,185925,1,[64/k3],0.622313,0.412012,false,remove_layer,38
19,2,0.422179,258309,2,[64/k3→1024/k1],0.277731,0.412012,false,weights,58
19,3,0.429488,553477,3,[128/k3→128/k3→256/k1],0.267520,0.412012,false,add_layer,26
19,4,0.419463,194693,2,[64/k3→128/k1],0.287970,0.412012,false,weights,11
19,5,0.422406,405765,2,[128/k3→256/k1],0.253821,0.412012,false,weights,29
19,6,0.424827,221957,2,[64/k3→512/k1],0.265318,0.412012,false,weights,10
19,7,0.421703,203781,2,[64/k3→256/k1],0.265058,0.412012,false,weights,5
19,8,0.425000,996101,3,[128/k3→256/k1→256/k3],0.249391,0.412012,false,add_layer,26
19,9,0.416980,221957,2,[64/k3→512/k1],0.280759,0.412012,false,weights,24
19,10,0.420966,258309,2,[64/k3→1024/k1],0.282475,0.412012,false,weights,4
19,11,0.424189,194693,2,[64/k3→128/k1],0.285267,0.412012,false,weights,11
19,12,0.419011,405765,2,[128/k3→256/k1],0.247537,0.412012,false,weights,26
19,13,0.423256,221957,2,[64/k3→512/k1],0.265252,0.412012,false,weights,10
19,14,0.483252,336901,1,[1024/k1],0.454875,0.412012,false,remove_layer,32
19,15,0.420003,1617669,2,[512/k3→256/k1],0.242669,0.412012,false,weights,54
19,16,0.422317,405765,2,[128/k3→256/k1],0.245077,0.412012,false,weights,45
19,17,0.539002,185925,1,[64/k3],0.545584,0.412012,false,remove_layer,8
19,18,0.420235,258309,2,[64/k3→1024/k1],0.277967,0.412012,false,weights,32
19,19,0.419863,809733,2,[256/k3→256/k1],0.250335,0.412012,false,weights,1
19,20,0.424192,194693,2,[64/k3→128/k1],0.290899,0.412012,false,weights,8
19,21,0.445925,1721997,3,[322/k1→512/k3→256/k1],0.357903,0.412012,false,add_layer,46
19,22,0.428231,1339565,3,[322/k3→128/k3→256/k1],0.352613,0.412012,false,add_layer,26
19,23,0.418215,405765,2,[128/k3→256/k1],0.257087,0.412012,false,weights,29
19,24,0.429342,1339565,3,[322/k3→128/k3→256/k1],0.357603,0.412012,false,add_layer,26
19,25,0.428765,132741,2,[32/k3→1024/k1],0.320315,0.412012,false,resize_layer,50
19,26,0.419373,258309,2,[64/k3→1024/k1],0.277443,0.412012,false,weights,50
19,27,0.429227,258949,3,[64/k3→64/k3→512/k1],0.312580,0.412012,false,add_layer,10
19,28,0.424603,3977989,3,[512/k3→512/k3→256/k1],0.252257,0.412012,false,add_layer,46
19,29,0.418980,405765,2,[128/k3→256/k1],0.244014,0.412012,false,weights,27
19,30,0.422577,405765,2,[128/k3→256/k1],0.249328,0.412012,false,weights,29
19,31,0.421815,809733,2,[256/k3→256/k1],0.247380,0.412012,false,weights,12
19,32,0.422215,405765,2,[128/k3→256/k1],0.245170,0.412012,false,resize_layer,46
19,33,0.420290,3497477,2,[1024/k3→512/k1],0.288752,0.412012,false,resize_layer,10
19,34,0.418930,2425605,2,[768/k3→256/k1],0.257013,0.412012,false,resize_layer,1
19,35,0.420699,194693,2,[64/k3→128/k1],0.289288,0.412012,false,weights,8
19,36,0.417887,221957,2,[64/k3→512/k1],0.282671,0.412012,false,weights,21
19,37,0.424694,203781,2,[64/k3→256/k1],0.267078,0.412012,false,weights,5
19,38,0.421894,1617669,2,[512/k3→256/k1],0.241871,0.412012,false,weights,48
19,39,0.420400,198917,3,[64/k3→64/k1→128/k1],0.353820,0.412012,false,add_layer,8
19,40,0.420687,405765,2,[128/k3→256/k1],0.239826,0.412012,false,weights,27
19,41,0.425146,1617669,2,[512/k3→256/k1],0.240678,0.412012,false,weights,48
19,42,0.429512,875781,3,[256/k3→256/k1→256/k1],0.267721,0.412012,false,add_layer,12
19,43,0.420971,405765,2,[128/k3→256/k1],0.241661,0.412012,false,weights,27
19,44,0.433823,1128493,3,[322/k3→64/k3→128/k1],0.392725,0.412012,false,add_layer,8
19,45,0.421675,1617669,2,[512/k3→256/k1],0.243285,0.412012,false,weights,48
19,46,0.419660,194693,2,[64/k3→128/k1],0.288187,0.412012,false,weights,0
19,47,0.423057,2582277,3,[64/k3→512/k1→512/k3],0.299078,0.412012,false,add_layer,21
19,48,0.420749,194693,2,[64/k3→128/k1],0.282147,0.412012,false,weights,11
19,49,0.416206,221957,2,[64/k3→512/k1],0.290757,0.412012,false,weights,21
19,50,0.443743,9697541,3,[64/k3→1024/k1→1024/k3],0.396192,0.412012,false,add_layer,4
19,51,0.422631,221957,2,[64/k3→512/k1],0.269130,0.412012,false,weights,10
19,52,0.419282,1617669,2,[512/k3→256/k1],0.246394,0.412012,false,weights,54
19,53,0.433111,1128493,3,[322/k3→64/k3→128/k1],0.390277,0.412012,false,add_layer,8
19,54,0.417349,2326405,2,[768/k3→128/k1],0.292658,0.412012,false,resize_layer,11
19,55,0.420270,194693,2,[64/k3→128/k1],0.285312,0.412012,false,weights,11
19,56,0.547078,84229,1,[256/k1],0.554317,0.412012,false,remove_layer,29
19,57,0.561627,190149,2,[64/k3→64/k1],0.547809,0.412012,false,resize_layer,58
19,58,0.421941,194693,2,[64/k3→128/k1],0.285906,0.412012,false,weights,0
19,59,0.424814,1617669,2,[512/k3→256/k1],0.234172,0.412012,false,weights,51
19,60,0.444925,914061,3,[322/k1→256/k3→256/k1],0.365599,0.412012,false,add_layer,12
19,61,0.480708,336901,1,[1024/k1],0.449222,0.412012,false,remove_layer,43
19,62,0.417504,422405,3,[128/k3→128/k1→256/k1],0.304638,0.412012,false,add_layer,29
19,63,0.422091,194693,2,[64/k3→128/k1],0.291299,0.412012,false,weights,8
20,0,0.419640,221957,2,[64/k3→512/k1],0.272474,0.412012,true,champion,49
20,1,0.419935,221957,2,[64/k3→512/k1],0.277600,0.412012,false,weights,49
20,2,0.415997,3497477,2,[1024/k3→512/k1],0.258366,0.412012,false,weights,33
20,3,0.426962,112773,2,[32/k3→512/k1],0.324612,0.412012,false,resize_layer,9
20,4,0.419859,221957,2,[64/k3→512/k1],0.277992,0.412012,false,weights,0
20,5,0.422426,194693,2,[64/k3→128/k1],0.284533,0.412012,false,weights,4
20,6,0.589051,185925,1,[64/k3],0.596186,0.412012,false,remove_layer,49
20,7,0.417121,2326405,2,[768/k3→128/k1],0.274554,0.412012,false,weights,54
20,8,0.561285,84229,1,[256/k1],0.575899,0.412012,false,remove_layer,15
20,9,0.558490,84229,1,[256/k1],0.569516,0.412012,false,remove_layer,34
20,10,0.515562,168453,1,[512/k1],0.510984,0.412012,false,remove_layer,33
20,11,0.432209,203141,4,[64/k3→64/k1→64/k1→128/k1],0.399829,0.412012,false,add_layer,39
20,12,0.423897,262533,3,[64/k3→64/k1→1024/k1],0.338551,0.412012,false,add_layer,10
20,13,0.421647,2425605,2,[768/k3→256/k1],0.242870,0.412012,false,weights,34
20,14,0.419313,221957,2,[64/k3→512/k1],0.279890,0.412012,false,weights,49
20,15,0.444747,362637,3,[322/k1→64/k3→1024/k1],0.398923,0.412012,false,add_layer,18
20,16,0.417508,221957,2,[64/k3→512/k1],0.279070,0.412012,false,weights,0
20,17,0.507007,168453,1,[512/k1],0.489400,0.412012,false,remove_layer,9
20,18,0.417699,2326405,2,[768/k3→128/k1],0.272578,0.412012,false,weights,54
20,19,0.420260,198917,3,[64/k3→64/k1→128/k1],0.343794,0.412012,false,weights,39
20,20,0.422550,342405,3,[64/k3→128/k1→128/k3],0.298546,0.412012,false,add_layer,35
20,21,0.613659,185925,1,[64/k3],0.618828,0.412012,false,remove_layer,26
20,22,0.422297,2624005,2,[768/k3→512/k1],0.237744,0.412012,false,resize_layer,34
20,23,0.423325,258309,2,[64/k3→1024/k1],0.272163,0.412012,false,weights,26
20,24,0.421610,194693,2,[64/k3→128/k1],0.277037,0.412012,false,weights,48
20,25,0.424143,405765,2,[128/k3→256/k1],0.238360,0.412012,false,weights,29
20,26,0.417586,2326405,2,[768/k3→128/k1],0.270711,0.412012,false,weights,54
20,27,0.422970,194693,2,[64/k3→128/k1],0.279230,0.412012,false,weights,46
20,28,0.484239,336901,1,[1024/k1],0.454572,0.412012,false,remove_layer,10
20,29,0.423730,258309,2,[64/k3→1024/k1],0.266463,0.412012,false,weights,18
20,30,0.538341,185925,1,[64/k3],0.547685,0.412012,false,remove_layer,48
20,31,0.421027,258309,2,[64/k3→1024/k1],0.274403,0.412012,false,weights,26
20,32,0.413547,3497477,2,[1024/k3→512/k1],0.264542,0.412012,false,weights,33
20,33,0.422223,194693,2,[64/k3→128/k1],0.283953,0.412012,false,weights,46
20,34,0.423133,194693,2,[64/k3→128/k1],0.283969,0.412012,false,weights,35
20,35,0.540787,185925,1,[64/k3],0.548289,0.412012,false,remove_layer,55
20,36,0.419230,221957,2,[64/k3→512/k1],0.278105,0.412012,false,weights,0
20,37,0.425794,509445,2,[128/k3→1024/k1],0.235067,0.412012,false,resize_layer,29
20,38,0.438141,211333,3,[64/k3→128/k1→128/k1],0.316324,0.412012,false,add_layer,4
20,39,0.422260,258309,2,[64/k3→1024/k1],0.275101,0.412012,false,weights,10
20,40,0.417828,221957,2,[64/k3→512/k1],0.274305,0.412012,false,weights,0
20,41,0.563060,84229,1,[256/k1],0.577376,0.412012,false,remove_layer,52
20,42,0.417957,221957,2,[64/k3→512/k1],0.275939,0.412012,false,weights,0
20,43,0.453837,2231045,1,[768/k3],0.440292,0.412012,false,remove_layer,54
20,44,0.420762,198917,3,[64/k3→64/k1→128/k1],0.343994,0.412012,false,weights,39
20,45,0.416154,2425605,2,[768/k3→256/k1],0.256380,0.412012,false,weights,34
20,46,0.422782,258309,2,[64/k3→1024/k1],0.277967,0.412012,false,weights,10
20,47,0.429007,203141,4,[64/k3→64/k1→64/k1→128/k1],0.412837,0.412012,false,add_layer,39
20,48,0.419920,226181,3,[64/k3→64/k1→512/k1],0.344852,0.412012,false,add_layer,0
20,49,0.499740,371845,1,[128/k3],0.495230,0.412012,false,remove_layer,23
20,50,0.420983,405765,2,[128/k3→256/k1],0.246743,0.412012,false,weights,23
20,51,0.425242,1308933,3,[64/k3→1024/k1→1024/k1],0.287717,0.412012,false,add_layer,18
20,52,0.422569,194693,2,[64/k3→128/k1],0.281767,0.412012,false,weights,35
20,53,0.416824,877061,2,[256/k3→512/k1],0.279385,0.412012,false,resize_layer,49
20,54,0.422419,194693,2,[64/k3→128/k1],0.284683,0.412012,false,weights,4
20,55,0.416579,3497477,2,[1024/k3→512/k1],0.260256,0.412012,false,weights,33
20,56,0.423641,194693,2,[64/k3→128/k1],0.280285,0.412012,false,weights,48
20,57,0.426322,996101,3,[128/k3→256/k1→256/k3],0.246942,0.412012,false,add_layer,12
20,58,0.570118,190149,2,[64/k3→64/k1],0.553220,0.412012,false,resize_layer,26
20,59,0.480627,285829,3,[64/k3→512/k1→128/k1],0.292093,0.412012,false,resize_layer,39
20,60,0.416357,3497477,2,[1024/k3→512/k1],0.261032,0.412012,false,weights,33
20,61,0.423352,258309,2,[64/k3→1024/k1],0.267260,0.412012,false,weights,18
20,62,0.426101,405765,2,[128/k3→256/k1],0.233562,0.412012,false,weights,12
20,63,0.420728,240133,2,[64/k3→768/k1],0.267714,0.412012,false,resize_layer,18
21,0,0.418345,3497477,2,[1024/k3→512/k1],0.243300,0.412012,true,champion,32
21,1,0.523101,190149,2,[64/k3→64/k1],0.491527,0.412012,false,resize_layer,0
21,2,0.422577,258309,2,[64/k3→1024/k1],0.265128,0.412012,false,resize_layer,40
21,3,0.412704,1750533,2,[512/k3→512/k1],0.294167,0.412012,false,resize_layer,0
21,4,0.418587,3497477,2,[1024/k3→512/k1],0.242734,0.412012,false,weights,60
21,5,0.436031,1155757,3,[322/k3→64/k3→512/k1],0.389134,0.412012,false,add_layer,16
21,6,0.439864,3497477,2,[1024/k3→512/k1],0.396453,0.412012,false,resize_layer,14
21,7,0.418860,2326405,2,[768/k3→128/k1],0.254739,0.412012,false,weights,26
21,8,0.420962,422405,3,[128/k3→128/k1→256/k1],0.300734,0.412012,false,add_layer,50
21,9,0.423249,194693,2,[64/k3→128/k1],0.348115,0.412012,false,resize_layer,1
21,10,0.421394,221957,2,[64/k3→512/k1],0.275752,0.412012,false,weights,42
21,11,0.415532,1750533,2,[512/k3→512/k1],0.273092,0.412012,false,resize_layer,53
21,12,0.425914,194693,2,[64/k3→128/k1],0.281671,0.412012,false,weights,24
21,13,0.419343,2326405,2,[768/k3→128/k1],0.255194,0.412012,false,weights,26
21,14,0.595294,185925,1,[64/k3],0.606215,0.412012,false,remove_layer,16
21,15,0.523847,168453,1,[512/k1],0.528631,0.412012,false,remove_layer,55
21,16,0.426257,3015941,3,[768/k3→256/k1→256/k3],0.239206,0.412012,false,add_layer,45
21,17,0.423958,240133,2,[64/k3→768/k1],0.265690,0.412012,false,weights,63
21,18,0.436661,2974725,1,[1024/k3],0.400159,0.412012,false,remove_layer,2
21,19,0.423133,240133,2,[64/k3→768/k1],0.267718,0.412012,false,weights,63
21,20,0.417990,194693,2,[64/k3→128/k1],0.284267,0.412012,false,remove_layer,19
21,21,0.415183,809733,2,[256/k3→256/k1],0.286516,0.412012,false,resize_layer,53
21,22,0.504750,168453,1,[512/k1],0.488366,0.412012,false,remove_layer,16
21,23,0.417092,3497477,2,[1024/k3→512/k1],0.245644,0.412012,false,weights,2
21,24,0.421531,221957,2,[64/k3→512/k1],0.265626,0.412012,false,weights,1
21,25,0.501424,371845,1,[128/k3],0.496966,0.412012,false,remove_layer,50
21,26,0.425477,12936709,3,[1024/k3→1024/k3→512/k1],0.262515,0.412012,false,add_layer,60
21,27,0.425298,258309,2,[64/k3→1024/k1],0.263241,0.412012,false,weights,31
21,28,0.419847,221957,2,[64/k3→512/k1],0.269627,0.412012,false,weights,36
21,29,0.491440,252677,1,[768/k1],0.468576,0.412012,false,remove_layer,63
21,30,0.419420,221957,2,[64/k3→512/k1],0.274492,0.412012,false,weights,1
21,31,0.422865,240133,2,[64/k3→768/k1],0.263476,0.412012,false,weights,63
21,32,0.421589,221957,2,[64/k3→512/k1],0.270615,0.412012,false,weights,14
21,33,0.421477,221957,2,[64/k3→512/k1],0.268739,0.412012,false,weights,42
21,34,0.421491,221957,2,[64/k3→512/k1],0.267897,0.412012,false,weights,0
21,35,0.439143,1132717,4,[322/k3→64/k3→64/k1→128/k1],0.425385,0.412012,false,add_layer,19
21,36,0.419709,221957,2,[64/k3→512/k1],0.274039,0.412012,false,weights,16
21,37,0.416234,2326405,2,[768/k3→128/k1],0.259330,0.412012,false,weights,7
21,38,0.418693,3497477,2,[1024/k3→512/k1],0.240568,0.412012,false,weights,55
21,39,0.421696,221957,2,[64/k3→512/k1],0.273835,0.412012,false,weights,14
21,40,0.426527,198917,3,[64/k3→64/k1→128/k1],0.337283,0.412012,false,weights,44
21,41,0.422499,221957,2,[64/k3→512/k1],0.269373,0.412012,false,weights,4
21,42,0.424271,198917,3,[64/k3→64/k1→128/k1],0.334676,0.412012,false,weights,19
21,43,0.418515,877061,2,[256/k3→512/k1],0.270225,0.412012,false,weights,53
21,44,0.507174,168453,1,[512/k1],0.488872,0.412012,false,remove_layer,4
21,45,0.422388,258949,3,[64/k3→64/k3→512/k1],0.325009,0.412012,false,add_layer,0
21,46,0.420594,221957,2,[64/k3→512/k1],0.270741,0.412012,false,weights,42
21,47,0.416718,2326405,2,[768/k3→128/k1],0.261374,0.412012,false,weights,26
21,48,0.505374,168453,1,[512/k1],0.487003,0.412012,false,remove_layer,42
21,49,0.424256,198917,3,[64/k3→64/k1→128/k1],0.328267,0.412012,false,weights,19
21,50,0.420846,776069,2,[256/k3→128/k1],0.331895,0.412012,false,resize_layer,53
21,51,0.422533,258949,3,[64/k3→64/k3→512/k1],0.324728,0.412012,false,add_layer,40
21,52,0.424327,2425605,2,[768/k3→256/k1],0.231221,0.412012,false,weights,45
21,53,0.421358,3044357,3,[1024/k3→64/k1→128/k1],0.323472,0.412012,false,resize_layer,44
21,54,0.420858,221957,2,[64/k3→512/k1],0.273285,0.412012,false,weights,40
21,55,0.504585,168453,1,[512/k1],0.485368,0.412012,false,remove_layer,36
21,56,0.425498,2425605,2,[768/k3→256/k1],0.227564,0.412012,false,weights,45
21,57,0.425735,2582277,3,[64/k3→512/k1→512/k3],0.291826,0.412012,false,add_layer,40
21,58,0.422126,277125,3,[64/k3→64/k3→768/k1],0.319910,0.412012,false,add_layer,63
21,59,0.426205,2582277,3,[64/k3→512/k1→512/k3],0.288795,0.412012,false,add_layer,42
21,60,0.420832,221957,2,[64/k3→512/k1],0.277551,0.412012,false,weights,14
21,61,0.415852,5857797,3,[1024/k3→512/k1→512/k3],0.251174,0.412012,false,add_layer,55
21,62,0.448180,299021,3,[322/k1→64/k3→128/k1],0.417876,0.412012,false,add_layer,24
21,63,0.415999,877061,2,[256/k3→512/k1],0.264567,0.412012,false,weights,53
22,0,0.416257,1750533,2,[512/k3→512/k1],0.269839,0.412012,true,champion,3
22,1,0.421873,221957,2,[64/k3→512/k1],0.262654,0.412012,false,weights,30
22,2,0.420353,3497477,2,[1024/k3→512/k1],0.234569,0.412012,false,weights,38
22,3,0.421737,5857797,3,[1024/k3→512/k1→512/k3],0.220845,0.412012,false,weights,61
22,4,0.416290,809733,2,[256/k3→256/k1],0.274696,0.412012,false,resize_layer,50
22,5,0.423239,3497477,2,[1024/k3→512/k1],0.224499,0.412012,false,weights,23
22,6,0.416828,776069,2,[256/k3→128/k1],0.281429,0.412012,false,weights,50
22,7,0.419383,2326405,2,[768/k3→128/k1],0.242498,0.412012,false,weights,37
22,8,0.455733,743685,1,[256/k3],0.435871,0.412012,false,remove_layer,43
22,9,0.525508,190149,2,[64/k3→64/k1],0.490781,0.412012,false,resize_layer,28
22,10,0.425877,422405,3,[128/k3→128/k1→256/k1],0.277319,0.412012,false,weights,8
22,11,0.431391,2474117,3,[768/k3→128/k1→128/k3],0.254953,0.412012,false,add_layer,13
22,12,0.429856,2582277,3,[64/k3→512/k1→512/k3],0.290483,0.412012,false,add_layer,36
22,13,0.425449,3497477,2,[1024/k3→512/k1],0.226446,0.412012,false,weights,4
22,14,0.418009,1750533,2,[512/k3→512/k1],0.264947,0.412012,false,weights,11
22,15,0.423891,194693,2,[64/k3→128/k1],0.275787,0.412012,false,weights,20
22,16,0.503513,168453,1,[512/k1],0.489039,0.412012,false,remove_layer,36
22,17,0.425940,3497477,2,[1024/k3→512/k1],0.222588,0.412012,false,weights,4
22,18,0.429713,471813,3,[128/k3→256/k1→256/k1],0.253378,0.412012,false,resize_layer,8
22,19,0.449000,1487365,1,[512/k3],0.423583,0.412012,false,remove_layer,3
22,20,0.421884,221957,2,[64/k3→512/k1],0.269480,0.412012,false,weights,60
22,21,0.421975,3497477,2,[1024/k3→512/k1],0.226614,0.412012,false,weights,4
22,22,0.423114,2326405,2,[768/k3→128/k1],0.234168,0.412012,false,weights,7
22,23,0.454997,3060997,4,[1024/k3→64/k1→128/k1→128/k1],0.342018,0.412012,false,add_layer,53
22,24,0.422707,194693,2,[64/k3→128/k1],0.279322,0.412012,false,weights,20
22,25,0.593769,185925,1,[64/k3],0.604990,0.412012,false,remove_layer,36
22,26,0.423170,5857797,3,[1024/k3→512/k1→512/k3],0.236652,0.412012,false,add_layer,0
22,27,0.425078,2326405,2,[768/k3→128/k1],0.236409,0.412012,false,weights,7
22,28,0.418619,877061,2,[256/k3→512/k1],0.255433,0.412012,false,weights,63
22,29,0.427406,221957,2,[64/k3→512/k1],0.267396,0.412012,false,weights,60
22,30,0.422240,221957,2,[64/k3→512/k1],0.266542,0.412012,false,weights,30
22,31,0.419178,203781,2,[64/k3→256/k1],0.285126,0.412012,false,resize_layer,21
22,32,0.421591,5857797,3,[1024/k3→512/k1→512/k3],0.228870,0.412012,false,weights,61
22,33,0.448236,2430733,3,[322/k1→768/k3→128/k1],0.351516,0.412012,false,add_layer,13
22,34,0.420913,877061,2,[256/k3→512/k1],0.252584,0.412012,false,weights,63
22,35,0.422878,2326405,2,[768/k3→128/k1],0.236915,0.412012,false,weights,7
22,36,0.421832,3497477,2,[1024/k3→512/k1],0.233730,0.412012,false,weights,4
22,37,0.420779,877061,2,[256/k3→512/k1],0.256660,0.412012,false,weights,43
22,38,0.418741,877061,2,[256/k3→512/k1],0.255527,0.412012,false,weights,63
22,39,0.419635,1750533,2,[512/k3→512/k1],0.268920,0.412012,false,weights,11
22,40,0.585332,42117,1,[128/k1],0.608969,0.412012,false,remove_layer,20
22,41,0.478344,3790277,3,[1024/k3→512/k1→64/k3],0.336874,0.412012,false,resize_layer,61
22,42,0.432854,2974725,1,[1024/k3],0.391304,0.412012,false,remove_layer,38
22,43,0.453948,3601805,3,[322/k1→1024/k3→512/k1],0.335420,0.412012,false,add_layer,23
22,44,0.452325,2430733,3,[322/k1→768/k3→128/k1],0.354220,0.412012,false,add_layer,13
22,45,0.425158,221957,2,[64/k3→512/k1],0.269820,0.412012,false,weights,30
22,46,0.419398,877061,2,[256/k3→512/k1],0.256153,0.412012,false,weights,43
22,47,0.526892,3037541,3,[1024/k3→64/k1→32/k1],0.474271,0.412012,false,resize_layer,53
22,48,0.423289,194693,2,[64/k3→128/k1],0.275997,0.412012,false,weights,20
22,49,0.443431,112773,2,[32/k3→512/k1],0.358794,0.412012,false,resize_layer,4
22,50,0.431835,4548101,3,[1024/k3→1024/k1→512/k1],0.243798,0.412012,false,add_layer,23
22,51,0.581362,42117,1,[128/k1],0.605492,0.412012,false,remove_layer,37
22,52,0.529364,168453,1,[512/k1],0.533073,0.412012,false,remove_layer,38
22,53,0.421045,809733,2,[256/k3→256/k1],0.262240,0.412012,false,weights,21
22,54,0.423692,422405,3,[128/k3→128/k1→256/k1],0.272760,0.412012,false,weights,8
22,55,0.416872,1750533,2,[512/k3→512/k1],0.268264,0.412012,false,weights,11
22,56,0.431239,485125,3,[64/k3→512/k1→512/k1],0.287016,0.412012,false,add_layer,54
22,57,0.417899,809733,2,[256/k3→256/k1],0.258523,0.412012,false,weights,21
22,58,0.503617,168453,1,[512/k1],0.491223,0.412012,false,remove_layer,28
22,59,0.422005,221957,2,[64/k3→512/k1],0.272471,0.412012,false,weights,30
22,60,0.446394,743685,1,[256/k3],0.432860,0.412012,false,remove_layer,50
22,61,0.421719,3044357,3,[1024/k3→64/k1→128/k1],0.304497,0.412012,false,weights,53
22,62,0.431749,4548101,3,[1024/k3→1024/k1→512/k1],0.244129,0.412012,false,add_layer,4
22,63,0.427046,2582277,3,[64/k3→512/k1→512/k3],0.289457,0.412012,false,add_layer,30
23,0,0.417542,1750533,2,[512/k3→512/k1],0.248826,0.412012,true,champion,0
23,1,0.430716,4094981,4,[1024/k3→1024/k1→64/k1→128/k1],0.297696,0.412012,false,add_layer,61
23,2,0.426079,3044357,3,[1024/k3→64/k1→128/k1],0.278902,0.412012,false,weights,61
23,3,0.528517,84229,1,[256/k1],0.528797,0.412012,false,remove_layer,31
23,4,0.420498,776069,2,[256/k3→128/k1],0.260423,0.412012,false,weights,6
23,5,0.418121,203781,2,[64/k3→256/k1],0.281898,0.412012,false,weights,31
23,6,0.424753,221957,2,[64/k3→512/k1],0.266421,0.412012,false,weights,1
23,7,0.420133,2013701,3,[512/k3→512/k1→512/k1],0.276791,0.412012,false,add_layer,0
23,8,0.425033,3237381,3,[256/k3→512/k1→512/k3],0.258942,0.412012,false,add_layer,46
23,9,0.419460,877061,2,[256/k3→512/k1],0.244738,0.412012,false,weights,28
23,10,0.425618,3044357,3,[1024/k3→64/k1→128/k1],0.281984,0.412012,false,weights,61
23,11,0.442886,981389,3,[322/k1→256/k3→512/k1],0.357947,0.412012,false,add_layer,37
23,12,0.453379,5962125,4,[322/k1→1024/k3→512/k1→512/k3],0.328260,0.412012,false,add_layer,32
23,13,0.519268,168453,1,[512/k1],0.508543,0.412012,false,remove_layer,14
23,14,0.421463,1750533,2,[512/k3→512/k1],0.246166,0.412012,false,weights,55
23,15,0.433067,8218117,4,[1024/k3→512/k1→512/k3→512/k3],0.202434,0.412012,false,add_layer,3
23,16,0.430415,6120965,4,[1024/k3→512/k1→512/k1→512/k3],0.200676,0.412012,false,add_layer,32
23,17,0.418760,1750533,2,[512/k3→512/k1],0.252527,0.412012,false,weights,39
23,18,0.416108,3497477,2,[1024/k3→512/k1],0.256813,0.412012,false,resize_layer,0
23,19,0.420013,1617669,2,[512/k3→256/k1],0.245805,0.412012,false,resize_layer,53
23,20,0.424249,221957,2,[64/k3→512/k1],0.263912,0.412012,false,weights,1
23,21,0.508935,168453,1,[512/k1],0.495463,0.412012,false,remove_layer,37
23,22,0.429856,3497477,2,[1024/k3→512/k1],0.208444,0.412012,false,weights,36
23,23,0.546643,42117,1,[128/k1],0.563903,0.412012,false,remove_layer,6
23,24,0.431813,112773,2,[32/k3→512/k1],0.335545,0.412012,false,resize_layer,28
23,25,0.425532,221957,2,[64/k3→512/k1],0.262537,0.412012,false,weights,59
23,26,0.419172,877061,2,[256/k3→512/k1],0.242316,0.412012,false,weights,28
23,27,0.428620,258309,2,[64/k3→1024/k1],0.258827,0.412012,false,resize_layer,1
23,28,0.442992,1487365,1,[512/k3],0.415106,0.412012,false,remove_layer,55
23,29,0.423808,221957,2,[64/k3→512/k1],0.263559,0.412012,false,weights,20
23,30,0.422021,1750533,2,[512/k3→512/k1],0.245725,0.412012,false,weights,55
23,31,0.426700,3497477,2,[1024/k3→512/k1],0.211765,0.412012,false,weights,2
23,32,0.424867,3265925,3,[1024/k3→256/k1→128/k1],0.275899,0.412012,false,resize_layer,61
23,33,0.418872,877061,2,[256/k3→512/k1],0.245319,0.412012,false,weights,46
23,34,0.419851,1750533,2,[512/k3→512/k1],0.246797,0.412012,false,weights,39
23,35,0.424158,221957,2,[64/k3→512/k1],0.262847,0.412012,false,weights,59
23,36,0.426511,3044357,3,[1024/k3→64/k1→128/k1],0.285180,0.412012,false,weights,61
23,37,0.426154,221957,2,[64/k3→512/k1],0.263139,0.412012,false,weights,59
23,38,0.414822,3497477,2,[1024/k3→512/k1],0.273227,0.412012,false,resize_layer,34
23,39,0.414967,2425605,2,[768/k3→256/k1],0.264743,0.412012,false,resize_layer,4
23,40,0.610611,750821,2,[256/k3→32/k1],0.572898,0.412012,false,resize_layer,57
23,41,0.419741,388485,2,[128/k3→128/k1],0.264519,0.412012,false,resize_layer,7
23,42,0.447368,1487365,1,[512/k3],0.412221,0.412012,false,remove_layer,0
23,43,0.424593,3044357,3,[1024/k3→64/k1→128/k1],0.282929,0.412012,false,weights,61
23,44,0.429910,5857797,3,[1024/k3→512/k1→512/k3],0.198836,0.412012,false,weights,3
23,45,0.419290,1750533,2,[512/k3→512/k1],0.245946,0.412012,false,weights,39
23,46,0.430051,5857797,3,[1024/k3→512/k1→512/k3],0.198534,0.412012,false,weights,3
23,47,0.427001,2326405,2,[768/k3→128/k1],0.222427,0.412012,false,weights,7
23,48,0.425254,3237381,3,[256/k3→512/k1→512/k3],0.258050,0.412012,false,add_layer,28
23,49,0.424016,809733,2,[256/k3→256/k1],0.244350,0.412012,false,weights,53
23,50,0.431504,4431277,3,[322/k3→1024/k3→512/k1],0.346586,0.412012,false,add_layer,21
23,51,0.419317,1400069,3,[256/k3→256/k1→256/k3],0.257564,0.412012,false,add_layer,4
23,52,0.438554,743685,1,[256/k3],0.420547,0.412012,false,remove_layer,6
23,53,0.444441,1487365,1,[512/k3],0.411274,0.412012,false,remove_layer,39
23,54,0.422926,221957,2,[64/k3→512/k1],0.265193,0.412012,false,resize_layer,37
23,55,0.434012,485125,3,[64/k3→512/k1→512/k1],0.287783,0.412012,false,add_layer,59
23,56,0.596126,185925,1,[64/k3],0.603401,0.412012,false,remove_layer,1
23,57,0.418279,809733,2,[256/k3→256/k1],0.253277,0.412012,false,weights,4
23,58,0.426251,3044357,3,[1024/k3→64/k1→128/k1],0.282778,0.412012,false,weights,61
23,59,0.429476,3497477,2,[1024/k3→512/k1],0.212913,0.412012,false,weights,21
23,60,0.425339,240133,2,[64/k3→768/k1],0.261054,0.412012,false,resize_layer,59
23,61,0.429807,5857797,3,[1024/k3→512/k1→512/k3],0.203343,0.412012,false,weights,3
23,62,0.583950,42117,1,[128/k1],0.605460,0.412012,false,remove_layer,7
23,63,0.421849,809733,2,[256/k3→256/k1],0.247254,0.412012,false,weights,57
24,0,0.414577,3497477,2,[1024/k3→512/k1],0.257835,0.412012,true,champion,38
24,1,0.424488,221957,2,[64/k3→512/k1],0.260797,0.412012,false,weights,35
24,2,0.419076,3497477,2,[1024/k3→512/k1],0.256986,0.412012,false,weights,18
24,3,0.429701,809733,2,[256/k3→256/k1],0.227673,0.412012,false,weights,49
24,4,0.425638,1750533,2,[512/k3→512/k1],0.231771,0.412012,false,weights,14
24,5,0.425536,809733,2,[256/k3→256/k1],0.229597,0.412012,false,weights,63
24,6,0.425520,221957,2,[64/k3→512/k1],0.260008,0.412012,false,weights,35
24,7,0.449450,743685,1,[256/k3],0.423936,0.412012,false,remove_layer,26
24,8,0.432462,112773,2,[32/k3→512/k1],0.322881,0.412012,false,resize_layer,29
24,9,0.426039,221957,2,[64/k3→512/k1],0.256033,0.412012,false,weights,29
24,10,0.424199,1750533,2,[512/k3→512/k1],0.234819,0.412012,false,weights,17
24,11,0.521888,168453,1,[512/k1],0.513339,0.412012,false,remove_layer,38
24,12,0.418488,943109,3,[256/k3→256/k1→512/k1],0.269728,0.412012,false,add_layer,9
24,13,0.423671,1617669,2,[512/k3→256/k1],0.235600,0.412012,false,weights,19
24,14,0.454162,1854861,3,[322/k1→512/k3→512/k1],0.345335,0.412012,false,add_layer,17
24,15,0.451059,1854861,3,[322/k1→512/k3→512/k1],0.348286,0.412012,false,add_layer,0
24,16,0.420719,1750533,2,[512/k3→512/k1],0.236943,0.412012,false,weights,45
24,17,0.423356,1750533,2,[512/k3→512/k1],0.232313,0.412012,false,weights,0
24,18,0.422036,1400069,3,[256/k3→256/k1→256/k3],0.229856,0.412012,false,weights,51
24,19,0.421268,1750533,2,[512/k3→512/k1],0.246511,0.412012,false,weights,17
24,20,0.421933,1750533,2,[512/k3→512/k1],0.238926,0.412012,false,weights,14
24,21,0.437566,269829,3,[64/k3→256/k1→256/k1],0.296240,0.412012,false,add_layer,5
24,22,0.421858,388485,2,[128/k3→128/k1],0.251466,0.412012,false,weights,41
24,23,0.418914,2425605,2,[768/k3→256/k1],0.249966,0.412012,false,weights,39
24,24,0.441803,1487365,1,[512/k3],0.404095,0.412012,false,remove_layer,17
24,25,0.420194,2425605,2,[768/k3→256/k1],0.249084,0.412012,false,weights,39
24,26,0.420248,3497477,2,[1024/k3→512/k1],0.241236,0.412012,false,weights,18
24,27,0.424778,221957,2,[64/k3→512/k1],0.257567,0.412012,false,weights,29
24,28,0.442115,1487365,1,[512/k3],0.400537,0.412012,false,remove_layer,45
24,29,0.425246,440325,2,[128/k3→512/k1],0.242284,0.412012,false,resize_layer,33
24,30,0.424704,1750533,2,[512/k3→512/k1],0.343866,0.412012,false,remove_layer,7
24,31,0.420058,3497477,2,[1024/k3→512/k1],0.247802,0.412012,false,weights,18
24,32,0.419745,1617669,2,[512/k3→256/k1],0.240142,0.412012,false,weights,19
24,33,0.417937,2425605,2,[768/k3→256/k1],0.249225,0.412012,false,weights,39
24,34,0.423931,1400069,3,[256/k3→256/k1→256/k3],0.232714,0.412012,false,weights,51
24,35,0.415745,3497477,2,[1024/k3→512/k1],0.278184,0.412012,false,weights,38
24,36,0.425012,221957,2,[64/k3→512/k1],0.264758,0.412012,false,weights,54
24,37,0.420579,776069,2,[256/k3→128/k1],0.246994,0.412012,false,weights,4
24,38,0.514226,168453,1,[512/k1],0.502133,0.412012,false,remove_layer,26
24,39,0.425437,221957,2,[64/k3→512/k1],0.265179,0.412012,false,resize_layer,14
24,40,0.442944,956357,3,[256/k3→256/k1→64/k3],0.286081,0.412012,false,resize_layer,51
24,41,0.423516,3760645,3,[1024/k3→512/k1→512/k1],0.265928,0.412012,false,add_layer,18
24,42,0.421846,1750533,2,[512/k3→512/k1],0.230671,0.412012,false,weights,34
24,43,0.424935,1617669,2,[512/k3→256/k1],0.239685,0.412012,false,resize_layer,45
24,44,0.425138,1750533,2,[512/k3→512/k1],0.227062,0.412012,false,weights,14
24,45,0.423000,809733,2,[256/k3→256/k1],0.231147,0.412012,false,weights,63
24,46,0.423277,203781,2,[64/k3→256/k1],0.274026,0.412012,false,weights,5
24,47,0.429368,759237,2,[256/k3→64/k1],0.301018,0.412012,false,resize_layer,4
24,48,0.422368,877061,2,[256/k3→512/k1],0.260726,0.412012,false,resize_layer,54
24,49,0.414516,3497477,2,[1024/k3→512/k1],0.268050,0.412012,false,weights,18
24,50,0.421133,1750533,2,[512/k3→512/k1],0.244642,0.412012,false,weights,0
24,51,0.423808,240773,3,[64/k3→64/k3→256/k1],0.320944,0.412012,false,add_layer,5
24,52,0.418898,1750533,2,[512/k3→512/k1],0.246546,0.412012,false,weights,34
24,53,0.533591,190149,2,[64/k3→64/k1],0.492105,0.412012,false,resize_layer,54
24,54,0.424375,1750533,2,[512/k3→512/k1],0.230807,0.412012,false,weights,17
24,55,0.426722,2013701,3,[512/k3→512/k1→512/k1],0.247643,0.412012,false,add_layer,30
24,56,0.423589,1750533,2,[512/k3→512/k1],0.231006,0.412012,false,weights,30
24,57,0.421109,877061,2,[256/k3→512/k1],0.234178,0.412012,false,weights,9
24,58,0.423164,203781,2,[64/k3→256/k1],0.274042,0.412012,false,weights,5
24,59,0.431247,1743533,3,[322/k3→256/k3→256/k1],0.361269,0.412012,false,add_layer,49
24,60,0.431935,2013701,3,[512/k3→512/k1→512/k1],0.244455,0.412012,false,weights,7
24,61,0.425342,877061,2,[256/k3→512/k1],0.231460,0.412012,false,weights,33
24,62,0.517776,3035589,2,[1024/k3→64/k1],0.448523,0.412012,false,resize_layer,38
24,63,0.449360,326285,3,[322/k1→64/k3→512/k1],0.400080,0.412012,false,add_layer,35
25,0,0.425108,3497477,2,[1024/k3→512/k1],0.228862,0.412012,true,champion,49
25,1,0.425716,3497477,2,[1024/k3→512/k1],0.234611,0.412012,false,weights,35
25,2,0.451271,743685,1,[256/k3],0.425605,0.412012,false,remove_layer,57
25,3,0.423879,809733,2,[256/k3→256/k1],0.224538,0.412012,false,weights,45
25,4,0.425258,3497477,2,[1024/k3→512/k1],0.235893,0.412012,false,weights,2
25,5,0.432854,4110853,3,[512/k3→512/k3→512/k1],0.232985,0.412012,false,add_layer,20
25,6,0.436288,792709,3,[256/k3→128/k1→128/k1],0.260548,0.412012,false,add_layer,37
25,7,0.427394,1750533,2,[512/k3→512/k1],0.223066,0.412012,false,weights,19
25,8,0.531672,168453,1,[512/k1],0.526861,0.412012,false,remove_layer,0
25,9,0.422330,1750533,2,[512/k3→512/k1],0.231807,0.412012,false,weights,19
25,10,0.423036,3497477,2,[1024/k3→512/k1],0.234654,0.412012,false,weights,0
25,11,0.425387,996101,3,[128/k3→256/k1→256/k3],0.225808,0.412012,false,resize_layer,18
25,12,0.425705,877061,2,[256/k3→512/k1],0.221456,0.412012,false,weights,57
25,13,0.427098,3497477,2,[1024/k3→512/k1],0.224528,0.412012,false,weights,31
25,14,0.426730,877061,2,[256/k3→512/k1],0.233302,0.412012,false,resize_layer,20
25,15,0.423316,1400069,3,[256/k3→256/k1→256/k3],0.219525,0.412012,false,weights,18
25,16,0.422354,2425605,2,[768/k3→256/k1],0.232738,0.412012,false,weights,33
25,17,0.425238,809733,2,[256/k3→256/k1],0.222702,0.412012,false,weights,45
25,18,0.422986,2425605,2,[768/k3→256/k1],0.231846,0.412012,false,weights,25
25,19,0.425155,1551237,2,[512/k3→128/k1],0.243466,0.412012,false,resize_layer,22
25,20,0.426851,3497477,2,[1024/k3→512/k1],0.233598,0.412012,false,weights,35
25,21,0.533898,84229,1,[256/k1],0.533769,0.412012,false,remove_layer,45
25,22,0.425327,3497477,2,[1024/k3→512/k1],0.235891,0.412012,false,weights,35
25,23,0.421833,3497477,2,[1024/k3→512/k1],0.232081,0.412012,false,weights,26
25,24,0.527234,84229,1,[256/k1],0.529641,0.412012,false,remove_layer,58
25,25,0.423286,776069,2,[256/k3→128/k1],0.237068,0.412012,false,weights,37
25,26,0.423588,221957,2,[64/k3→512/k1],0.268294,0.412012,false,resize_layer,52
25,27,0.427433,943109,3,[256/k3→256/k1→512/k1],0.245383,0.412012,false,weights,12
25,28,0.425545,1750533,2,[512/k3→512/k1],0.222484,0.412012,false,weights,16
25,29,0.426960,877061,2,[256/k3→512/k1],0.220221,0.412012,false,weights,57
25,30,0.430868,2558981,3,[768/k3→256/k1→512/k1],0.243408,0.412012,false,resize_layer,12
25,31,0.420800,1617669,2,[512/k3→256/k1],0.232041,0.412012,false,weights,32
25,32,0.428277,1750533,2,[512/k3→512/k1],0.218026,0.412012,false,weights,50
25,33,0.423382,1750533,2,[512/k3→512/k1],0.229931,0.412012,false,weights,50
25,34,0.426196,1750533,2,[512/k3→512/k1],0.217078,0.412012,false,weights,50
25,35,0.433875,2684333,3,[322/k3→512/k3→512/k1],0.356242,0.412012,false,add_layer,20
25,36,0.457679,1854861,3,[322/k1→512/k3→512/k1],0.348815,0.412012,false,add_layer,20
25,37,0.426234,1750533,2,[512/k3→512/k1],0.226649,0.412012,false,weights,52
25,38,0.422377,3497477,2,[1024/k3→512/k1],0.227055,0.412012,false,weights,0
25,39,0.479922,371845,1,[128/k3],0.472619,0.412012,false,remove_layer,22
25,40,0.444632,102789,2,[32/k3→256/k1],0.364255,0.412012,false,resize_layer,25
25,41,0.423517,3497477,2,[1024/k3→512/k1],0.229274,0.412012,false,resize_layer,16
25,42,0.424999,3760645,3,[1024/k3→512/k1→512/k1],0.244907,0.412012,false,add_layer,31
25,43,0.422629,943109,3,[256/k3→256/k1→512/k1],0.265736,0.412012,false,add_layer,57
25,44,0.432758,2974725,1,[1024/k3],0.388535,0.412012,false,remove_layer,35
25,45,0.421255,877061,2,[256/k3→512/k1],0.237098,0.412012,false,resize_layer,26
25,46,0.425549,1750533,2,[512/k3→512/k1],0.218349,0.412012,false,weights,42
25,47,0.425121,7735557,3,[768/k3→768/k3→256/k1],0.240158,0.412012,false,add_layer,33
25,48,0.426611,1750533,2,[512/k3→512/k1],0.220523,0.412012,false,weights,19
25,49,0.449847,2529933,3,[322/k1→768/k3→256/k1],0.344125,0.412012,false,add_layer,23
25,50,0.429301,4110853,3,[512/k3→512/k1→512/k3],0.235674,0.412012,false,add_layer,50
25,51,0.431023,4110853,3,[512/k3→512/k3→512/k1],0.230859,0.412012,false,add_layer,16
25,52,0.428261,1750533,2,[512/k3→512/k1],0.218435,0.412012,false,weights,19
25,53,0.430359,3303429,4,[256/k3→256/k1→512/k1→512/k3],0.276921,0.412012,false,add_layer,12
25,54,0.515635,168453,1,[512/k1],0.507053,0.412012,false,remove_layer,50
25,55,0.428852,809733,2,[256/k3→256/k1],0.219711,0.412012,false,weights,45
25,56,0.422593,2425605,2,[768/k3→256/k1],0.239139,0.412012,false,weights,33
25,57,0.428210,3359405,3,[322/k3→768/k3→256/k1],0.353666,0.412012,false,add_layer,33
25,58,0.425294,1750533,2,[512/k3→512/k1],0.220615,0.412012,false,weights,16
25,59,0.423287,1400069,3,[256/k3→256/k1→256/k3],0.223332,0.412012,false,weights,18
25,60,0.427583,809733,2,[256/k3→256/k1],0.222291,0.412012,false,weights,45
25,61,0.419178,3497477,2,[1024/k3→512/k1],0.237073,0.412012,false,weights,31
25,62,0.421265,3497477,2,[1024/k3→512/k1],0.231238,0.412012,false,weights,49
25,63,0.437617,792709,3,[256/k3→128/k1→128/k1],0.264516,0.412012,false,add_layer,37
26,0,0.427345,3497477,2,[1024/k3→512/k1],0.216757,0.412012,true,champion,61
26,1,0.430541,1750533,2,[512/k3→512/k1],0.211575,0.412012,false,weights,9
26,2,0.432450,7735557,3,[768/k3→768/k3→256/k1],0.212006,0.412012,false,weights,47
26,3,0.428816,1880837,3,[512/k3→512/k1→256/k1],0.240699,0.412012,false,add_layer,31
26,4,0.427274,3497477,2,[1024/k3→512/k1],0.211928,0.412012,false,weights,0
26,5,0.423847,2425605,2,[768/k3→256/k1],0.226192,0.412012,false,weights,18
26,6,0.430968,809733,2,[256/k3→256/k1],0.212177,0.412012,false,weights,17
26,7,0.423658,875781,3,[256/k3→256/k1→256/k1],0.253897,0.412012,false,add_layer,3
26,8,0.425399,2425605,2,[768/k3→256/k1],0.217429,0.412012,false,weights,16
26,9,0.428214,3497477,2,[1024/k3→512/k1],0.216489,0.412012,false,weights,10
26,10,0.424100,3497477,2,[1024/k3→512/k1],0.227092,0.412012,false,weights,61
26,11,0.592511,185925,1,[64/k3],0.601517,0.412012,false,remove_layer,26
26,12,0.429676,1750533,2,[512/k3→512/k1],0.208196,0.412012,false,weights,9
26,13,0.431950,1009157,4,[256/k3→256/k1→256/k1→512/k1],0.268425,0.412012,false,add_layer,43
26,14,0.426720,2425605,2,[768/k3→256/k1],0.221588,0.412012,false,weights,56
26,15,0.428208,3497477,2,[1024/k3→512/k1],0.217189,0.412012,false,weights,38
26,16,0.433610,943109,3,[256/k3→256/k1→512/k1],0.233732,0.412012,false,weights,43
26,17,0.426436,3497477,2,[1024/k3→512/k1],0.210003,0.412012,false,weights,62
26,18,0.423991,2822405,2,[768/k3→768/k1],0.216452,0.412012,false,resize_layer,16
26,19,0.530182,168453,1,[512/k1],0.529784,0.412012,false,remove_layer,61
26,20,0.426835,2425605,2,[768/k3→256/k1],0.216196,0.412012,false,weights,16
26,21,0.422151,3497477,2,[1024/k3→512/k1],0.223339,0.412012,false,weights,41
26,22,0.526478,168453,1,[512/k1],0.523835,0.412012,false,remove_layer,62
26,23,0.429259,7735557,3,[768/k3→768/k3→256/k1],0.224961,0.412012,false,add_layer,16
26,24,0.587859,42117,1,[128/k1],0.608475,0.412012,false,remove_layer,19
26,25,0.427472,3497477,2,[1024/k3→512/k1],0.216842,0.412012,false,weights,61
26,26,0.424462,3497477,2,[1024/k3→512/k1],0.338592,0.412012,false,remove_layer,42
26,27,0.423282,3015941,3,[768/k3→256/k1→256/k3],0.211328,0.412012,false,resize_layer,15
26,28,0.435940,8669357,4,[322/k3→768/k3→768/k3→256/k1],0.352945,0.412012,false,add_layer,47
26,29,0.525666,3035589,2,[1024/k3→64/k1],0.439492,0.412012,false,resize_layer,0
26,30,0.426663,2425605,2,[768/k3→256/k1],0.218660,0.412012,false,weights,16
26,31,0.429232,1466117,4,[256/k3→256/k1→256/k1→256/k3],0.211633,0.412012,false,add_layer,15
26,32,0.431901,1750533,2,[512/k3→512/k1],0.210381,0.412012,false,weights,9
26,33,0.429590,3760645,3,[1024/k3→512/k1→512/k1],0.215588,0.412012,false,weights,42
26,34,0.427474,221957,2,[64/k3→512/k1],0.263302,0.412012,false,weights,26
26,35,0.430534,3761413,2,[1024/k3→768/k1],0.207942,0.412012,false,resize_layer,23
26,36,0.425197,3497477,2,[1024/k3→512/k1],0.213016,0.412012,false,weights,38
26,37,0.426097,2425605,2,[768/k3→256/k1],0.213776,0.412012,false,weights,18
26,38,0.431285,3497477,2,[1024/k3→512/k1],0.209046,0.412012,false,weights,61
26,39,0.426881,3497477,2,[1024/k3→512/k1],0.213059,0.412012,false,weights,62
26,40,0.426068,776069,2,[256/k3→128/k1],0.223211,0.412012,false,weights,25
26,41,0.429060,1400069,3,[256/k3→256/k1→256/k3],0.223046,0.412012,false,add_layer,3
26,42,0.428635,3760645,3,[1024/k3→512/k1→512/k1],0.220208,0.412012,false,weights,42
26,43,0.432420,2491653,3,[768/k3→256/k1→256/k1],0.233803,0.412012,false,add_layer,16
26,44,0.425892,1400069,3,[256/k3→256/k1→256/k3],0.200328,0.412012,false,weights,15
26,45,0.424967,1551237,2,[512/k3→128/k1],0.236694,0.412012,false,weights,19
26,46,0.431135,8325893,4,[768/k3→768/k3→256/k1→256/k3],0.217939,0.412012,false,add_layer,47
26,47,0.426876,1750533,2,[512/k3→512/k1],0.206632,0.412012,false,resize_layer,38
26,48,0.452433,2276805,2,[768/k3→64/k1],0.299778,0.412012,false,resize_layer,56
26,49,0.426029,1617669,2,[512/k3→256/k1],0.231987,0.412012,false,resize_layer,19
26,50,0.424741,1400069,3,[256/k3→256/k1→256/k3],0.201955,0.412012,false,weights,15
26,51,0.426251,3497477,2,[1024/k3→512/k1],0.215640,0.412012,false,weights,62
26,52,0.431599,1750533,2,[512/k3→512/k1],0.208535,0.412012,false,weights,9
26,53,0.427869,809733,2,[256/k3→256/k1],0.214010,0.412012,false,weights,3
26,54,0.457558,1487365,1,[512/k3],0.437246,0.412012,false,remove_layer,19
26,55,0.429077,258949,3,[64/k3→64/k3→512/k1],0.312766,0.412012,false,add_layer,26
26,56,0.426020,776069,2,[256/k3→128/k1],0.223464,0.412012,false,weights,25
26,57,0.425316,3497477,2,[1024/k3→512/k1],0.221155,0.412012,false,weights,38
26,58,0.423959,776069,2,[256/k3→128/k1],0.229689,0.412012,false,weights,25
26,59,0.423823,1551237,2,[512/k3→128/k1],0.238719,0.412012,false,weights,19
26,60,0.425657,1400069,3,[256/k3→256/k1→256/k3],0.207459,0.412012,false,weights,59
26,61,0.425219,1551237,2,[512/k3→128/k1],0.236522,0.412012,false,weights,19
26,62,0.427382,3237381,3,[256/k3→512/k1→512/k3],0.236106,0.412012,false,add_layer,45
26,63,0.424070,3497477,2,[1024/k3→512/k1],0.222768,0.412012,false,weights,62
27,0,0.425040,3497477,2,[1024/k3→512/k1],0.205811,0.412012,true,champion,21
27,1,0.428282,1400069,3,[256/k3→256/k1→256/k3],0.192789,0.412012,false,weights,44
27,2,0.435428,1750533,2,[512/k3→512/k1],0.254995,0.412012,false,resize_layer,26
27,3,0.431479,1698949,3,[512/k3→128/k1→128/k3],0.248643,0.412012,false,add_layer,59
27,4,0.426488,1400069,3,[256/k3→256/k1→256/k3],0.203580,0.412012,false,weights,50
27,5,0.434188,875781,3,[256/k3→256/k1→256/k1],0.231592,0.412012,false,weights,7
27,6,0.427360,194693,2,[64/k3→128/k1],0.288212,0.412012,false,resize_layer,56
27,7,0.429770,2425605,2,[768/k3→256/k1],0.197149,0.412012,false,weights,37
27,8,0.435789,4548101,3,[1024/k3→1024/k1→512/k1],0.221298,0.412012,false,add_layer,36
27,9,0.433344,8132357,3,[768/k3→768/k3→768/k1],0.219629,0.412012,false,add_layer,18
27,10,0.430016,743685,1,[256/k3],0.397420,0.412012,false,remove_layer,56
27,11,0.426695,1814405,3,[512/k3→512/k1→128/k1],0.266186,0.412012,false,add_layer,61
27,12,0.427607,776069,2,[256/k3→128/k1],0.220524,0.412012,false,weights,56
27,13,0.430998,2974725,1,[1024/k3],0.373680,0.412012,false,remove_layer,36
27,14,0.422217,3015941,3,[768/k3→256/k1→256/k3],0.206117,0.412012,false,weights,27
27,15,0.421597,3015941,3,[768/k3→256/k1→256/k3],0.218659,0.412012,false,weights,27
27,16,0.425154,1551237,2,[512/k3→128/k1],0.229106,0.412012,false,weights,45
27,17,0.428576,3497477,2,[1024/k3→512/k1],0.211515,0.412012,false,weights,21
27,18,0.432843,5857797,3,[1024/k3→512/k1→512/k3],0.208888,0.412012,false,add_layer,36
27,19,0.427855,3497477,2,[1024/k3→512/k1],0.205711,0.412012,false,weights,36
27,20,0.433742,2425605,2,[768/k3→256/k1],0.205998,0.412012,false,weights,37
27,21,0.426134,1400069,3,[256/k3→256/k1→256/k3],0.193246,0.412012,false,weights,44
27,22,0.423214,1551237,2,[512/k3→128/k1],0.229615,0.412012,false,weights,61
27,23,0.430847,2425605,2,[768/k3→256/k1],0.200427,0.412012,false,weights,37
27,24,0.426553,776069,2,[256/k3→128/k1],0.219570,0.412012,false,weights,40
27,25,0.456475,2529933,3,[322/k1→768/k3→256/k1],0.329846,0.412012,false,add_layer,8
27,26,0.437650,7735557,3,[768/k3→768/k3→256/k1],0.211128,0.412012,false,add_layer,5
27,27,0.440390,4548101,3,[1024/k3→1024/k1→512/k1],0.211092,0.412012,false,add_layer,51
27,28,0.427830,3497477,2,[1024/k3→512/k1],0.205212,0.412012,false,weights,57
27,29,0.430832,3497477,2,[1024/k3→512/k1],0.203471,0.412012,false,weights,57
27,30,0.429313,1698949,3,[512/k3→128/k1→128/k3],0.249563,0.412012,false,add_layer,61
27,31,0.428942,3497477,2,[1024/k3→512/k1],0.212219,0.412012,false,weights,17
27,32,0.535681,1501413,2,[512/k3→32/k1],0.453292,0.412012,false,resize_layer,61
27,33,0.423379,3015941,3,[768/k3→256/k1→256/k3],0.198851,0.412012,false,weights,27
27,34,0.424230,1551237,2,[512/k3→128/k1],0.230385,0.412012,false,weights,59
27,35,0.435346,875781,3,[256/k3→256/k1→256/k1],0.231116,0.412012,false,weights,7
27,36,0.433363,3497477,2,[1024/k3→512/k1],0.198866,0.412012,false,weights,10
27,37,0.427761,1617669,2,[512/k3→256/k1],0.225767,0.412012,false,weights,49
27,38,0.430401,3760645,3,[1024/k3→512/k1→512/k1],0.211672,0.412012,false,add_layer,17
27,39,0.430878,3015941,3,[768/k3→256/k1→256/k3],0.206810,0.412012,false,add_layer,37
27,40,0.427302,1617669,2,[512/k3→256/k1],0.221141,0.412012,false,weights,49
27,41,0.430033,3497477,2,[1024/k3→512/k1],0.208309,0.412012,false,weights,21
27,42,0.427897,2425605,2,[768/k3→256/k1],0.202278,0.412012,false,weights,8
27,43,0.427306,1617669,2,[512/k3→256/k1],0.222693,0.412012,false,resize_layer,45
27,44,0.424507,776069,2,[256/k3→128/k1],0.222641,0.412012,false,weights,58
27,45,0.429522,3497477,2,[1024/k3→512/k1],0.204699,0.412012,false,weights,17
27,46,0.432489,3497477,2,[1024/k3→512/k1],0.203120,0.412012,false,weights,10
27,47,0.426135,776069,2,[256/k3→128/k1],0.218855,0.412012,false,weights,58
27,48,0.491900,168453,1,[512/k1],0.482363,0.412012,false,remove_layer,26
27,49,0.435875,3497477,2,[1024/k3→512/k1],0.243942,0.412012,false,weights,26
27,50,0.427427,809733,2,[256/k3→256/k1],0.211989,0.412012,false,remove_layer,7
27,51,0.436508,3497477,2,[1024/k3→512/k1],0.200808,0.412012,false,weights,10
27,52,0.434475,3497477,2,[1024/k3→512/k1],0.197495,0.412012,false,weights,10
27,53,0.419473,3101573,2,[1024/k3→128/k1],0.225830,0.412012,false,resize_layer,58
27,54,0.428401,3497477,2,[1024/k3→512/k1],0.204694,0.412012,false,weights,57
27,55,0.427379,3497477,2,[1024/k3→512/k1],0.202909,0.412012,false,weights,51
27,56,0.424259,1334021,2,[256/k3→256/k3],0.342710,0.412012,false,remove_layer,60
27,57,0.476678,825285,3,[256/k3→256/k1→64/k1],0.344934,0.412012,false,resize_layer,7
27,58,0.426009,2231045,1,[768/k3],0.371521,0.412012,false,remove_layer,8
27,59,0.431246,3497477,2,[1024/k3→512/k1],0.195820,0.412012,false,weights,36
27,60,0.426225,776069,2,[256/k3→128/k1],0.217349,0.412012,false,weights,40
27,61,0.428360,1551237,2,[512/k3→128/k1],0.224528,0.412012,false,weights,45
27,62,0.428548,1551237,2,[512/k3→128/k1],0.225166,0.412012,false,weights,59
27,63,0.424792,2425605,2,[768/k3→256/k1],0.215765,0.412012,false,weights,8
28,0,0.424856,3101573,2,[1024/k3→128/k1],0.219424,0.412012,true,champion,53
28,1,0.432566,1814405,3,[512/k3→512/k1→128/k1],0.241646,0.412012,false,weights,11
28,2,0.430088,1400069,3,[256/k3→256/k1→256/k3],0.184515,0.412012,false,weights,21
28,3,0.428852,776069,2,[256/k3→128/k1],0.209213,0.412012,false,weights,47
28,4,0.430488,776069,2,[256/k3→128/k1],0.205738,0.412012,false,weights,60
28,5,0.448286,880397,3,[322/k1→256/k3→128/k1],0.353775,0.412012,false,add_layer,24
28,6,0.439138,1962117,4,[512/k3→512/k1→128/k1→128/k3],0.252259,0.412012,false,add_layer,11
28,7,0.426275,1551237,2,[512/k3→128/k1],0.219485,0.412012,false,weights,16
28,8,0.439542,7735557,3,[768/k3→768/k3→256/k1],0.195908,0.412012,false,add_layer,63
28,9,0.432709,3760645,3,[1024/k3→512/k1→512/k1],0.204651,0.412012,false,add_layer,55
28,10,0.427580,776069,2,[256/k3→128/k1],0.209350,0.412012,false,weights,24
28,11,0.427790,1551237,2,[512/k3→128/k1],0.222061,0.412012,false,weights,34
28,12,0.560494,42117,1,[128/k1],0.581305,0.412012,false,remove_layer,53
28,13,0.427462,776069,2,[256/k3→128/k1],0.208937,0.412012,false,weights,47
28,14,0.427902,776069,2,[256/k3→128/k1],0.210173,0.412012,false,weights,60
28,15,0.428370,2425605,2,[768/k3→256/k1],0.198912,0.412012,false,weights,63
28,16,0.425401,3015941,3,[768/k3→256/k1→256/k3],0.199091,0.412012,false,weights,14
28,17,0.424271,5330693,2,[1024/k3→256/k3],0.252576,0.412012,false,resize_layer,56
28,18,0.424946,1551237,2,[512/k3→128/k1],0.224034,0.412012,false,weights,22
28,19,0.427797,1466117,4,[256/k3→256/k1→256/k1→256/k3],0.221903,0.412012,false,add_layer,21
28,20,0.430720,809733,2,[256/k3→256/k1],0.197388,0.412012,false,weights,50
28,21,0.432334,3101573,2,[1024/k3→128/k1],0.254194,0.412012,false,resize_layer,55
28,22,0.429101,923781,3,[256/k3→128/k1→128/k3],0.229720,0.412012,false,add_layer,47
28,23,0.428399,2425605,2,[768/k3→256/k1],0.200661,0.412012,false,weights,63
28,24,0.427961,3015941,3,[768/k3→256/k1→256/k3],0.194229,0.412012,false,weights,15
28,25,0.424987,3015941,3,[768/k3→256/k1→256/k3],0.198887,0.412012,false,weights,15
28,26,0.424804,1551237,2,[512/k3→128/k1],0.224863,0.412012,false,weights,34
28,27,0.428997,2267821,3,[322/k3→256/k3→256/k3],0.344627,0.412012,false,add_layer,56
28,28,0.427301,1551237,2,[512/k3→128/k1],0.218483,0.412012,false,weights,22
28,29,0.431113,2267821,3,[322/k3→256/k3→256/k3],0.351282,0.412012,false,add_layer,56
28,30,0.432073,809733,2,[256/k3→256/k1],0.194885,0.412012,false,weights,50
28,31,0.426508,3015941,3,[768/k3→256/k1→256/k3],0.194998,0.412012,false,weights,14
28,32,0.429324,776069,2,[256/k3→128/k1],0.205175,0.412012,false,weights,60
28,33,0.431955,1128493,3,[322/k3→64/k3→128/k1],0.395177,0.412012,false,add_layer,6
28,34,0.429614,2425605,2,[768/k3→256/k1],0.201716,0.412012,false,weights,63
28,35,0.430186,1400069,3,[256/k3→256/k1→256/k3],0.187686,0.412012,false,weights,21
28,36,0.427746,1400069,3,[256/k3→256/k1→256/k3],0.187389,0.412012,false,weights,4
28,37,0.553490,42117,1,[128/k1],0.575380,0.412012,false,remove_layer,12
28,38,0.438253,1814405,3,[512/k3→512/k1→128/k1],0.231668,0.412012,false,weights,11
28,39,0.440839,743685,1,[256/k3],0.400894,0.412012,false,remove_layer,50
28,40,0.429380,1551237,2,[512/k3→128/k1],0.220901,0.412012,false,weights,22
28,41,0.419342,2231045,1,[768/k3],0.299424,0.412012,false,weights,58
28,42,0.437916,3949741,4,[322/k3→768/k3→256/k1→256/k3],0.335190,0.412012,false,add_layer,15
28,43,0.425183,1551237,2,[512/k3→128/k1],0.220909,0.412012,false,remove_layer,11
28,44,0.433280,3998469,2,[768/k3→256/k3],0.373950,0.412012,false,remove_layer,14
28,45,0.426870,194693,2,[64/k3→128/k1],0.284105,0.412012,false,weights,6
28,46,0.431727,1990405,4,[256/k3→256/k1→256/k3→256/k3],0.192756,0.412012,false,add_layer,21
28,47,0.433279,3911557,3,[512/k3→512/k3→128/k1],0.235053,0.412012,false,add_layer,22
28,48,0.425759,5376773,3,[768/k3→1024/k1→256/k3],0.192475,0.412012,false,resize_layer,14
28,49,0.425292,1334021,2,[256/k3→256/k3],0.238685,0.412012,false,weights,56
28,50,0.426082,1551237,2,[512/k3→128/k1],0.212859,0.412012,false,resize_layer,12
28,51,0.431974,1400069,3,[256/k3→256/k1→256/k3],0.187426,0.412012,false,weights,21
28,52,0.430628,3497477,2,[1024/k3→512/k1],0.203158,0.412012,false,weights,0
28,53,0.441985,97797,2,[32/k3→128/k1],0.375097,0.412012,false,resize_layer,60
28,54,0.427711,1551237,2,[512/k3→128/k1],0.217477,0.412012,false,weights,16
28,55,0.427472,3015941,3,[768/k3→256/k1→256/k3],0.188444,0.412012,false,weights,15
28,56,0.425738,198917,3,[64/k3→64/k1→128/k1],0.352459,0.412012,false,add_layer,6
28,57,0.428105,776069,2,[256/k3→128/k1],0.211256,0.412012,false,weights,12
28,58,0.429601,3081989,4,[768/k3→256/k1→256/k3→256/k1],0.212050,0.412012,false,add_layer,15
28,59,0.597808,882405,3,[256/k3→256/k1→32/k3],0.488552,0.412012,false,resize_layer,4
28,60,0.449817,880397,3,[322/k1→256/k3→128/k1],0.352129,0.412012,false,add_layer,44
28,61,0.426574,1814405,3,[512/k3→512/k1→128/k1],0.254254,0.412012,false,add_layer,34
28,62,0.439274,792709,3,[256/k3→128/k1→128/k1],0.249843,0.412012,false,add_layer,60
28,63,0.427509,1551237,2,[512/k3→128/k1],0.223630,0.412012,false,weights,22
29,0,0.426404,2231045,1,[768/k3],0.270807,0.412012,true,champion,41
29,1,0.428952,1551237,2,[512/k3→128/k1],0.212994,0.412012,false,weights,63
29,2,0.429378,3015941,3,[768/k3→256/k1→256/k3],0.186333,0.412012,false,weights,31
29,3,0.428015,1814405,3,[512/k3→512/k1→128/k1],0.241578,0.412012,false,add_layer,11
29,4,0.429908,1551237,2,[512/k3→128/k1],0.211953,0.412012,false,weights,54
29,5,0.595954,42117,1,[128/k1],0.615985,0.412012,false,remove_layer,43
29,6,0.428060,5376773,3,[768/k3→1024/k1→256/k3],0.191981,0.412012,false,weights,48
29,7,0.427783,3015941,3,[768/k3→256/k1→256/k3],0.179676,0.412012,false,weights,31
29,8,0.432669,3015941,3,[768/k3→256/k1→256/k3],0.193087,0.412012,false,weights,25
29,9,0.423134,5330693,2,[1024/k3→256/k3],0.228838,0.412012,false,weights,17
29,10,0.453191,880397,3,[322/k1→256/k3→128/k1],0.352832,0.412012,false,add_layer,10
29,11,0.432496,194693,2,[64/k3→128/k1],0.272097,0.412012,false,weights,45
29,12,0.431257,1698949,3,[512/k3→128/k1→128/k3],0.235275,0.412012,false,add_layer,26
29,13,0.430943,3081989,4,[768/k3→256/k1→256/k3→256/k1],0.196886,0.412012,false,add_layer,31
29,14,0.431152,1551237,2,[512/k3→128/k1],0.208761,0.412012,false,weights,43
29,15,0.431735,1814405,3,[512/k3→512/k1→128/k1],0.226654,0.412012,false,weights,61
29,16,0.439135,1567877,3,[512/k3→128/k1→128/k1],0.243138,0.412012,false,add_layer,63
29,17,0.432197,1400069,3,[256/k3→256/k1→256/k3],0.178035,0.412012,false,weights,36
29,18,0.431277,743685,1,[256/k3],0.393473,0.412012,false,remove_layer,10
29,19,0.427788,1551237,2,[512/k3→128/k1],0.209135,0.412012,false,weights,50
29,20,0.428475,1551237,2,[512/k3→128/k1],0.211473,0.412012,false,weights,43
29,21,0.444757,3118213,3,[1024/k3→128/k1→128/k1],0.236900,0.412012,false,add_layer,0
29,22,0.427538,1750533,2,[512/k3→512/k1],0.354257,0.412012,false,remove_layer,61
29,23,0.428264,1551237,2,[512/k3→128/k1],0.208302,0.412012,false,weights,43
29,24,0.430161,3911557,3,[512/k3→512/k3→128/k1],0.224818,0.412012,false,add_layer,18
29,25,0.433538,3015941,3,[768/k3→256/k1→256/k3],0.191082,0.412012,false,weights,25
29,26,0.430513,6381317,3,[1024/k3→1024/k1→256/k3],0.235750,0.412012,false,add_layer,17
29,27,0.427801,3015941,3,[768/k3→256/k1→256/k3],0.203509,0.412012,false,weights,31
29,28,0.438381,1814405,3,[512/k3→512/k1→128/k1],0.224363,0.412012,false,weights,61
29,29,0.428447,776069,2,[256/k3→128/k1],0.207148,0.412012,false,weights,13
29,30,0.429722,194693,2,[64/k3→128/k1],0.275031,0.412012,false,weights,45
29,31,0.426540,1924357,3,[256/k3→256/k3→256/k3],0.217742,0.412012,false,add_layer,49
29,32,0.429105,3015941,3,[768/k3→256/k1→256/k3],0.190206,0.412012,false,weights,31
29,33,0.429388,5376773,3,[768/k3→1024/k1→256/k3],0.192595,0.412012,false,weights,48
29,34,0.428116,1334021,2,[256/k3→256/k3],0.217803,0.412012,false,weights,49
29,35,0.432097,1551237,2,[512/k3→128/k1],0.209259,0.412012,false,weights,43
29,36,0.429764,194693,2,[64/k3→128/k1],0.271437,0.412012,false,weights,45
29,37,0.429108,3015941,3,[768/k3→256/k1→256/k3],0.180088,0.412012,false,weights,31
29,38,0.433971,1814405,3,[512/k3→512/k1→128/k1],0.224536,0.412012,false,weights,61
29,39,0.442277,4174725,4,[512/k3→512/k1→512/k3→128/k1],0.222166,0.412012,false,add_layer,61
29,40,0.431679,1551237,2,[512/k3→128/k1],0.210214,0.412012,false,weights,43
29,41,0.428635,3015941,3,[768/k3→256/k1→256/k3],0.180514,0.412012,false,weights,55
29,42,0.438408,1814405,3,[512/k3→512/k1→128/k1],0.219662,0.412012,false,weights,61
29,43,0.428882,5376773,3,[768/k3→1024/k1→256/k3],0.194258,0.412012,false,weights,48
29,44,0.428000,2425605,2,[768/k3→256/k1],0.203680,0.412012,false,remove_layer,25
29,45,0.444708,97797,2,[32/k3→128/k1],0.372511,0.412012,false,resize_layer,63
29,46,0.428924,3998469,2,[768/k3→256/k3],0.359460,0.412012,false,remove_layer,31
29,47,0.432799,1551237,2,[512/k3→128/k1],0.208063,0.412012,false,weights,43
29,48,0.428973,3015941,3,[768/k3→256/k1→256/k3],0.184550,0.412012,false,weights,16
29,49,0.427948,1334021,2,[256/k3→256/k3],0.209382,0.412012,false,weights,49
29,50,0.428315,3998469,2,[768/k3→256/k3],0.221327,0.412012,false,resize_layer,49
29,51,0.426419,2231045,1,[768/k3],0.269280,0.412012,false,weights,41
29,52,0.448045,211333,3,[64/k3→128/k1→128/k1],0.300236,0.412012,false,add_layer,45
29,53,0.426378,3015941,3,[768/k3→256/k1→256/k3],0.182561,0.412012,false,weights,31
29,54,0.426442,1334021,2,[256/k3→256/k3],0.333748,0.412012,false,remove_layer,36
29,55,0.431075,194693,2,[64/k3→128/k1],0.272108,0.412012,false,weights,45
29,56,0.434539,2822405,2,[768/k3→768/k1],0.282322,0.412012,false,add_layer,41
29,57,0.430687,1551237,2,[512/k3→128/k1],0.209521,0.412012,false,weights,18
29,58,0.427811,1551237,2,[512/k3→128/k1],0.216337,0.412012,false,weights,26
29,59,0.434876,3949741,4,[322/k3→768/k3→256/k1→256/k3],0.326959,0.412012,false,add_layer,25
29,60,0.426479,1750533,2,[512/k3→512/k1],0.353544,0.412012,false,remove_layer,61
29,61,0.430028,1551237,2,[512/k3→128/k1],0.214170,0.412012,false,weights,7
29,62,0.430227,776069,2,[256/k3→128/k1],0.206272,0.412012,false,weights,10
29,63,0.431015,776069,2,[256/k3→128/k1],0.201907,0.412012,false,weights,10
30,0,0.429692,5330693,2,[1024/k3→256/k3],0.210550,0.412012,true,champion,9
30,1,0.432604,3015941,3,[768/k3→256/k1→256/k3],0.178429,0.412012,false,weights,27
30,2,0.435135,3607301,4,[768/k3→768/k1→256/k1→256/k3],0.192008,0.412012,false,add_layer,7
30,3,0.428868,2326405,2,[768/k3→128/k1],0.204683,0.412012,false,resize_layer,29
30,4,0.431152,3015941,3,[768/k3→256/k1→256/k3],0.175550,0.412012,false,weights,41
30,5,0.428495,1334021,2,[256/k3→256/k3],0.205192,0.412012,false,weights,49
30,6,0.432068,1551237,2,[512/k3→128/k1],0.206281,0.412012,false,weights,58
30,7,0.431276,5376773,3,[768/k3→1024/k1→256/k3],0.176880,0.412012,false,weights,43
30,8,0.429809,1924357,3,[256/k3→256/k3→256/k3],0.195934,0.412012,false,weights,31
30,9,0.432418,1551237,2,[512/k3→128/k1],0.202416,0.412012,false,weights,23
30,10,0.541331,743685,1,[256/k3],0.552485,0.412012,false,remove_layer,50
30,11,0.417222,2231045,1,[768/k3],0.324487,0.412012,false,remove_layer,46
30,12,0.430185,1617669,2,[512/k3→256/k1],0.201282,0.412012,false,resize_layer,58
30,13,0.431343,3015941,3,[768/k3→256/k1→256/k3],0.173301,0.412012,false,weights,53
30,14,0.427663,5376773,3,[768/k3→1024/k1→256/k3],0.177583,0.412012,false,weights,6
30,15,0.436599,14816005,4,[768/k3→1024/k1→1024/k3→256/k3],0.182998,0.412012,false,add_layer,6
30,16,0.432622,776069,2,[256/k3→128/k1],0.201743,0.412012,false,weights,29
30,17,0.491755,2692869,2,[1024/k1→256/k3],0.486352,0.412012,false,remove_layer,43
30,18,0.445938,891717,3,[256/k3→32/k3→256/k3],0.263268,0.412012,false,resize_layer,31
30,19,0.430680,2231045,1,[768/k3],0.260075,0.412012,false,weights,0
30,20,0.428087,2231045,1,[768/k3],0.257053,0.412012,false,weights,0
30,21,0.430194,5376773,3,[768/k3→1024/k1→256/k3],0.174855,0.412012,false,weights,43
30,22,0.428532,1924357,3,[256/k3→256/k3→256/k3],0.198627,0.412012,false,weights,31
30,23,0.429726,1551237,2,[512/k3→128/k1],0.199225,0.412012,false,weights,19
30,24,0.432186,1334021,2,[256/k3→256/k3],0.233190,0.412012,false,weights,54
30,25,0.434292,4589829,3,[768/k3→768/k1→256/k3],0.224913,0.412012,false,add_layer,46
30,26,0.429837,2231045,1,[768/k3],0.260457,0.412012,false,weights,0
30,27,0.436543,1924357,3,[256/k3→256/k3→256/k3],0.207021,0.412012,false,add_layer,34
30,28,0.436655,3911557,3,[512/k3→512/k3→128/k1],0.211870,0.412012,false,add_layer,20
30,29,0.428980,4588805,3,[768/k3→256/k3→256/k3],0.215577,0.412012,false,add_layer,50
30,30,0.437858,1814405,3,[512/k3→512/k1→128/k1],0.212338,0.412012,false,weights,3
30,31,0.430526,1551237,2,[512/k3→128/k1],0.197660,0.412012,false,weights,19
30,32,0.433225,5376773,3,[768/k3→1024/k1→256/k3],0.174712,0.412012,false,weights,6
30,33,0.430295,3015941,3,[768/k3→256/k1→256/k3],0.175185,0.412012,false,weights,53
30,34,0.438416,2684333,3,[322/k3→512/k3→512/k1],0.365465,0.412012,false,add_layer,60
30,35,0.461606,221957,2,[64/k3→512/k1],0.340424,0.412012,false,resize_layer,60
30,36,0.433518,1750533,2,[512/k3→512/k1],0.247430,0.412012,false,weights,22
30,37,0.427959,3998469,2,[768/k3→256/k3],0.209892,0.412012,false,weights,50
30,38,0.439283,1750533,2,[512/k3→512/k1],0.235572,0.412012,false,weights,60
30,39,0.426648,3015941,3,[768/k3→256/k1→256/k3],0.176386,0.412012,false,weights,41
30,40,0.432433,1551237,2,[512/k3→128/k1],0.206992,0.412012,false,weights,58
30,41,0.431261,1551237,2,[512/k3→128/k1],0.202071,0.412012,false,weights,23
30,42,0.432426,2666245,2,[512/k3→256/k3],0.200436,0.412012,false,resize_layer,49
30,43,0.430962,3015941,3,[768/k3→256/k1→256/k3],0.184715,0.412012,false,weights,27
30,44,0.430884,2016261,2,[512/k3→1024/k1],0.198399,0.412012,false,resize_layer,23
30,45,0.430586,5376773,3,[768/k3→1024/k1→256/k3],0.177413,0.412012,false,weights,43
30,46,0.426541,4588805,3,[768/k3→256/k3→256/k3],0.218305,0.412012,false,add_layer,50
30,47,0.429270,3081989,4,[768/k3→256/k1→256/k3→256/k1],0.189106,0.412012,false,add_layer,27
30,48,0.426779,2267821,3,[322/k3→256/k3→256/k3],0.352222,0.412012,false,add_layer,54
30,49,0.428334,5330693,2,[1024/k3→256/k3],0.209625,0.412012,false,weights,9
30,50,0.439229,1814405,3,[512/k3→512/k1→128/k1],0.212292,0.412012,false,weights,3
30,51,0.447798,792709,3,[256/k3→128/k1→128/k1],0.233770,0.412012,false,add_layer,29
30,52,0.428709,3015941,3,[768/k3→256/k1→256/k3],0.172790,0.412012,false,weights,7
30,53,0.434292,2748205,4,[322/k3→512/k3→512/k1→128/k1],0.343665,0.412012,false,add_layer,3
30,54,0.430498,1924357,3,[256/k3→256/k3→256/k3],0.194398,0.412012,false,weights,31
30,55,0.431724,1925637,2,[256/k3→512/k3],0.202664,0.412012,false,resize_layer,34
30,56,0.438748,1924357,3,[256/k3→256/k3→256/k3],0.219456,0.412012,false,add_layer,54
30,57,0.429413,1334021,2,[256/k3→256/k3],0.204855,0.412012,false,weights,49
30,58,0.431429,1551237,2,[512/k3→128/k1],0.204828,0.412012,false,weights,58
30,59,0.431228,1551237,2,[512/k3→128/k1],0.204924,0.412012,false,weights,23
30,60,0.432742,1962117,4,[512/k3→512/k1→128/k1→128/k3],0.247130,0.412012,false,add_layer,3
30,61,0.430328,1551237,2,[512/k3→128/k1],0.200894,0.412012,false,weights,19
30,62,0.433111,3016965,3,[768/k3→768/k1→256/k1],0.212904,0.412012,false,add_layer,44
30,63,0.428188,3998469,2,[768/k3→256/k3],0.205422,0.412012,false,weights,50
31,0,0.421801,2231045,1,[768/k3],0.278530,0.412012,true,champion,11
31,1,0.432098,1334021,2,[256/k3→256/k3],0.193228,0.412012,false,weights,5
31,2,0.428638,1924357,3,[256/k3→256/k3→256/k3],0.188093,0.412012,false,weights,22
31,3,0.428034,2326405,2,[768/k3→128/k1],0.200243,0.412012,false,weights,3
31,4,0.432617,5330693,2,[1024/k3→256/k3],0.188145,0.412012,false,weights,49
31,5,0.431633,3015941,3,[768/k3→256/k1→256/k3],0.172447,0.412012,false,weights,33
31,6,0.428741,2231045,1,[768/k3],0.251571,0.412012,false,weights,20
31,7,0.431145,1551237,2,[512/k3→128/k1],0.192360,0.412012,false,weights,23
31,8,0.417947,743685,1,[256/k3],0.333283,0.412012,false,remove_layer,5
31,9,0.430092,1334021,2,[256/k3→256/k3],0.191932,0.412012,false,weights,57
31,10,0.424124,2231045,1,[768/k3],0.277670,0.412012,false,remove_layer,11
31,11,0.429943,5376773,3,[768/k3→1024/k1→256/k3],0.165275,0.412012,false,weights,14
31,12,0.432129,1617669,2,[512/k3→256/k1],0.192075,0.412012,false,weights,12
31,13,0.429952,1334021,2,[256/k3→256/k3],0.192246,0.412012,false,weights,5
31,14,0.459825,3120269,4,[322/k1→768/k3→256/k1→256/k3],0.309814,0.412012,false,add_layer,33
31,15,0.434727,5330693,2,[1024/k3→256/k3],0.196526,0.412012,false,weights,49
31,16,0.437853,7540997,2,[768/k3→768/k3],0.277043,0.412012,false,add_layer,26
31,17,0.434272,6381317,3,[1024/k3→1024/k1→256/k3],0.204420,0.412012,false,add_layer,49
31,18,0.430757,3015941,3,[768/k3→256/k1→256/k3],0.160809,0.412012,false,weights,52
31,19,0.433172,5330693,2,[1024/k3→256/k3],0.193848,0.412012,false,weights,49
31,20,0.426815,1924357,3,[256/k3→256/k3→256/k3],0.185476,0.412012,false,weights,22
31,21,0.430479,3015941,3,[768/k3→256/k1→256/k3],0.163176,0.412012,false,weights,52
31,22,0.433104,4654853,4,[768/k3→256/k3→256/k1→256/k3],0.206611,0.412012,false,add_layer,29
31,23,0.429965,1334021,2,[256/k3→256/k3],0.188924,0.412012,false,weights,5
31,24,0.433319,3015941,3,[768/k3→256/k1→256/k3],0.161384,0.412012,false,weights,39
31,25,0.549298,743685,1,[256/k3],0.561659,0.412012,false,remove_layer,37
31,26,0.433608,1551237,2,[512/k3→128/k1],0.191808,0.412012,false,weights,23
31,27,0.427421,3998469,2,[768/k3→256/k3],0.352682,0.412012,false,remove_layer,21
31,28,0.433652,6427397,4,[768/k3→1024/k1→1024/k1→256/k3],0.166992,0.412012,false,add_layer,21
31,29,0.431540,1551237,2,[512/k3→128/k1],0.193890,0.412012,false,weights,23
31,30,0.418896,2231045,1,[768/k3],0.293890,0.412012,false,weights,11
31,31,0.430326,1334021,2,[256/k3→256/k3],0.190006,0.412012,false,weights,57
31,32,0.433641,3998469,2,[768/k3→256/k3],0.196881,0.412012,false,weights,37
31,33,0.549620,743685,1,[256/k3],0.560919,0.412012,false,remove_layer,63
31,34,0.431517,4588805,3,[768/k3→256/k3→256/k3],0.195842,0.412012,false,weights,29
31,35,0.428080,2622469,3,[768/k3→128/k1→256/k3],0.190666,0.412012,false,resize_layer,14
31,36,0.432349,2267821,3,[322/k3→256/k3→256/k3],0.341898,0.412012,false,add_layer,5
31,37,0.429296,2231045,1,[768/k3],0.257210,0.412012,false,weights,26
31,38,0.457074,4102797,3,[322/k1→768/k3→256/k3],0.326862,0.412012,false,add_layer,37
31,39,0.431953,3998469,2,[768/k3→256/k3],0.206192,0.412012,false,weights,63
31,40,0.433776,3015941,3,[768/k3→256/k1→256/k3],0.163057,0.412012,false,weights,33
31,41,0.432394,4589829,3,[768/k3→768/k1→256/k3],0.160350,0.412012,false,resize_layer,14
31,42,0.429027,2267821,3,[322/k3→256/k3→256/k3],0.282896,0.412012,false,weights,48
31,43,0.431334,4588805,3,[768/k3→256/k3→256/k3],0.198186,0.412012,false,weights,29
31,44,0.431751,5376773,3,[768/k3→1024/k1→256/k3],0.163687,0.412012,false,weights,21
31,45,0.465518,758661,3,[32/k3→256/k3→256/k3],0.456295,0.412012,false,resize_layer,48
31,46,0.452118,1438349,3,[322/k1→256/k3→256/k3],0.328506,0.412012,false,add_layer,5
31,47,0.435404,2231045,1,[768/k3],0.254501,0.412012,false,weights,26
31,48,0.456260,4102797,3,[322/k1→768/k3→256/k3],0.330605,0.412012,false,add_layer,37
31,49,0.427479,3998469,2,[768/k3→256/k3],0.357256,0.412012,false,remove_layer,14
31,50,0.427057,1924357,3,[256/k3→256/k3→256/k3],0.186215,0.412012,false,weights,8
31,51,0.557617,743685,1,[256/k3],0.574308,0.412012,false,remove_layer,0
31,52,0.432203,5330693,2,[1024/k3→256/k3],0.190769,0.412012,false,weights,0
31,53,0.430627,1334021,2,[256/k3→256/k3],0.191693,0.412012,false,remove_layer,8
31,54,0.440557,2822405,2,[768/k3→768/k1],0.270239,0.412012,false,add_layer,20
31,55,0.430923,1551237,2,[512/k3→128/k1],0.194035,0.412012,false,weights,23
31,56,0.417827,371845,1,[128/k3],0.331742,0.412012,false,resize_layer,20
31,57,0.432282,3015941,3,[768/k3→256/k1→256/k3],0.167004,0.412012,false,weights,33
31,58,0.425476,2267821,3,[322/k3→256/k3→256/k3],0.269693,0.412012,false,weights,48
31,59,0.427666,2326405,2,[768/k3→128/k1],0.200946,0.412012,false,weights,3
31,60,0.432749,4588805,3,[768/k3→256/k3→256/k3],0.198876,0.412012,false,weights,29
31,61,0.424469,2267821,3,[322/k3→256/k3→256/k3],0.272909,0.412012,false,weights,48
31,62,0.418522,743685,1,[256/k3],0.332966,0.412012,false,remove_layer,57
31,63,0.431235,2485037,3,[322/k3→512/k3→128/k1],0.336088,0.412012,false,add_layer,23
32,0,0.415735,371845,1,[128/k3],0.293123,0.412012,true,champion,56
32,1,0.426318,1924357,3,[256/k3→256/k3→256/k3],0.178401,0.412012,false,weights,2
32,2,0.434099,5442821,4,[768/k3→1024/k1→256/k3→256/k1],0.171744,0.412012,false,add_layer,11
32,3,0.433332,2267821,3,[322/k3→256/k3→256/k3],0.248260,0.412012,false,weights,42
32,4,0.428258,2326405,2,[768/k3→128/k1],0.193051,0.412012,false,weights,3
32,5,0.429830,1039237,3,[256/k3→64/k3→256/k3],0.219200,0.412012,false,resize_layer,2
32,6,0.413724,2974725,1,[1024/k3],0.297022,0.412012,false,resize_layer,56
32,7,0.424539,2231045,1,[768/k3],0.272053,0.412012,false,weights,30
32,8,0.432063,1334021,2,[256/k3→256/k3],0.180743,0.412012,false,weights,23
32,9,0.452235,2430733,3,[322/k1→768/k3→128/k1],0.335105,0.412012,false,add_layer,59
32,10,0.417783,743685,1,[256/k3],0.278086,0.412012,false,weights,62
32,11,0.429577,2267821,3,[322/k3→256/k3→256/k3],0.226853,0.412012,false,weights,61
32,12,0.422321,2231045,1,[768/k3],0.273897,0.412012,false,weights,30
32,13,0.431621,1924357,3,[256/k3→256/k3→256/k3],0.182089,0.412012,false,weights,2
32,14,0.426161,2231045,1,[768/k3],0.260526,0.412012,false,weights,37
32,15,0.431653,1925637,2,[256/k3→512/k3],0.180007,0.412012,false,resize_layer,13
32,16,0.438825,1924357,3,[256/k3→256/k3→256/k3],0.194211,0.412012,false,add_layer,23
32,17,0.428769,2231045,1,[768/k3],0.253701,0.412012,false,weights,6
32,18,0.423529,2231045,1,[768/k3],0.272122,0.412012,false,weights,30
32,19,0.425890,2372149,4,[322/k3→322/k1→256/k3→256/k3],0.254697,0.412012,false,add_layer,58
32,20,0.439537,3164845,2,[322/k3→768/k3],0.384948,0.412012,false,add_layer,30
32,21,0.434463,1334021,2,[256/k3→256/k3],0.178345,0.412012,false,weights,23
32,22,0.439942,10686725,4,[768/k3→768/k3→1024/k1→256/k3],0.176462,0.412012,false,add_layer,11
32,23,0.437090,6310573,4,[322/k3→768/k3→1024/k1→256/k3],0.317532,0.412012,false,add_layer,11
32,24,0.431568,2622469,3,[768/k3→128/k1→256/k3],0.181381,0.412012,false,weights,35
32,25,0.428861,1924357,3,[256/k3→256/k3→256/k3],0.176186,0.412012,false,weights,2
32,26,0.432301,2267821,3,[322/k3→256/k3→256/k3],0.234398,0.412012,false,weights,42
32,27,0.420972,1487365,1,[512/k3],0.274749,0.412012,false,resize_layer,8
32,28,0.434134,2622469,3,[768/k3→128/k1→256/k3],0.175406,0.412012,false,weights,35
32,29,0.430019,2622469,3,[768/k3→128/k1→256/k3],0.178275,0.412012,false,weights,35
32,30,0.420498,743685,1,[256/k3],0.332968,0.412012,false,remove_layer,23
32,31,0.430716,1334021,2,[256/k3→256/k3],0.181459,0.412012,false,weights,9
32,32,0.428738,1990405,4,[256/k3→256/k3→256/k3→256/k1],0.192677,0.412012,false,add_layer,50
32,33,0.442989,7540997,2,[768/k3→768/k3],0.269810,0.412012,false,add_layer,37
32,34,0.423995,1677485,2,[322/k3→256/k3],0.280972,0.412012,false,remove_layer,42
32,35,0.418085,743685,1,[256/k3],0.277914,0.412012,false,weights,8
32,36,0.430742,7636357,3,[768/k3→768/k3→128/k1],0.209362,0.412012,false,add_layer,59
32,37,0.431579,3998469,2,[768/k3→256/k3],0.226320,0.412012,false,weights,27
32,38,0.424714,2231045,1,[768/k3],0.262201,0.412012,false,remove_layer,0
32,39,0.544052,743685,1,[256/k3],0.555691,0.412012,false,remove_layer,49
32,40,0.429022,1334021,2,[256/k3→256/k3],0.182188,0.412012,false,weights,13
32,41,0.434582,3112837,2,[768/k3→128/k3],0.242250,0.412012,false,resize_layer,49
32,42,0.439458,848013,2,[322/k1→256/k3],0.381273,0.412012,false,add_layer,8
32,43,0.431025,1334021,2,[256/k3→256/k3],0.186212,0.412012,false,weights,13
32,44,0.429105,1334021,2,[256/k3→256/k3],0.181655,0.412012,false,weights,9
32,45,0.433241,3998469,2,[768/k3→256/k3],0.218192,0.412012,false,weights,27
32,46,0.418287,743685,1,[256/k3],0.279889,0.412012,false,weights,8
32,47,0.426630,2231045,1,[768/k3],0.254166,0.412012,false,weights,37
32,48,0.428094,1305645,2,[322/k3→128/k3],0.380446,0.412012,false,add_layer,56
32,49,0.432168,2326405,2,[768/k3→128/k1],0.191869,0.412012,false,weights,59
32,50,0.431800,2231045,1,[768/k3],0.258689,0.412012,false,remove_layer,30
32,51,0.439133,3164845,2,[322/k3→768/k3],0.389667,0.412012,false,add_layer,30
32,52,0.430304,1924357,3,[256/k3→256/k3→256/k3],0.177599,0.412012,false,weights,2
32,53,0.431587,3998469,2,[768/k3→256/k3],0.216617,0.412012,false,weights,27
32,54,0.432737,2326405,2,[768/k3→128/k1],0.192087,0.412012,false,weights,3
32,55,0.420793,743685,1,[256/k3],0.274188,0.412012,false,remove_layer,62
32,56,0.430036,2267821,3,[322/k3→256/k3→256/k3],0.248155,0.412012,false,weights,42
32,57,0.429553,1039237,3,[256/k3→64/k3→256/k3],0.209171,0.412012,false,resize_layer,50
32,58,0.462978,5481101,4,[322/k1→768/k3→1024/k1→256/k3],0.302956,0.412012,false,add_layer,11
32,59,0.434332,2231045,1,[768/k3],0.240366,0.412012,false,weights,37
32,60,0.426779,2231045,1,[768/k3],0.252483,0.412012,false,weights,6
32,61,0.426501,1334021,2,[256/k3→256/k3],0.250375,0.412012,false,add_layer,62
32,62,0.431110,2917765,3,[768/k3→768/k1→128/k1],0.217435,0.412012,false,add_layer,3
32,63,0.431857,2326405,2,[768/k3→128/k1],0.191229,0.412012,false,weights,3
33,0,0.417067,2974725,1,[1024/k3],0.282727,0.412012,true,champion,6
33,1,0.452785,2335373,2,[322/k1→768/k3],0.365424,0.412012,false,add_layer,14
33,2,0.432658,3260205,3,[322/k3→768/k3→128/k1],0.347334,0.412012,false,add_layer,4
33,3,0.427728,1334021,2,[256/k3→256/k3],0.260825,0.412012,false,add_layer,55
33,4,0.428681,2326405,2,[768/k3→128/k1],0.194337,0.412012,false,weights,4
33,5,0.434077,2984329,4,[512/k3→322/k1→256/k3→256/k3],0.228373,0.412012,false,resize_layer,19
33,6,0.423099,743685,1,[256/k3],0.257227,0.412012,false,weights,55
33,7,0.428279,1334021,2,[256/k3→256/k3],0.260180,0.412012,false,add_layer,46
33,8,0.429316,2372149,4,[322/k3→322/k1→256/k3→256/k3],0.236154,0.412012,false,weights,19
33,9,0.426837,1334021,2,[256/k3→256/k3],0.257951,0.412012,false,add_layer,10
33,10,0.435546,2822405,2,[768/k3→768/k1],0.281207,0.412012,false,add_layer,18
33,11,0.428603,2231045,1,[768/k3],0.248725,0.412012,false,weights,38
33,12,0.416153,2974725,1,[1024/k3],0.295979,0.412012,false,weights,6
33,13,0.439720,2231045,1,[768/k3],0.235458,0.412012,false,weights,14
33,14,0.450021,2476477,5,[322/k1→322/k3→322/k1→256/k3→256/k3],0.346184,0.412012,false,add_layer,19
33,15,0.419598,743685,1,[256/k3],0.276570,0.412012,false,weights,30
33,16,0.448906,2335373,2,[322/k1→768/k3],0.375298,0.412012,false,add_layer,12
33,17,0.429460,1924357,3,[256/k3→256/k3→256/k3],0.173059,0.412012,false,weights,25
33,18,0.421058,743685,1,[256/k3],0.266945,0.412012,false,weights,10
33,19,0.413921,371845,1,[128/k3],0.312523,0.412012,false,resize_layer,10
33,20,0.435528,2924205,5,[322/k3→256/k3→256/k3→256/k3→256/k1],0.351858,0.412012,false,add_layer,32
33,21,0.532507,1334021,2,[256/k3→256/k3],0.537065,0.412012,false,remove_layer,25
33,22,0.424744,743685,1,[256/k3],0.260647,0.412012,false,weights,35
33,23,0.423784,743685,1,[256/k3],0.259290,0.412012,false,weights,35
33,24,0.432276,1334021,2,[256/k3→256/k3],0.215332,0.412012,false,weights,61
33,25,0.419919,1487365,1,[512/k3],0.274564,0.412012,false,weights,27
33,26,0.421218,1677485,2,[322/k3→256/k3],0.244865,0.412012,false,weights,34
33,27,0.428859,2231045,1,[768/k3],0.246846,0.412012,false,remove_layer,38
33,28,0.429478,1924357,3,[256/k3→256/k3→256/k3],0.170310,0.412012,false,weights,25
33,29,0.422554,743685,1,[256/k3],0.264018,0.412012,false,weights,46
33,30,0.433590,2231045,1,[768/k3],0.248435,0.412012,false,weights,12
33,31,0.434900,2231045,1,[768/k3],0.235486,0.412012,false,weights,60
33,32,0.429827,1487365,1,[512/k3],0.244804,0.412012,false,resize_layer,17
33,33,0.429530,2372149,4,[322/k3→322/k1→256/k3→256/k3],0.235612,0.412012,false,weights,19
33,34,0.430583,2231045,1,[768/k3],0.252107,0.412012,false,remove_layer,12
33,35,0.422610,743685,1,[256/k3],0.263788,0.412012,false,weights,46
33,36,0.433653,2231045,1,[768/k3],0.249946,0.412012,false,weights,18
33,37,0.418630,1305645,2,[322/k3→128/k3],0.300415,0.412012,false,weights,48
33,38,0.429670,1305645,2,[322/k3→128/k3],0.396109,0.412012,false,add_layer,0
33,39,0.436206,2231045,1,[768/k3],0.239797,0.412012,false,weights,47
33,40,0.441798,2231045,1,[768/k3],0.236793,0.412012,false,weights,17
33,41,0.421029,743685,1,[256/k3],0.260110,0.412012,false,weights,35
33,42,0.430308,2231045,1,[768/k3],0.245643,0.412012,false,weights,14
33,43,0.415740,371845,1,[128/k3],0.330188,0.412012,false,resize_layer,38
33,44,0.413836,371845,1,[128/k3],0.316526,0.412012,false,resize_layer,10
33,45,0.424268,743685,1,[256/k3],0.261044,0.412012,false,remove_layer,55
33,46,0.419215,2974725,1,[1024/k3],0.279944,0.412012,false,resize_layer,30
33,47,0.428521,1781813,3,[322/k3→322/k1→256/k3],0.365909,0.412012,false,remove_layer,19
33,48,0.423086,743685,1,[256/k3],0.254194,0.412012,false,remove_layer,10
33,49,0.432149,1924357,3,[256/k3→256/k3→256/k3],0.167603,0.412012,false,weights,1
33,50,0.446039,1781813,3,[322/k1→322/k3→256/k3],0.341079,0.412012,false,add_layer,34
33,51,0.437271,2231045,1,[768/k3],0.235486,0.412012,false,weights,17
33,52,0.427810,2962485,5,[322/k3→322/k1→256/k3→256/k3→256/k3],0.243568,0.412012,false,add_layer,19
33,53,0.450135,2335373,2,[322/k1→768/k3],0.362227,0.412012,false,add_layer,14
33,54,0.430171,2326405,2,[768/k3→128/k1],0.189043,0.412012,false,weights,4
33,55,0.416386,2974725,1,[1024/k3],0.284501,0.412012,false,weights,6
33,56,0.427102,1677485,2,[322/k3→256/k3],0.240571,0.412012,false,weights,34
33,57,0.421390,1487365,1,[512/k3],0.263182,0.412012,false,weights,27
33,58,0.429833,2231045,1,[768/k3],0.373154,0.412012,false,remove_layer,4
33,59,0.423395,1677485,2,[322/k3→256/k3],0.247131,0.412012,false,weights,34
33,60,0.421395,743685,1,[256/k3],0.264384,0.412012,false,weights,46
33,61,0.422807,743685,1,[256/k3],0.332826,0.412012,false,remove_layer,34
33,62,0.422007,743685,1,[256/k3],0.258826,0.412012,false,weights,10
33,63,0.659702,92965,1,[32/k3],0.646877,0.412012,false,resize_layer,38
