generation,individual,val_loss,n_params,n_layers,architecture,train_loss,best_ever,is_champion,mutation_type,parent_idx
1,0,0.564800,3892133,9,[32/k1→768/k3→64/k1→64/k1→768/k1→512/k3→32/k1→32/k1→64/k1],0.718911,0.407064,false,,
1,1,0.464510,9975813,8,[64/k3→64/k3→512/k3→1024/k1→1024/k1→768/k3→128/k3→64/k1],0.503258,0.407064,false,,
1,2,0.503654,14398469,10,[128/k1→32/k3→32/k3→1024/k3→512/k3→1024/k1→768/k3→512/k1→256/k1→512/k3],0.554437,0.407064,false,,
1,3,0.496841,5390661,10,[768/k3→512/k1→768/k1→32/k1→1024/k3→32/k1→1024/k1→256/k3→256/k3→64/k3],0.525708,0.407064,false,,
1,4,0.444381,1245253,6,[64/k3→768/k1→512/k1→512/k1→64/k3→256/k3],0.470309,0.407064,false,,
1,5,0.450467,9693061,9,[768/k1→768/k3→1024/k1→64/k1→1024/k3→256/k3→32/k1→512/k3→64/k3],0.457940,0.407064,false,,
1,6,0.422455,10921349,7,[768/k3→64/k3→64/k1→768/k3→768/k3→512/k3→128/k1],0.422673,0.407064,false,,
1,7,0.438121,1456837,5,[512/k3→32/k1→1024/k1→64/k1→1024/k3],0.471363,0.407064,false,,
1,8,0.494011,14644293,8,[32/k3→256/k3→512/k3→512/k1→768/k1→768/k3→1024/k3→32/k3],0.543865,0.407064,false,,
1,9,0.473534,6753477,7,[64/k3→32/k3→512/k1→512/k1→1024/k3→1024/k1→64/k3],0.512777,0.407064,false,,
1,10,0.561569,1987653,10,[64/k1→512/k3→256/k1→32/k3→1024/k3→64/k1→64/k1→32/k3→1024/k1→1024/k1],0.623489,0.407064,false,,
1,11,0.414110,2554757,5,[768/k3→512/k1→128/k3→64/k1→768/k3],0.391870,0.407064,false,,
1,12,0.476040,3235525,7,[768/k3→256/k3→32/k1→64/k1→128/k1→512/k1→512/k1],0.514598,0.407064,false,,
1,13,0.613063,27141,4,[32/k1→64/k1→32/k3→32/k1],0.736902,0.407064,false,,
1,14,0.415999,2707909,6,[768/k3→64/k1→768/k3→64/k3→1024/k3→64/k1],0.437655,0.407064,false,,
1,15,0.407064,2564101,4,[768/k3→128/k3→256/k3→1024/k1],0.371899,0.407064,false,,
1,16,0.498389,1552453,9,[768/k1→32/k3→768/k3→1024/k1→64/k1→64/k3→64/k3→64/k3→256/k1],0.577019,0.407064,false,,
1,17,0.527010,1031717,10,[32/k3→1024/k1→32/k1→32/k1→64/k3→256/k3→64/k3→32/k1→256/k1→256/k3],0.607769,0.407064,false,,
1,18,0.510145,4275461,10,[1024/k3→128/k3→768/k3→64/k1→128/k1→32/k1→768/k3→32/k1→512/k3→512/k1],0.526782,0.407064,false,,
1,19,0.440356,672581,4,[512/k1→1024/k1→32/k1→768/k1],0.514976,0.407064,false,,
1,20,0.500614,2828069,7,[32/k1→512/k1→512/k1→256/k3→128/k1→768/k3→64/k3],0.574100,0.407064,false,,
1,21,0.475466,984901,7,[64/k3→256/k3→1024/k1→32/k3→512/k1→32/k1→512/k3],0.536598,0.407064,false,,
1,22,0.464060,533253,5,[128/k1→64/k3→128/k1→256/k3→512/k1],0.523502,0.407064,false,,
1,23,0.491346,7679365,9,[1024/k3→768/k1→64/k3→32/k1→768/k1→128/k3→512/k1→768/k3→64/k3],0.521179,0.407064,false,,
1,24,0.498025,2593861,8,[256/k3→1024/k1→32/k3→1024/k3→32/k1→128/k1→768/k3→64/k3],0.564952,0.407064,false,,
1,25,0.437794,7324229,8,[768/k3→512/k1→32/k1→768/k1→512/k1→1024/k3→512/k1→256/k1],0.447330,0.407064,false,,
1,26,0.420616,553861,4,[128/k3→1024/k1→128/k1→768/k1],0.482953,0.407064,false,,
1,27,0.511999,3027045,9,[32/k3→1024/k3→512/k1→64/k1→1024/k1→256/k1→64/k3→1024/k3→1024/k1],0.530038,0.407064,false,,
1,28,0.471617,4226757,6,[64/k1→256/k1→1024/k3→64/k1→1024/k3→128/k3],0.527645,0.407064,false,,
1,29,0.486710,5363781,10,[1024/k1→64/k1→768/k1→256/k3→128/k1→1024/k3→128/k3→768/k3→32/k1→128/k1],0.584993,0.407064,false,,
1,30,0.531221,1138341,8,[128/k1→32/k3→128/k3→256/k1→256/k1→128/k1→768/k3→32/k1],0.605206,0.407064,false,,
1,31,0.433628,14599941,6,[256/k1→768/k3→512/k3→768/k1→768/k3→512/k3],0.405823,0.407064,false,,
1,32,0.441975,6391557,9,[256/k3→256/k3→512/k1→64/k3→768/k3→768/k1→512/k3→256/k1→128/k3],0.426691,0.407064,false,,
1,33,0.411814,2739973,5,[256/k3→256/k3→256/k1→512/k3→1024/k1],0.388983,0.407064,false,,
1,34,0.559060,1090021,9,[32/k3→512/k3→32/k1→768/k3→64/k1→64/k1→32/k1→256/k1→256/k3],0.612553,0.407064,false,,
1,35,0.465556,16351493,9,[512/k1→768/k3→256/k3→64/k1→768/k1→1024/k1→1024/k3→64/k1→1024/k3],0.477910,0.407064,false,,
1,36,0.414262,3238917,4,[512/k1→1024/k1→256/k1→1024/k3],0.413609,0.407064,false,,
1,37,0.503416,34789509,9,[512/k3→1024/k3→512/k3→1024/k3→64/k3→256/k3→1024/k1→1024/k3→1024/k3],0.552801,0.407064,false,,
1,38,0.496500,2588229,9,[64/k3→256/k1→768/k3→64/k3→128/k3→512/k1→64/k1→64/k3→768/k1],0.564093,0.407064,false,,
1,39,0.502270,3571141,9,[64/k1→256/k3→128/k3→256/k1→64/k3→256/k1→1024/k3→256/k1→128/k3],0.552749,0.407064,false,,
1,40,0.480105,11062213,10,[256/k3→512/k1→256/k1→128/k3→256/k1→256/k3→768/k3→768/k1→1024/k3→64/k1],0.494225,0.407064,false,,
1,41,0.502436,641093,7,[512/k1→32/k3→64/k3→64/k1→128/k3→128/k1→256/k3],0.540524,0.407064,false,,
1,42,0.409161,3012997,6,[1024/k3→128/k3→128/k1→256/k1→768/k1→128/k1],0.429656,0.407064,false,,
1,43,0.544957,2061925,9,[32/k1→1024/k1→64/k1→1024/k1→512/k1→64/k1→256/k1→512/k1→256/k3],0.614218,0.407064,false,,
1,44,0.555870,1492485,10,[128/k1→512/k1→1024/k1→128/k1→512/k1→128/k3→256/k1→32/k1→32/k3→1024/k1],0.651687,0.407064,false,,
1,45,0.487869,2717637,10,[512/k1→128/k3→768/k3→32/k3→32/k3→1024/k3→32/k3→128/k3→768/k1→256/k1],0.549967,0.407064,false,,
1,46,0.462704,8461445,9,[512/k3→512/k3→256/k3→1024/k3→128/k1→1024/k1→128/k3→64/k3→512/k3],0.417509,0.407064,false,,
1,47,0.448839,2742757,6,[32/k3→1024/k3→64/k3→64/k3→1024/k3→128/k3],0.492456,0.407064,false,,
1,48,0.463118,9292869,8,[768/k3→512/k1→512/k1→32/k1→768/k3→256/k1→768/k3→768/k3],0.493821,0.407064,false,,
1,49,0.462345,2303173,7,[1024/k1→32/k3→64/k3→768/k1→128/k3→256/k3→256/k3],0.481425,0.407064,false,,
1,50,0.436830,2128197,6,[768/k3→128/k3→128/k1→32/k1→128/k1→768/k1],0.526125,0.407064,false,,
1,51,0.478308,192645,5,[64/k3→128/k3→32/k1→128/k1→128/k1],0.587671,0.407064,false,,
1,52,0.527033,5407365,6,[32/k1→128/k1→32/k3→768/k1→768/k3→32/k1],0.604954,0.407064,false,,
1,53,0.509114,963557,8,[128/k3→256/k3→128/k1→32/k3→1024/k3→32/k1→256/k3→32/k1],0.579351,0.407064,false,,
1,54,0.496672,4847429,5,[64/k3→32/k1→32/k3→512/k1→1024/k3],0.564826,0.407064,false,,
1,55,0.409432,4344197,7,[256/k3→1024/k3→128/k1→512/k1→1024/k1→768/k1→128/k1],0.415657,0.407064,false,,
1,56,0.486300,1999941,5,[64/k1→512/k1→64/k1→256/k3→768/k3],0.537485,0.407064,false,,
1,57,0.518231,992165,6,[32/k1→128/k3→768/k3→32/k1→128/k1→256/k1],0.634717,0.407064,false,,
1,58,0.535232,2834309,8,[64/k1→128/k1→32/k1→64/k3→512/k3→256/k1→256/k3→768/k3],0.614418,0.407064,false,,
1,59,0.417457,3384037,6,[512/k3→256/k1→512/k1→256/k3→512/k3→32/k1],0.451876,0.407064,false,,
1,60,0.436667,10617861,5,[768/k1→1024/k3→512/k1→1024/k1→256/k3],0.346885,0.407064,false,,
1,61,0.444879,1046533,6,[64/k3→768/k3→32/k3→128/k3→128/k3→768/k1],0.512855,0.407064,false,,
1,62,0.516587,10559173,10,[64/k3→256/k3→128/k3→1024/k1→256/k1→128/k3→128/k1→1024/k3→1024/k1→768/k3],0.538314,0.407064,false,,
1,63,0.478730,7469285,7,[32/k1→512/k3→512/k3→768/k3→1024/k1→64/k3→512/k1],0.556383,0.407064,false,,
2,0,0.441300,2564101,4,[768/k3→128/k3→256/k3→1024/k1],0.255397,0.399137,true,champion,15
2,1,0.441039,10921349,7,[768/k3→64/k3→64/k1→768/k3→768/k3→512/k3→128/k1],0.309380,0.399137,false,weights,6
2,2,0.427907,2739973,5,[256/k3→256/k3→256/k1→512/k3→1024/k1],0.289360,0.399137,false,weights,33
2,3,0.431094,3450085,7,[512/k3→256/k1→256/k1→512/k1→256/k3→512/k3→32/k1],0.367691,0.399137,false,add_layer,59
2,4,0.438537,1245253,6,[64/k3→768/k1→512/k1→512/k1→64/k3→256/k3],0.383902,0.399137,false,weights,4
2,5,0.432012,2739973,5,[256/k3→256/k3→256/k1→512/k3→1024/k1],0.276989,0.399137,false,weights,33
2,6,0.438464,2554757,5,[768/k3→512/k1→128/k3→64/k1→768/k3],0.280036,0.399137,false,weights,11
2,7,0.449001,11701509,10,[256/k3→256/k3→512/k1→64/k3→768/k3→768/k1→768/k3→512/k3→256/k1→128/k3],0.343674,0.399137,false,add_layer,32
2,8,0.413307,672581,4,[512/k1→1024/k1→32/k1→768/k1],0.408103,0.399137,false,weights,19
2,9,0.429175,2128197,6,[768/k3→128/k3→128/k1→32/k1→128/k1→768/k1],0.375509,0.399137,false,weights,50
2,10,0.419886,9029701,7,[768/k3→512/k1→32/k1→768/k3→256/k1→768/k3→768/k3],0.426483,0.399137,false,remove_layer,48
2,11,0.414382,450821,3,[128/k3→1024/k1→128/k1],0.419452,0.399137,false,remove_layer,26
2,12,0.462184,7225861,6,[256/k1→768/k3→512/k3→768/k1→128/k3→512/k3],0.268736,0.399137,false,resize_layer,31
2,13,0.443821,2564101,4,[768/k3→128/k3→256/k3→1024/k1],0.250781,0.399137,false,weights,15
2,14,0.426966,1046533,6,[64/k3→768/k3→32/k3→128/k3→128/k3→768/k1],0.410123,0.399137,false,weights,61
2,15,0.444258,2554757,5,[768/k3→512/k1→128/k3→64/k1→768/k3],0.271665,0.399137,false,weights,11
2,16,0.460475,14599941,6,[256/k1→768/k3→512/k3→768/k1→768/k3→512/k3],0.265233,0.399137,false,weights,31
2,17,0.436514,2982533,5,[512/k3→1024/k1→1024/k1→64/k1→1024/k3],0.269584,0.399137,false,resize_layer,7
2,18,0.419768,3384037,6,[512/k3→256/k1→512/k1→256/k3→512/k3→32/k1],0.342980,0.399137,false,weights,59
2,19,0.438532,7324229,8,[768/k3→512/k1→32/k1→768/k1→512/k1→1024/k3→512/k1→256/k1],0.323602,0.399137,false,weights,25
2,20,0.466182,12222341,9,[512/k3→512/k3→256/k3→1024/k3→128/k1→1024/k1→512/k3→64/k3→512/k3],0.308328,0.399137,false,resize_layer,46
2,21,0.445040,1712837,6,[1024/k1→32/k3→64/k3→768/k1→128/k3→256/k3],0.394071,0.399137,false,remove_layer,49
2,22,0.442170,2554757,5,[768/k3→512/k1→128/k3→64/k1→768/k3],0.268921,0.399137,false,weights,11
2,23,0.446233,2433349,9,[256/k3→256/k3→512/k1→64/k3→768/k3→32/k1→512/k3→256/k1→128/k3],0.367598,0.399137,false,resize_layer,32
2,24,0.427317,1456837,5,[512/k3→32/k1→1024/k1→64/k1→1024/k3],0.363849,0.399137,false,weights,7
2,25,0.442143,2630149,5,[768/k3→128/k3→256/k3→256/k1→1024/k1],0.261329,0.399137,false,add_layer,15
2,26,0.418207,4344197,7,[256/k3→1024/k3→128/k1→512/k1→1024/k1→768/k1→128/k1],0.305485,0.399137,false,weights,55
2,27,0.467850,14863109,7,[256/k1→768/k3→512/k3→512/k1→768/k1→768/k3→512/k3],0.279079,0.399137,false,add_layer,31
2,28,0.466324,9289989,5,[256/k1→768/k3→512/k3→768/k1→512/k3],0.299848,0.399137,false,remove_layer,31
2,29,0.431126,2162757,6,[768/k3→128/k3→128/k1→32/k1→128/k1→1024/k1],0.380763,0.399137,false,resize_layer,50
2,30,0.446553,229701,3,[1024/k1→32/k1→768/k1],0.502115,0.399137,false,remove_layer,19
2,31,0.438041,2742757,6,[32/k3→1024/k3→64/k3→64/k3→1024/k3→128/k3],0.422722,0.399137,false,weights,47
2,32,0.455068,7541189,7,[768/k3→64/k3→64/k1→768/k3→768/k3→32/k3→128/k1],0.363512,0.399137,false,resize_layer,6
2,33,0.434638,7118917,8,[768/k3→256/k1→32/k1→768/k1→512/k1→1024/k3→512/k1→256/k1],0.339338,0.399137,false,resize_layer,25
2,34,0.413691,3265160,5,[161/k1→512/k1→1024/k1→256/k1→1024/k3],0.427726,0.399137,false,add_layer,36
2,35,0.421492,11256581,5,[256/k1→768/k3→768/k1→768/k3→512/k3],0.349956,0.399137,false,remove_layer,31
2,36,0.472131,10617861,5,[768/k1→1024/k3→512/k1→1024/k1→256/k3],0.199845,0.399137,false,weights,60
2,37,0.443446,6391557,9,[256/k3→256/k3→512/k1→64/k3→768/k3→768/k1→512/k3→256/k1→128/k3],0.338145,0.399137,false,weights,32
2,38,0.411467,3238917,4,[512/k1→1024/k1→256/k1→1024/k3],0.313494,0.399137,false,weights,36
2,39,0.433363,7438149,7,[768/k3→768/k3→128/k3→128/k1→32/k1→128/k1→768/k1],0.369610,0.399137,false,add_layer,50
2,40,0.432779,1046533,6,[64/k3→768/k3→32/k3→128/k3→128/k3→768/k1],0.407520,0.399137,false,weights,61
2,41,0.399137,553861,4,[128/k3→1024/k1→128/k1→768/k1],0.385702,0.399137,false,weights,26
2,42,0.533768,897157,5,[512/k3→32/k1→1024/k1→64/k1→64/k3],0.522078,0.399137,false,resize_layer,7
2,43,0.418147,4344197,7,[256/k3→1024/k3→128/k1→512/k1→1024/k1→768/k1→128/k1],0.304442,0.399137,false,weights,55
2,44,0.427528,1046533,6,[64/k3→768/k3→32/k3→128/k3→128/k3→768/k1],0.408036,0.399137,false,weights,61
2,45,0.466351,8461445,9,[512/k3→512/k3→256/k3→1024/k3→128/k1→1024/k1→128/k3→64/k3→512/k3],0.315849,0.399137,false,weights,46
2,46,0.422843,2191749,6,[768/k3→64/k1→768/k3→32/k3→1024/k3→64/k1],0.339012,0.399137,false,resize_layer,14
2,47,0.419979,3384037,6,[512/k3→256/k1→512/k1→256/k3→512/k3→32/k1],0.337481,0.399137,false,weights,59
2,48,0.452325,10698053,7,[768/k3→64/k3→32/k1→768/k3→768/k3→512/k3→128/k1],0.322804,0.399137,false,resize_layer,6
2,49,0.453913,2303173,7,[1024/k1→32/k3→64/k3→768/k1→128/k3→256/k3→256/k3],0.378430,0.399137,false,weights,49
2,50,0.477895,1887717,6,[32/k3→64/k3→768/k1→128/k3→256/k3→256/k3],0.524017,0.399137,false,remove_layer,49
2,51,0.461376,2890469,7,[32/k3→1024/k3→64/k3→64/k3→1024/k3→128/k3→128/k3],0.436787,0.399137,false,add_layer,47
2,52,0.428158,3450085,7,[512/k3→256/k1→256/k1→512/k1→256/k3→512/k3→32/k1],0.363902,0.399137,false,add_layer,59
2,53,0.461798,9693061,9,[768/k1→768/k3→1024/k1→64/k1→1024/k3→256/k3→32/k1→512/k3→64/k3],0.320170,0.399137,false,weights,5
2,54,0.421340,9029701,7,[768/k3→512/k1→32/k1→768/k3→256/k1→768/k3→768/k3],0.417926,0.399137,false,remove_layer,48
2,55,0.463715,9693061,9,[768/k1→768/k3→1024/k1→64/k1→1024/k3→256/k3→32/k1→512/k3→64/k3],0.316862,0.399137,false,weights,5
2,56,0.438026,3012997,6,[1024/k3→128/k3→128/k1→256/k1→768/k1→128/k1],0.294775,0.399137,false,weights,42
2,57,0.426688,1046533,6,[64/k3→768/k3→32/k3→128/k3→128/k3→768/k1],0.406521,0.399137,false,weights,61
2,58,0.450442,10921349,7,[768/k3→64/k3→64/k1→768/k3→768/k3→512/k3→128/k1],0.293212,0.399137,false,weights,6
2,59,0.424093,2707909,6,[768/k3→64/k1→768/k3→64/k3→1024/k3→64/k1],0.329891,0.399137,false,weights,14
2,60,0.468991,10617861,5,[768/k1→1024/k3→512/k1→1024/k1→256/k3],0.203456,0.399137,false,weights,60
2,61,0.410143,3238917,4,[512/k1→1024/k1→256/k1→1024/k3],0.317764,0.399137,false,weights,36
2,62,0.415158,2452229,4,[512/k1→1024/k1→1024/k1→768/k1],0.332541,0.399137,false,resize_layer,19
2,63,0.438227,12435717,5,[256/k1→768/k3→512/k3→768/k3→512/k3],0.295851,0.399137,false,remove_layer,31
3,0,0.407369,553861,4,[128/k3→1024/k1→128/k1→768/k1],0.334133,0.399137,true,champion,41
3,1,0.415580,3238917,4,[512/k1→1024/k1→256/k1→1024/k3],0.259474,0.399137,false,weights,38
3,2,0.436435,5810405,8,[512/k3→256/k1→256/k1→512/k1→256/k3→512/k3→512/k3→32/k1],0.312537,0.399137,false,add_layer,52
3,3,0.408655,2796037,3,[1024/k1→256/k1→1024/k3],0.370911,0.399137,false,remove_layer,38
3,4,0.425398,4344197,7,[256/k3→1024/k3→128/k1→512/k1→1024/k1→768/k1→128/k1],0.250318,0.399137,false,weights,26
3,5,0.431468,5810405,8,[512/k3→256/k1→256/k1→512/k1→512/k3→256/k3→512/k3→32/k1],0.319942,0.399137,false,add_layer,52
3,6,0.433198,5623813,5,[1024/k3→256/k3→256/k1→512/k3→1024/k1],0.247144,0.399137,false,resize_layer,2
3,7,0.427412,4344197,7,[256/k3→1024/k3→128/k1→512/k1→1024/k1→768/k1→128/k1],0.256292,0.399137,false,weights,43
3,8,0.453661,1046533,6,[64/k3→768/k3→32/k3→128/k3→128/k3→768/k1],0.360174,0.399137,false,weights,14
3,9,0.439387,2739973,5,[256/k3→256/k3→256/k1→512/k3→1024/k1],0.242561,0.399137,false,weights,2
3,10,0.442214,2128197,6,[768/k3→128/k3→128/k1→32/k1→128/k1→768/k1],0.316184,0.399137,false,weights,9
3,11,0.406000,3265160,5,[161/k1→512/k1→1024/k1→256/k1→1024/k3],0.369281,0.399137,false,weights,34
3,12,0.429989,2707909,6,[768/k3→64/k1→768/k3→64/k3→1024/k3→64/k1],0.278104,0.399137,false,weights,59
3,13,0.446676,1046533,6,[64/k3→768/k3→32/k3→128/k3→128/k3→768/k1],0.368857,0.399137,false,weights,14
3,14,0.434894,4048613,7,[512/k3→256/k1→256/k1→512/k1→256/k3→768/k3→32/k1],0.315104,0.399137,false,resize_layer,52
3,15,0.441038,11256581,5,[256/k1→768/k3→768/k1→768/k3→512/k3],0.246120,0.399137,false,weights,35
3,16,0.445347,16566533,6,[256/k1→768/k3→768/k1→768/k3→768/k3→512/k3],0.253004,0.399137,false,add_layer,35
3,17,0.427412,4344197,7,[256/k3→1024/k3→128/k1→512/k1→1024/k1→768/k1→128/k1],0.256149,0.399137,false,weights,26
3,18,0.432193,2191749,6,[768/k3→64/k1→768/k3→32/k3→1024/k3→64/k1],0.289451,0.399137,false,weights,46
3,19,0.426518,3384037,6,[512/k3→256/k1→512/k1→256/k3→512/k3→32/k1],0.298136,0.399137,false,weights,47
3,20,0.447062,960133,6,[64/k3→768/k3→32/k3→128/k3→128/k3→128/k1],0.388058,0.399137,false,resize_layer,14
3,21,0.416848,3238917,4,[512/k1→1024/k1→256/k1→1024/k3],0.255701,0.399137,false,weights,61
3,22,0.709982,643877,4,[512/k1→1024/k1→32/k1→32/k1],0.720870,0.399137,false,resize_layer,8
3,23,0.433091,3450085,7,[512/k3→256/k1→256/k1→512/k1→256/k3→512/k3→32/k1],0.317132,0.399137,false,weights,52
3,24,0.407838,553861,4,[128/k3→1024/k1→128/k1→768/k1],0.333271,0.399137,false,weights,41
3,25,0.418530,2822280,4,[161/k1→1024/k1→256/k1→1024/k3],0.439096,0.399137,false,remove_layer,34
3,26,0.401676,2581509,3,[512/k1→256/k1→1024/k3],0.372074,0.399137,false,remove_layer,38
3,27,0.438084,1456837,5,[512/k3→32/k1→1024/k1→64/k1→1024/k3],0.312140,0.399137,false,weights,24
3,28,0.430376,3719749,6,[768/k3→512/k1→32/k1→768/k3→256/k1→768/k3],0.347553,0.399137,false,remove_layer,10
3,29,0.445350,1046533,6,[64/k3→768/k3→32/k3→128/k3→128/k3→768/k1],0.359857,0.399137,false,weights,44
3,30,0.410629,1194504,5,[161/k1→512/k1→1024/k1→256/k1→128/k3],0.398495,0.399137,false,resize_layer,34
3,31,0.401594,450821,3,[128/k3→1024/k1→128/k1],0.349328,0.399137,false,weights,11
3,32,0.407310,3265160,5,[161/k1→512/k1→1024/k1→256/k1→1024/k3],0.379172,0.399137,false,weights,34
3,33,0.428646,4344197,7,[256/k3→1024/k3→128/k1→512/k1→1024/k1→768/k1→128/k1],0.255975,0.399137,false,weights,43
3,34,0.425965,4344197,7,[256/k3→1024/k3→128/k1→512/k1→1024/k1→768/k1→128/k1],0.253583,0.399137,false,weights,26
3,35,0.452701,1046533,6,[64/k3→768/k3→32/k3→128/k3→128/k3→768/k1],0.353999,0.399137,false,weights,57
3,36,0.419974,1831301,5,[768/k3→64/k1→768/k3→32/k3→64/k1],0.400525,0.399137,false,remove_layer,46
3,37,0.437756,1456837,5,[512/k3→32/k1→1024/k1→64/k1→1024/k3],0.307517,0.399137,false,weights,24
3,38,0.449630,1046533,6,[64/k3→768/k3→32/k3→128/k3→128/k3→768/k1],0.365219,0.399137,false,weights,44
3,39,0.434466,3450085,7,[512/k3→256/k1→256/k1→512/k1→256/k3→512/k3→32/k1],0.316306,0.399137,false,weights,52
3,40,0.407834,553861,4,[128/k3→1024/k1→128/k1→768/k1],0.335763,0.399137,false,weights,41
3,41,0.437947,9029701,7,[768/k3→512/k1→32/k1→768/k3→256/k1→768/k3→768/k3],0.297862,0.399137,false,weights,54
3,42,0.451626,212389,6,[32/k3→128/k3→128/k1→32/k1→128/k1→768/k1],0.495251,0.399137,false,resize_layer,9
3,43,0.438126,9621061,8,[768/k3→768/k1→512/k1→32/k1→768/k3→256/k1→768/k3→768/k3],0.322129,0.399137,false,add_layer,10
3,44,0.424818,13783429,8,[256/k3→1024/k3→128/k1→512/k1→1024/k1→1024/k3→768/k1→128/k1],0.251193,0.399137,false,add_layer,26
3,45,0.449307,1046533,6,[64/k3→768/k3→32/k3→128/k3→128/k3→768/k1],0.364520,0.399137,false,weights,44
3,46,0.446365,1046533,6,[64/k3→768/k3→32/k3→128/k3→128/k3→768/k1],0.366738,0.399137,false,weights,44
3,47,0.437944,129861,3,[512/k1→32/k1→768/k1],0.476041,0.399137,false,remove_layer,8
3,48,0.448848,11256581,5,[256/k1→768/k3→768/k1→768/k3→512/k3],0.246432,0.399137,false,weights,35
3,49,0.421894,8618565,6,[768/k3→512/k1→32/k1→256/k1→768/k3→768/k3],0.355907,0.399137,false,remove_layer,10
3,50,0.444312,16566533,6,[256/k1→768/k3→768/k3→768/k1→768/k3→512/k3],0.254261,0.399137,false,add_layer,35
3,51,0.436678,9095749,8,[768/k3→512/k1→32/k1→768/k3→256/k1→256/k1→768/k3→768/k3],0.313227,0.399137,false,add_layer,10
3,52,0.434588,2630725,7,[32/k3→256/k1→256/k1→512/k1→256/k3→512/k3→32/k1],0.464446,0.399137,false,resize_layer,52
3,53,0.417701,3238917,4,[512/k1→1024/k1→256/k1→1024/k3],0.250323,0.399137,false,weights,38
3,54,0.440854,3450085,7,[512/k3→256/k1→256/k1→512/k1→256/k3→512/k3→32/k1],0.313679,0.399137,false,weights,3
3,55,0.415663,3238917,4,[512/k1→1024/k1→256/k1→1024/k3],0.261278,0.399137,false,weights,61
3,56,0.432802,14339653,8,[768/k3→512/k1→32/k1→768/k3→256/k1→768/k3→768/k3→768/k3],0.317474,0.399137,false,add_layer,10
3,57,0.433699,4761829,7,[512/k3→256/k1→256/k1→1024/k1→256/k3→512/k3→32/k1],0.307968,0.399137,false,resize_layer,52
3,58,0.410969,1927941,4,[512/k1→1024/k1→128/k1→1024/k3],0.286919,0.399137,false,resize_layer,61
3,59,0.419999,672581,4,[512/k1→1024/k1→32/k1→768/k1],0.340836,0.399137,false,weights,8
3,60,0.433398,3450085,7,[512/k3→256/k1→256/k1→512/k1→256/k3→512/k3→32/k1],0.311927,0.399137,false,weights,52
3,61,0.411875,2662117,5,[512/k3→256/k1→256/k3→512/k3→32/k1],0.351333,0.399137,false,remove_layer,47
3,62,0.438191,129861,3,[512/k1→32/k1→768/k1],0.477784,0.399137,false,remove_layer,8
3,63,0.448596,7717893,4,[256/k1→768/k3→768/k1→768/k3],0.282612,0.399137,false,remove_layer,35
4,0,0.415802,450821,3,[128/k3→1024/k1→128/k1],0.314004,0.398773,true,champion,31
4,1,0.437526,13800069,9,[256/k3→1024/k3→128/k1→512/k1→1024/k1→1024/k3→768/k1→128/k1→128/k1],0.270228,0.398773,false,add_layer,44
4,2,0.428111,4131269,8,[256/k3→1024/k3→128/k1→512/k1→32/k1→1024/k3→768/k1→128/k1],0.252981,0.398773,false,resize_layer,44
4,3,0.416560,553861,4,[128/k3→1024/k1→128/k1→768/k1],0.299476,0.398773,false,weights,40
4,4,0.424738,2662117,5,[512/k3→256/k1→256/k3→512/k3→32/k1],0.287291,0.398773,false,weights,61
4,5,0.417242,553861,4,[128/k3→1024/k1→128/k1→768/k1],0.300515,0.398773,false,weights,0
4,6,0.423345,580104,5,[161/k1→128/k3→1024/k1→128/k1→768/k1],0.423995,0.398773,false,add_layer,0
4,7,0.431116,4344197,7,[256/k3→1024/k3→128/k1→512/k1→1024/k1→768/k1→128/k1],0.222597,0.398773,false,weights,7
4,8,0.423782,3238917,4,[512/k1→1024/k1→256/k1→1024/k3],0.216675,0.398773,false,weights,53
4,9,0.431379,4344197,7,[256/k3→1024/k3→128/k1→512/k1→1024/k1→768/k1→128/k1],0.229655,0.398773,false,weights,7
4,10,0.427424,13783429,8,[256/k3→1024/k3→128/k1→512/k1→1024/k1→1024/k3→768/k1→128/k1],0.213361,0.398773,false,weights,44
4,11,0.496218,401925,3,[1024/k1→128/k1→768/k1],0.501327,0.398773,false,remove_layer,40
4,12,0.426049,4344197,7,[256/k3→1024/k3→128/k1→512/k1→1024/k1→768/k1→128/k1],0.227304,0.398773,false,weights,34
4,13,0.421339,3238917,4,[512/k1→1024/k1→256/k1→1024/k3],0.220188,0.398773,false,weights,21
4,14,0.404213,1194504,5,[161/k1→512/k1→1024/k1→256/k1→128/k3],0.351462,0.398773,false,weights,30
4,15,0.420491,3238917,4,[512/k1→1024/k1→256/k1→1024/k3],0.224135,0.398773,false,weights,1
4,16,0.427921,4344197,7,[256/k3→1024/k3→128/k1→512/k1→1024/k1→768/k1→128/k1],0.227508,0.398773,false,weights,34
4,17,0.414262,1927941,4,[512/k1→1024/k1→128/k1→1024/k3],0.243689,0.398773,false,weights,58
4,18,0.427695,13783429,8,[256/k3→1024/k3→128/k1→512/k1→1024/k1→1024/k3→768/k1→128/k1],0.212418,0.398773,false,weights,44
4,19,0.406411,1110661,3,[128/k3→1024/k1→768/k1],0.328252,0.398773,false,remove_layer,24
4,20,0.414870,1927941,4,[512/k1→1024/k1→128/k1→1024/k3],0.240408,0.398773,false,weights,58
4,21,0.432995,4344197,7,[256/k3→1024/k3→128/k1→512/k1→1024/k1→768/k1→128/k1],0.228412,0.398773,false,weights,7
4,22,0.429915,5982533,5,[512/k1→1024/k1→32/k1→768/k1→768/k3],0.296742,0.398773,false,add_layer,59
4,23,0.412817,3265160,5,[161/k1→512/k1→1024/k1→256/k1→1024/k3],0.332491,0.398773,false,weights,11
4,24,0.419652,3238917,4,[512/k1→1024/k1→256/k1→1024/k3],0.229104,0.398773,false,weights,21
4,25,0.425857,2662117,5,[512/k3→256/k1→256/k3→512/k3→32/k1],0.288645,0.398773,false,weights,61
4,26,0.440673,3450085,7,[512/k3→256/k1→256/k1→512/k1→256/k3→512/k3→32/k1],0.288061,0.398773,false,add_layer,19
4,27,0.419114,3238917,4,[512/k1→1024/k1→256/k1→1024/k3],0.220951,0.398773,false,weights,55
4,28,0.430466,13783429,8,[256/k3→1024/k3→128/k1→512/k1→1024/k1→1024/k3→768/k1→128/k1],0.217670,0.398773,false,weights,44
4,29,0.418834,3238917,4,[512/k1→1024/k1→256/k1→1024/k3],0.226279,0.398773,false,weights,1
4,30,0.418330,2796037,3,[1024/k1→256/k1→1024/k3],0.268162,0.398773,false,weights,3
4,31,0.410614,3265160,5,[161/k1→512/k1→1024/k1→256/k1→1024/k3],0.326538,0.398773,false,weights,11
4,32,0.426591,2662117,5,[512/k3→256/k1→256/k3→512/k3→32/k1],0.292992,0.398773,false,weights,61
4,33,0.411968,3265160,5,[161/k1→512/k1→1024/k1→256/k1→1024/k3],0.333349,0.398773,false,weights,11
4,34,0.425479,1831301,5,[768/k3→64/k1→768/k3→32/k3→64/k1],0.319199,0.398773,false,weights,36
4,35,0.416503,3502085,5,[512/k1→512/k1→1024/k1→256/k1→1024/k3],0.265148,0.398773,false,add_layer,1
4,36,0.410949,3265160,5,[161/k1→512/k1→1024/k1→256/k1→1024/k3],0.342290,0.398773,false,weights,32
4,37,0.425634,13783429,8,[256/k3→1024/k3→128/k1→512/k1→1024/k1→1024/k3→768/k1→128/k1],0.216175,0.398773,false,weights,44
4,38,0.409927,3265160,5,[161/k1→512/k1→1024/k1→256/k1→1024/k3],0.338934,0.398773,false,weights,11
4,39,0.400516,2822280,4,[161/k1→1024/k1→256/k1→1024/k3],0.358388,0.398773,false,weights,25
4,40,0.438136,8618565,6,[768/k3→512/k1→32/k1→256/k1→768/k3→768/k3],0.282187,0.398773,false,weights,49
4,41,0.438850,9208901,7,[768/k3→512/k1→32/k1→256/k1→256/k3→768/k3→768/k3],0.289648,0.398773,false,add_layer,49
4,42,0.428492,4344197,7,[256/k3→1024/k3→128/k1→512/k1→1024/k1→768/k1→128/k1],0.221450,0.398773,false,weights,4
4,43,0.398773,2822280,4,[161/k1→1024/k1→256/k1→1024/k3],0.350777,0.398773,false,weights,25
4,44,0.406927,1194504,5,[161/k1→512/k1→1024/k1→256/k1→128/k3],0.349766,0.398773,false,weights,30
4,45,0.411569,3265160,5,[161/k1→512/k1→1024/k1→256/k1→1024/k3],0.333333,0.398773,false,weights,11
4,46,0.405176,2581509,3,[512/k1→256/k1→1024/k3],0.288192,0.398773,false,weights,26
4,47,0.430064,4248837,6,[256/k3→1024/k3→128/k1→512/k1→1024/k1→768/k1],0.247197,0.398773,false,remove_layer,4
4,48,0.412742,3855496,6,[161/k1→512/k1→1024/k1→256/k1→256/k3→1024/k3],0.337987,0.398773,false,add_layer,11
4,49,0.422239,3238917,4,[512/k1→1024/k1→256/k1→1024/k3],0.217550,0.398773,false,weights,53
4,50,0.431053,4639621,7,[256/k3→1024/k3→128/k1→768/k1→1024/k1→768/k1→128/k1],0.223349,0.398773,false,resize_layer,7
4,51,0.428158,4344197,7,[256/k3→1024/k3→128/k1→512/k1→1024/k1→768/k1→128/k1],0.224986,0.398773,false,weights,4
4,52,0.425648,1831301,5,[768/k3→64/k1→768/k3→32/k3→64/k1],0.314385,0.398773,false,weights,36
4,53,0.404004,2607752,4,[161/k1→512/k1→256/k1→1024/k3],0.397418,0.398773,false,remove_layer,32
4,54,0.430893,3384037,6,[512/k3→256/k1→512/k1→256/k3→512/k3→32/k1],0.272106,0.398773,false,weights,19
4,55,0.405671,2581509,3,[512/k1→256/k1→1024/k3],0.287087,0.398773,false,weights,26
4,56,0.422731,3238917,4,[512/k1→1024/k1→256/k1→1024/k3],0.220625,0.398773,false,weights,53
4,57,0.420282,3238917,4,[512/k1→1024/k1→256/k1→1024/k3],0.217810,0.398773,false,weights,1
4,58,0.411874,2796037,3,[1024/k1→256/k1→1024/k3],0.371422,0.398773,false,remove_layer,21
4,59,0.429116,4934533,8,[256/k3→256/k3→1024/k3→128/k1→512/k1→1024/k1→768/k1→128/k1],0.247198,0.398773,false,add_layer,4
4,60,0.411512,3265160,5,[161/k1→512/k1→1024/k1→256/k1→1024/k3],0.333855,0.398773,false,weights,32
4,61,0.416965,1211144,6,[161/k1→512/k1→1024/k1→256/k1→128/k3→128/k1],0.370376,0.398773,false,add_layer,30
4,62,0.423716,2662117,5,[512/k3→256/k1→256/k3→512/k3→32/k1],0.287657,0.398773,false,weights,61
4,63,0.419958,3238917,4,[512/k1→1024/k1→256/k1→1024/k3],0.225050,0.398773,false,weights,1
5,0,0.411910,2822280,4,[161/k1→1024/k1→256/k1→1024/k3],0.312186,0.398066,true,champion,43
5,1,0.423854,553861,4,[128/k3→1024/k1→128/k1→768/k1],0.284746,0.398066,false,weights,3
5,2,0.401728,2607752,4,[161/k1→512/k1→256/k1→1024/k3],0.351630,0.398066,false,weights,53
5,3,0.405431,899976,4,[161/k1→512/k1→1024/k1→256/k1],0.369750,0.398066,false,remove_layer,36
5,4,0.400812,3198088,5,[161/k1→512/k1→256/k1→256/k3→1024/k3],0.355432,0.398066,false,add_layer,53
5,5,0.410147,2822280,4,[161/k1→1024/k1→256/k1→1024/k3],0.316320,0.398066,false,weights,43
5,6,0.417749,1110661,3,[128/k3→1024/k1→768/k1],0.284720,0.398066,false,weights,19
5,7,0.417013,1110661,3,[128/k3→1024/k1→768/k1],0.281841,0.398066,false,weights,19
5,8,0.402016,2607752,4,[161/k1→512/k1→256/k1→1024/k3],0.354427,0.398066,false,weights,53
5,9,0.406782,899976,4,[161/k1→512/k1→1024/k1→256/k1],0.368951,0.398066,false,remove_layer,23
5,10,0.412341,3872904,5,[161/k1→1024/k1→256/k1→1024/k3→1024/k1],0.334158,0.398066,false,add_layer,39
5,11,0.426700,450821,3,[128/k3→1024/k1→128/k1],0.290966,0.398066,false,weights,0
5,12,0.432530,768264,5,[161/k1→1024/k1→256/k1→128/k3→128/k1],0.441945,0.398066,false,remove_layer,61
5,13,0.424305,553861,4,[128/k3→1024/k1→128/k1→768/k1],0.280042,0.398066,false,weights,5
5,14,0.427999,701573,5,[128/k3→1024/k1→128/k1→128/k3→768/k1],0.284311,0.398066,false,add_layer,3
5,15,0.408331,306053,3,[128/k3→128/k1→768/k1],0.386039,0.398066,false,remove_layer,5
5,16,0.416196,1927941,4,[512/k1→1024/k1→128/k1→1024/k3],0.220796,0.398066,false,weights,17
5,17,0.405362,3399688,6,[161/k1→128/k1→1024/k1→256/k1→256/k3→1024/k3],0.371943,0.398066,false,resize_layer,48
5,18,0.420248,484741,4,[128/k3→1024/k1→128/k1→256/k1],0.295417,0.398066,false,resize_layer,3
5,19,0.406497,899976,4,[161/k1→512/k1→1024/k1→256/k1],0.365145,0.398066,false,remove_layer,31
5,20,0.419541,3265160,5,[161/k1→512/k1→1024/k1→256/k1→1024/k3],0.307640,0.398066,false,weights,23
5,21,0.419247,1110661,3,[128/k3→1024/k1→768/k1],0.283227,0.398066,false,remove_layer,19
5,22,0.411104,2581509,3,[512/k1→256/k1→1024/k3],0.245702,0.398066,false,remove_layer,46
5,23,0.413604,3872904,5,[161/k1→1024/k1→1024/k1→256/k1→1024/k3],0.330544,0.398066,false,add_layer,39
5,24,0.413249,1184901,5,[512/k1→1024/k1→256/k1→128/k3→128/k1],0.319723,0.398066,false,remove_layer,61
5,25,0.416121,3265160,5,[161/k1→512/k1→1024/k1→256/k1→1024/k3],0.305185,0.398066,false,weights,31
5,26,0.408021,2961288,5,[161/k1→256/k1→1024/k1→256/k1→1024/k3],0.340180,0.398066,false,resize_layer,33
5,27,0.398066,2500488,4,[161/k1→256/k1→256/k1→1024/k3],0.371051,0.398066,false,resize_layer,53
5,28,0.411443,970952,5,[161/k1→512/k1→1024/k1→32/k1→1024/k3],0.364810,0.398066,false,resize_layer,60
5,29,0.415841,3265160,5,[161/k1→512/k1→1024/k1→256/k1→1024/k3],0.309254,0.398066,false,weights,45
5,30,0.398903,2607752,4,[161/k1→512/k1→256/k1→1024/k3],0.350685,0.398066,false,weights,53
5,31,0.405585,537096,4,[161/k1→512/k1→256/k1→128/k3],0.402883,0.398066,false,remove_layer,14
5,32,0.412119,2581509,3,[512/k1→256/k1→1024/k3],0.248714,0.398066,false,weights,46
5,33,0.410945,4089107,7,[161/k1→161/k3→512/k1→1024/k1→256/k1→256/k3→1024/k3],0.350248,0.398066,false,add_layer,48
5,34,0.430502,3291403,6,[161/k1→161/k1→512/k1→1024/k1→256/k1→1024/k3],0.413221,0.398066,false,add_layer,33
5,35,0.414728,3265160,5,[161/k1→512/k1→1024/k1→256/k1→1024/k3],0.313717,0.398066,false,weights,38
5,36,0.424684,570501,5,[128/k3→1024/k1→128/k1→128/k1→768/k1],0.305017,0.398066,false,add_layer,5
5,37,0.417741,3265160,5,[161/k1→512/k1→1024/k1→256/k1→1024/k3],0.305529,0.398066,false,weights,31
5,38,0.413028,1194504,5,[161/k1→512/k1→1024/k1→256/k1→128/k3],0.324098,0.398066,false,weights,44
5,39,0.417768,3265160,5,[161/k1→512/k1→1024/k1→256/k1→1024/k3],0.309875,0.398066,false,weights,33
5,40,0.417145,3855496,6,[161/k1→512/k1→1024/k1→256/k1→256/k3→1024/k3],0.301695,0.398066,false,weights,48
5,41,0.418237,3265160,5,[161/k1→512/k1→1024/k1→256/k1→1024/k3],0.305261,0.398066,false,weights,23
5,42,0.416992,3265160,5,[161/k1→512/k1→1024/k1→256/k1→1024/k3],0.310480,0.398066,false,weights,31
5,43,0.411596,1194504,5,[161/k1→512/k1→1024/k1→256/k1→128/k3],0.322765,0.398066,false,weights,44
5,44,0.424324,553861,4,[128/k3→1024/k1→128/k1→768/k1],0.288394,0.398066,false,weights,3
5,45,0.411992,2671877,4,[256/k1→512/k1→256/k1→1024/k3],0.308561,0.398066,false,resize_layer,53
5,46,0.417779,3855496,6,[161/k1→512/k1→1024/k1→256/k1→256/k3→1024/k3],0.311344,0.398066,false,weights,48
5,47,0.416830,3265160,5,[161/k1→512/k1→1024/k1→256/k1→1024/k3],0.306320,0.398066,false,weights,60
5,48,0.399947,2607752,4,[161/k1→512/k1→256/k1→1024/k3],0.354575,0.398066,false,weights,53
5,49,0.418910,3502085,5,[512/k1→512/k1→1024/k1→256/k1→1024/k3],0.240136,0.398066,false,weights,35
5,50,0.419389,3265160,5,[161/k1→512/k1→1024/k1→256/k1→1024/k3],0.309831,0.398066,false,weights,36
5,51,0.405397,2822280,4,[161/k1→1024/k1→256/k1→1024/k3],0.399421,0.398066,false,remove_layer,36
5,52,0.423878,553861,4,[128/k3→1024/k1→128/k1→768/k1],0.283855,0.398066,false,weights,3
5,53,0.418864,3502085,5,[512/k1→512/k1→1024/k1→256/k1→1024/k3],0.236182,0.398066,false,weights,35
5,54,0.409778,1833224,5,[161/k1→512/k1→1024/k1→128/k3→128/k1],0.371070,0.398066,false,remove_layer,61
5,55,0.409298,2822280,4,[161/k1→1024/k1→256/k1→1024/k3],0.313628,0.398066,false,weights,39
5,56,0.406304,306053,3,[128/k3→128/k1→768/k1],0.353130,0.398066,false,resize_layer,19
5,57,0.420900,3265160,5,[161/k1→512/k1→1024/k1→256/k1→1024/k3],0.314289,0.398066,false,weights,23
5,58,0.416336,3855496,6,[161/k1→512/k1→1024/k1→256/k1→256/k3→1024/k3],0.316307,0.398066,false,weights,48
5,59,0.415152,1110661,3,[128/k3→1024/k1→768/k1],0.287326,0.398066,false,weights,19
5,60,0.401270,9637512,3,[161/k1→1024/k1→1024/k3],0.351307,0.398066,false,remove_layer,39
5,61,0.417241,3265160,5,[161/k1→512/k1→1024/k1→256/k1→1024/k3],0.307683,0.398066,false,weights,38
5,62,0.418668,12704392,6,[161/k1→512/k1→1024/k1→1024/k3→256/k1→1024/k3],0.305619,0.398066,false,add_layer,45
5,63,0.411435,2581509,3,[512/k1→256/k1→1024/k3],0.248618,0.398066,false,weights,55
6,0,0.400372,2500488,4,[161/k1→256/k1→256/k1→1024/k3],0.335791,0.398066,true,champion,27
6,1,0.417979,2822280,4,[161/k1→1024/k1→256/k1→1024/k3],0.280884,0.398066,false,weights,55
6,2,0.413690,899976,4,[161/k1→512/k1→1024/k1→256/k1],0.329819,0.398066,false,weights,9
6,3,0.407786,2607752,4,[161/k1→512/k1→256/k1→1024/k3],0.322584,0.398066,false,weights,2
6,4,0.406227,2607752,4,[161/k1→512/k1→256/k1→1024/k3],0.322965,0.398066,false,weights,48
6,5,0.415079,4011912,6,[161/k1→256/k1→1024/k1→1024/k1→256/k1→1024/k3],0.328139,0.398066,false,add_layer,26
6,6,0.415032,970952,5,[161/k1→512/k1→1024/k1→32/k1→1024/k3],0.333873,0.398066,false,weights,28
6,7,0.405150,537096,4,[161/k1→512/k1→256/k1→128/k3],0.383919,0.398066,false,remove_layer,43
6,8,0.415040,4696851,7,[161/k1→161/k3→1024/k1→1024/k1→256/k1→256/k3→1024/k3],0.309016,0.398066,false,resize_layer,33
6,9,0.407269,2607752,4,[161/k1→512/k1→256/k1→1024/k3],0.325314,0.398066,false,weights,30
6,10,0.413021,306053,3,[128/k3→128/k1→768/k1],0.324833,0.398066,false,weights,56
6,11,0.416153,2715016,4,[161/k1→768/k1→256/k1→1024/k3],0.301962,0.398066,false,resize_layer,2
6,12,0.416009,2581509,3,[512/k1→256/k1→1024/k3],0.221684,0.398066,false,remove_layer,63
6,13,0.405024,2607752,4,[161/k1→512/k1→256/k1→1024/k3],0.317371,0.398066,false,weights,30
6,14,0.414505,2581509,3,[512/k1→256/k1→1024/k3],0.220101,0.398066,false,weights,22
6,15,0.419855,2822280,4,[161/k1→1024/k1→256/k1→1024/k3],0.285905,0.398066,false,weights,5
6,16,0.408519,2566536,5,[161/k1→256/k1→256/k1→256/k1→1024/k3],0.343392,0.398066,false,resize_layer,26
6,17,0.405899,2607752,4,[161/k1→512/k1→256/k1→1024/k3],0.325781,0.398066,false,weights,48
6,18,0.413092,899976,4,[161/k1→512/k1→1024/k1→256/k1],0.324890,0.398066,false,weights,19
6,19,0.405494,3198088,5,[161/k1→512/k1→256/k1→256/k3→1024/k3],0.325446,0.398066,false,weights,4
6,20,0.418082,2822280,4,[161/k1→1024/k1→256/k1→1024/k3],0.287797,0.398066,false,weights,55
6,21,0.401912,457096,3,[161/k1→1024/k1→256/k1],0.390628,0.398066,false,remove_layer,51
6,22,0.411299,10080392,4,[161/k1→512/k1→1024/k1→1024/k3],0.315664,0.398066,false,resize_layer,8
6,23,0.409139,306053,3,[128/k3→128/k1→768/k1],0.318609,0.398066,false,weights,15
6,24,0.406247,2607752,4,[161/k1→512/k1→256/k1→1024/k3],0.327271,0.398066,false,weights,48
6,25,0.409367,2829704,5,[161/k1→256/k1→768/k1→256/k1→1024/k3],0.324455,0.398066,false,resize_layer,26
6,26,0.417487,453765,4,[128/k3→128/k1→128/k3→768/k1],0.329966,0.398066,false,add_layer,56
6,27,0.405343,2841363,5,[161/k1→161/k3→512/k1→256/k1→1024/k3],0.355173,0.398066,false,add_layer,2
6,28,0.415462,2822280,4,[161/k1→1024/k1→256/k1→1024/k3],0.295302,0.398066,false,weights,55
6,29,0.406358,9637512,3,[161/k1→1024/k1→1024/k3],0.292723,0.398066,false,weights,60
6,30,0.413153,306053,3,[128/k3→128/k1→768/k1],0.321120,0.398066,false,weights,56
6,31,0.421580,1833224,5,[161/k1→512/k1→1024/k1→128/k3→128/k1],0.342920,0.398066,false,weights,54
6,32,0.405264,2607752,4,[161/k1→512/k1→256/k1→1024/k3],0.330978,0.398066,false,weights,48
6,33,0.417304,1194504,5,[161/k1→512/k1→1024/k1→256/k1→128/k3],0.307806,0.398066,false,weights,43
6,34,0.399816,873733,3,[512/k1→1024/k1→256/k1],0.316605,0.398066,false,remove_layer,9
6,35,0.700604,488296,3,[161/k1→1024/k1→32/k3],0.703221,0.398066,false,resize_layer,60
6,36,0.413720,2961288,5,[161/k1→256/k1→1024/k1→256/k1→1024/k3],0.313496,0.398066,false,weights,26
6,37,0.406557,9637512,3,[161/k1→1024/k1→1024/k3],0.288351,0.398066,false,remove_layer,60
6,38,0.426796,1859467,6,[161/k1→161/k1→512/k1→1024/k1→128/k3→128/k1],0.380456,0.398066,false,add_layer,54
6,39,0.413721,899976,4,[161/k1→512/k1→1024/k1→256/k1],0.330926,0.398066,false,weights,9
6,40,0.403726,3198088,5,[161/k1→512/k1→256/k1→256/k3→1024/k3],0.329090,0.398066,false,weights,4
6,41,0.405904,2607752,4,[161/k1→512/k1→256/k1→1024/k3],0.328105,0.398066,false,weights,2
6,42,0.437892,219653,3,[128/k3→128/k1→128/k1],0.409519,0.398066,false,resize_layer,56
6,43,0.404624,2607752,4,[161/k1→512/k1→256/k1→1024/k3],0.327127,0.398066,false,weights,48
6,44,0.423397,1833224,5,[161/k1→512/k1→1024/k1→128/k3→128/k1],0.332434,0.398066,false,weights,54
6,45,0.415265,4089107,7,[161/k1→161/k3→512/k1→1024/k1→256/k1→256/k3→1024/k3],0.326240,0.398066,false,weights,33
6,46,0.406402,2607752,4,[161/k1→512/k1→256/k1→1024/k3],0.327030,0.398066,false,weights,2
6,47,0.406281,12046984,5,[161/k1→512/k1→256/k1→1024/k3→1024/k3],0.327845,0.398066,false,add_layer,2
6,48,0.417910,2822280,4,[161/k1→1024/k1→256/k1→1024/k3],0.288631,0.398066,false,weights,5
6,49,0.405979,2607752,4,[161/k1→512/k1→256/k1→1024/k3],0.330120,0.398066,false,weights,48
6,50,0.419917,2822280,4,[161/k1→1024/k1→256/k1→1024/k3],0.285075,0.398066,false,weights,5
6,51,0.418563,2822280,4,[161/k1→1024/k1→256/k1→1024/k3],0.288416,0.398066,false,weights,5
6,52,0.436562,219653,3,[128/k3→128/k1→128/k1],0.399749,0.398066,false,resize_layer,15
6,53,0.405502,713349,3,[512/k1→64/k1→1024/k3],0.298172,0.398066,false,resize_layer,22
6,54,0.415211,2581509,3,[512/k1→256/k1→1024/k3],0.223176,0.398066,false,weights,63
6,55,0.416172,970952,5,[161/k1→512/k1→1024/k1→32/k1→1024/k3],0.342321,0.398066,false,weights,28
6,56,0.409929,306053,3,[128/k3→128/k1→768/k1],0.324073,0.398066,false,weights,15
6,57,0.407818,9637512,3,[161/k1→1024/k1→1024/k3],0.294170,0.398066,false,weights,60
6,58,0.409757,603144,5,[161/k1→512/k1→256/k1→256/k1→128/k3],0.336370,0.398066,false,resize_layer,43
6,59,0.405568,9637512,3,[161/k1→1024/k1→1024/k3],0.285679,0.398066,false,remove_layer,60
6,60,0.417767,2822280,4,[161/k1→1024/k1→256/k1→1024/k3],0.283879,0.398066,false,weights,55
6,61,0.411611,2961288,5,[161/k1→256/k1→1024/k1→256/k1→1024/k3],0.312893,0.398066,false,weights,26
6,62,0.405933,9637512,3,[161/k1→1024/k1→1024/k3],0.287170,0.398066,false,weights,60
6,63,0.401338,641160,3,[161/k1→512/k1→1024/k1],0.358920,0.398066,false,remove_layer,19
7,0,0.409266,873733,3,[512/k1→1024/k1→256/k1],0.258384,0.398066,true,champion,34
7,1,0.400388,376200,4,[161/k1→128/k1→256/k1→128/k3],0.385852,0.398066,false,resize_layer,7
7,2,0.408843,2633995,5,[161/k1→161/k1→512/k1→256/k1→1024/k3],0.358947,0.398066,false,add_layer,24
7,3,0.401049,2434440,3,[161/k1→256/k1→1024/k3],0.325949,0.398066,false,resize_layer,62
7,4,0.410190,2841363,5,[161/k1→161/k3→512/k1→256/k1→1024/k3],0.321571,0.398066,false,weights,27
7,5,0.412744,9637512,3,[161/k1→1024/k1→1024/k3],0.257893,0.398066,false,weights,59
7,6,0.414269,2607752,4,[161/k1→512/k1→256/k1→1024/k3],0.295769,0.398066,false,weights,13
7,7,0.409997,2841363,5,[161/k1→161/k3→512/k1→256/k1→1024/k3],0.331045,0.398066,false,weights,27
7,8,0.415451,10688136,4,[161/k1→1024/k1→1024/k1→1024/k3],0.274895,0.398066,false,add_layer,29
7,9,0.401107,457096,3,[161/k1→1024/k1→256/k1],0.342209,0.398066,false,weights,21
7,10,0.414718,2607752,4,[161/k1→512/k1→256/k1→1024/k3],0.296724,0.398066,false,weights,9
7,11,0.404294,2500488,4,[161/k1→256/k1→256/k1→1024/k3],0.319295,0.398066,false,weights,0
7,12,0.412546,2607752,4,[161/k1→512/k1→256/k1→1024/k3],0.297744,0.398066,false,weights,13
7,13,0.412569,9637512,3,[161/k1→1024/k1→1024/k3],0.263208,0.398066,false,weights,59
7,14,0.401357,2581509,3,[512/k1→256/k1→1024/k3],0.306792,0.398066,false,remove_layer,32
7,15,0.411397,1723272,5,[161/k1→512/k1→256/k1→128/k3→1024/k3],0.315725,0.398066,false,resize_layer,40
7,16,0.413209,3198088,5,[161/k1→512/k1→256/k1→256/k3→1024/k3],0.304998,0.398066,false,weights,19
7,17,0.412402,3198088,5,[161/k1→512/k1→256/k1→256/k3→1024/k3],0.299554,0.398066,false,weights,40
7,18,0.411376,2607752,4,[161/k1→512/k1→256/k1→1024/k3],0.304584,0.398066,false,weights,49
7,19,0.412074,9637512,3,[161/k1→1024/k1→1024/k3],0.261105,0.398066,false,weights,37
7,20,0.413453,2607752,4,[161/k1→512/k1→256/k1→1024/k3],0.308515,0.398066,false,weights,41
7,21,0.409411,3198088,5,[161/k1→512/k1→256/k1→256/k3→1024/k3],0.303461,0.398066,false,weights,40
7,22,0.411300,2607752,4,[161/k1→512/k1→256/k1→1024/k3],0.308607,0.398066,false,weights,43
7,23,0.408805,2841363,5,[161/k1→161/k3→512/k1→256/k1→1024/k3],0.327608,0.398066,false,weights,27
7,24,0.412864,2607752,4,[161/k1→512/k1→256/k1→1024/k3],0.307164,0.398066,false,weights,49
7,25,0.409533,2841363,5,[161/k1→161/k3→512/k1→256/k1→1024/k3],0.324845,0.398066,false,weights,27
7,26,0.412703,3788424,6,[161/k1→512/k1→256/k1→256/k3→256/k3→1024/k3],0.309954,0.398066,false,add_layer,19
7,27,0.401664,2581509,3,[512/k1→256/k1→1024/k3],0.301642,0.398066,false,remove_layer,9
7,28,0.413883,12046984,5,[161/k1→512/k1→256/k1→1024/k3→1024/k3],0.308718,0.398066,false,weights,47
7,29,0.412969,2607752,4,[161/k1→512/k1→256/k1→1024/k3],0.306734,0.398066,false,weights,24
7,30,0.413336,2607752,4,[161/k1→512/k1→256/k1→1024/k3],0.304905,0.398066,false,weights,24
7,31,0.414919,2673800,5,[161/k1→512/k1→256/k1→256/k1→1024/k3],0.324733,0.398066,false,add_layer,9
7,32,0.411922,2607752,4,[161/k1→512/k1→256/k1→1024/k3],0.308128,0.398066,false,weights,46
7,33,0.413200,9637512,3,[161/k1→1024/k1→1024/k3],0.253449,0.398066,false,weights,37
7,34,0.409810,3198088,5,[161/k1→512/k1→256/k1→256/k3→1024/k3],0.300577,0.398066,false,weights,19
7,35,0.413736,2607752,4,[161/k1→512/k1→256/k1→1024/k3],0.299433,0.398066,false,weights,13
7,36,0.413665,9637512,3,[161/k1→1024/k1→1024/k3],0.256036,0.398066,false,remove_layer,62
7,37,0.409406,2633995,5,[161/k1→161/k1→512/k1→256/k1→1024/k3],0.358025,0.398066,false,add_layer,9
7,38,0.410596,2607752,4,[161/k1→512/k1→256/k1→1024/k3],0.302331,0.398066,false,weights,4
7,39,0.411254,2607752,4,[161/k1→512/k1→256/k1→1024/k3],0.305570,0.398066,false,weights,49
7,40,0.415199,7589512,4,[161/k1→512/k1→768/k1→1024/k3],0.294616,0.398066,false,resize_layer,41
7,41,0.414519,750341,4,[512/k1→64/k1→64/k3→1024/k3],0.307726,0.398066,false,add_layer,53
7,42,0.416180,7589512,4,[161/k1→512/k1→768/k1→1024/k3],0.291637,0.398066,false,resize_layer,13
7,43,0.407725,2841363,5,[161/k1→161/k3→512/k1→256/k1→1024/k3],0.330165,0.398066,false,weights,27
7,44,0.409525,2607752,4,[161/k1→512/k1→256/k1→1024/k3],0.308723,0.398066,false,remove_layer,27
7,45,0.416741,19076744,4,[161/k1→1024/k1→1024/k3→1024/k3],0.247924,0.398066,false,add_layer,37
7,46,0.408153,713349,3,[512/k1→64/k1→1024/k3],0.277098,0.398066,false,weights,53
7,47,0.413926,2607752,4,[161/k1→512/k1→256/k1→1024/k3],0.301234,0.398066,false,weights,9
7,48,0.413758,2607752,4,[161/k1→512/k1→256/k1→1024/k3],0.305056,0.398066,false,weights,46
7,49,0.412929,9637512,3,[161/k1→1024/k1→1024/k3],0.255842,0.398066,false,remove_layer,59
7,50,0.411612,3198088,5,[161/k1→512/k1→256/k1→256/k3→1024/k3],0.299813,0.398066,false,weights,40
7,51,0.412660,9637512,3,[161/k1→1024/k1→1024/k3],0.265300,0.398066,false,weights,37
7,52,0.413341,9637512,3,[161/k1→1024/k1→1024/k3],0.261611,0.398066,false,weights,29
7,53,0.407236,4835464,3,[161/k1→512/k1→1024/k3],0.329132,0.398066,false,remove_layer,13
7,54,0.408687,2633995,5,[161/k1→161/k1→512/k1→256/k1→1024/k3],0.353879,0.398066,false,add_layer,4
7,55,0.410012,12073227,6,[161/k1→161/k1→512/k1→256/k1→1024/k3→1024/k3],0.355643,0.398066,false,add_layer,47
7,56,0.406875,3551112,5,[161/k1→256/k1→256/k1→1024/k3→1024/k1],0.329404,0.398066,false,add_layer,0
7,57,0.412378,9637512,3,[161/k1→1024/k1→1024/k3],0.256368,0.398066,false,weights,29
7,58,0.419811,3224331,6,[161/k1→161/k1→512/k1→256/k1→256/k3→1024/k3],0.412393,0.398066,false,add_layer,19
7,59,0.399825,569861,3,[256/k1→1024/k1→256/k1],0.314215,0.398066,false,resize_layer,34
7,60,0.400345,2434440,3,[161/k1→256/k1→1024/k3],0.323268,0.398066,false,resize_layer,29
7,61,0.411468,9637512,3,[161/k1→1024/k1→1024/k3],0.265244,0.398066,false,weights,29
7,62,0.412855,3198088,5,[161/k1→512/k1→256/k1→256/k3→1024/k3],0.301906,0.398066,false,weights,19
7,63,0.408381,667403,4,[161/k1→161/k1→512/k1→1024/k1],0.375548,0.398066,false,add_layer,63
8,0,0.408090,569861,3,[256/k1→1024/k1→256/k1],0.272760,0.398066,true,champion,59
8,1,0.408879,2581509,3,[512/k1→256/k1→1024/k3],0.258933,0.398066,false,weights,14
8,2,0.411610,4835464,3,[161/k1→512/k1→1024/k3],0.266138,0.398066,false,resize_layer,60
8,3,0.401765,401989,3,[512/k1→32/k1→1024/k3],0.372373,0.398066,false,resize_layer,14
8,4,0.407973,569861,3,[256/k1→1024/k1→256/k1],0.278141,0.398066,false,weights,59
8,5,0.415437,2841363,5,[161/k1→161/k3→512/k1→256/k1→1024/k3],0.310264,0.398066,false,weights,43
8,6,0.409773,2633995,5,[161/k1→161/k1→512/k1→256/k1→1024/k3],0.341059,0.398066,false,weights,37
8,7,0.410774,457096,3,[161/k1→1024/k1→256/k1],0.308588,0.398066,false,remove_layer,9
8,8,0.415369,2841363,5,[161/k1→161/k3→512/k1→256/k1→1024/k3],0.304837,0.398066,false,weights,23
8,9,0.414265,2841363,5,[161/k1→161/k3→512/k1→256/k1→1024/k3],0.311300,0.398066,false,weights,43
8,10,0.414208,3784723,6,[161/k3→161/k1→256/k1→256/k1→1024/k3→1024/k1],0.370205,0.398066,false,add_layer,56
8,11,0.410498,4835464,3,[161/k1→512/k1→1024/k3],0.291222,0.398066,false,weights,53
8,12,0.408531,12020741,4,[512/k1→256/k1→1024/k3→1024/k3],0.259776,0.398066,false,add_layer,14
8,13,0.417994,873733,3,[512/k1→1024/k1→256/k1],0.223201,0.398066,false,weights,0
8,14,0.405024,2434440,3,[161/k1→256/k1→1024/k3],0.298323,0.398066,false,weights,3
8,15,0.421153,2788167,5,[128/k1→161/k3→512/k1→256/k1→1024/k3],0.329979,0.398066,false,resize_layer,43
8,16,0.408538,667403,4,[161/k1→161/k1→512/k1→1024/k1],0.362273,0.398066,false,weights,63
8,17,0.414788,2841363,5,[161/k1→161/k3→512/k1→256/k1→1024/k3],0.312382,0.398066,false,weights,43
8,18,0.408050,569861,3,[256/k1→1024/k1→256/k1],0.284321,0.398066,false,weights,59
8,19,0.410037,2500488,4,[161/k1→256/k1→256/k1→1024/k3],0.302286,0.398066,false,weights,11
8,20,0.412067,4835464,3,[161/k1→512/k1→1024/k3],0.292828,0.398066,false,weights,53
8,21,0.414539,2815120,4,[161/k3→512/k1→256/k1→1024/k3],0.289147,0.398066,false,remove_layer,7
8,22,0.408459,2680467,5,[161/k1→161/k3→128/k1→256/k1→1024/k3],0.340019,0.398066,false,resize_layer,25
8,23,0.415461,2607752,4,[161/k1→512/k1→256/k1→1024/k3],0.293780,0.398066,false,weights,44
8,24,0.408995,2633995,5,[161/k1→161/k1→512/k1→256/k1→1024/k3],0.340370,0.398066,false,weights,2
8,25,0.417595,2607752,4,[161/k1→512/k1→256/k1→1024/k3],0.289299,0.398066,false,weights,44
8,26,0.414663,2607752,4,[161/k1→512/k1→256/k1→1024/k3],0.287295,0.398066,false,remove_layer,2
8,27,0.410864,3551112,5,[161/k1→256/k1→256/k1→1024/k3→1024/k1],0.311048,0.398066,false,add_layer,11
8,28,0.415712,873733,3,[512/k1→1024/k1→256/k1],0.229577,0.398066,false,weights,0
8,29,0.450940,338661,4,[32/k1→128/k1→256/k1→128/k3],0.490769,0.398066,false,resize_layer,1
8,30,0.415569,2870920,5,[161/k1→512/k1→512/k1→256/k1→1024/k3],0.299541,0.398066,false,resize_layer,37
8,31,0.410557,2633995,5,[161/k1→161/k1→512/k1→256/k1→1024/k3],0.338594,0.398066,false,weights,37
8,32,0.416429,873733,3,[512/k1→1024/k1→256/k1],0.226625,0.398066,false,weights,0
8,33,0.412838,2841363,5,[161/k1→161/k3→512/k1→256/k1→1024/k3],0.304148,0.398066,false,weights,7
8,34,0.416049,873733,3,[512/k1→1024/k1→256/k1],0.226683,0.398066,false,weights,0
8,35,0.409868,457096,3,[161/k1→1024/k1→256/k1],0.312027,0.398066,false,weights,9
8,36,0.405125,2434440,3,[161/k1→256/k1→1024/k3],0.300893,0.398066,false,weights,60
8,37,0.414565,14274696,4,[161/k1→512/k1→1024/k3→1024/k3],0.279370,0.398066,false,add_layer,53
8,38,0.415682,596104,4,[161/k1→256/k1→1024/k1→256/k1],0.401293,0.398066,false,add_layer,59
8,39,0.409105,2633995,5,[161/k1→161/k1→512/k1→256/k1→1024/k3],0.340744,0.398066,false,weights,54
8,40,0.411604,2474245,3,[256/k1→256/k1→1024/k3],0.275673,0.398066,false,resize_layer,60
8,41,0.407160,2434440,3,[161/k1→256/k1→1024/k3],0.300239,0.398066,false,weights,60
8,42,0.410419,457096,3,[161/k1→1024/k1→256/k1],0.312127,0.398066,false,remove_layer,9
8,43,0.411867,14433547,7,[161/k1→161/k1→512/k1→512/k3→256/k1→1024/k3→1024/k3],0.335124,0.398066,false,add_layer,55
8,44,0.409250,667403,4,[161/k1→161/k1→512/k1→1024/k1],0.364354,0.398066,false,weights,63
8,45,0.410133,667403,4,[161/k1→161/k1→512/k1→1024/k1],0.359859,0.398066,false,weights,63
8,46,0.407219,3024776,4,[161/k1→256/k1→256/k3→1024/k3],0.391858,0.398066,false,remove_layer,34
8,47,0.415488,2815120,4,[161/k3→512/k1→256/k1→1024/k3],0.286594,0.398066,false,remove_layer,25
8,48,0.411746,7563269,3,[512/k1→768/k1→1024/k3],0.231706,0.398066,false,resize_layer,14
8,49,0.409652,483339,4,[161/k1→161/k1→1024/k1→256/k1],0.364301,0.398066,false,add_layer,9
8,50,0.404599,438277,3,[256/k1→768/k1→256/k1],0.287054,0.398066,false,resize_layer,59
8,51,0.412487,12073227,6,[161/k1→161/k1→512/k1→256/k1→1024/k3→1024/k3],0.335723,0.398066,false,weights,55
8,52,0.410314,2500488,4,[161/k1→256/k1→256/k1→1024/k3],0.298615,0.398066,false,weights,11
8,53,0.410632,3551112,5,[161/k1→256/k1→256/k1→1024/k3→1024/k1],0.310426,0.398066,false,weights,56
8,54,0.405180,2434440,3,[161/k1→256/k1→1024/k3],0.301455,0.398066,false,weights,3
8,55,0.402989,2581509,3,[512/k1→256/k1→1024/k3],0.297628,0.398066,false,remove_layer,44
8,56,0.410102,2500488,4,[161/k1→256/k1→256/k1→1024/k3],0.304887,0.398066,false,weights,11
8,57,0.405592,2434440,3,[161/k1→256/k1→1024/k3],0.300844,0.398066,false,weights,60
8,58,0.406810,2434440,3,[161/k1→256/k1→1024/k3],0.296622,0.398066,false,weights,60
8,59,0.412507,2841363,5,[161/k1→161/k3→512/k1→256/k1→1024/k3],0.303719,0.398066,false,weights,23
8,60,0.404933,2434440,3,[161/k1→256/k1→1024/k3],0.301416,0.398066,false,weights,60
8,61,0.402995,2434440,3,[161/k1→256/k1→1024/k3],0.343112,0.398066,false,remove_layer,11
8,62,0.419905,3198088,5,[161/k1→512/k1→256/k1→256/k3→1024/k3],0.284652,0.398066,false,weights,21
8,63,0.412527,2841363,5,[161/k1→161/k3→512/k1→256/k1→1024/k3],0.307261,0.398066,false,weights,43
9,0,0.403936,401989,3,[512/k1→32/k1→1024/k3],0.330550,0.398066,true,champion,3
9,1,0.411758,667403,4,[161/k1→161/k1→512/k1→1024/k1],0.343438,0.398066,false,weights,44
9,2,0.411478,2434440,3,[161/k1→256/k1→1024/k3],0.286328,0.398066,false,weights,57
9,3,0.412777,7615755,5,[161/k1→161/k1→512/k1→768/k1→1024/k3],0.323399,0.398066,false,resize_layer,6
9,4,0.411448,2680467,5,[161/k1→161/k3→128/k1→256/k1→1024/k3],0.313966,0.398066,false,weights,22
9,5,0.412521,3224331,6,[161/k1→161/k1→512/k1→256/k1→256/k3→1024/k3],0.327975,0.398066,false,add_layer,39
9,6,0.414256,483339,4,[161/k1→161/k1→1024/k1→256/k1],0.347558,0.398066,false,weights,49
9,7,0.413513,569861,3,[256/k1→1024/k1→256/k1],0.256158,0.398066,false,weights,4
9,8,0.409589,2434440,3,[161/k1→256/k1→1024/k3],0.279831,0.398066,false,remove_layer,54
9,9,0.411516,2434440,3,[161/k1→256/k1→1024/k3],0.273381,0.398066,false,remove_layer,58
9,10,0.409546,2434440,3,[161/k1→256/k1→1024/k3],0.281394,0.398066,false,remove_layer,60
9,11,0.411158,2581509,3,[512/k1→256/k1→1024/k3],0.256497,0.398066,false,weights,55
9,12,0.411269,667403,4,[161/k1→161/k1→512/k1→1024/k1],0.346831,0.398066,false,weights,16
9,13,0.409373,2434440,3,[161/k1→256/k1→1024/k3],0.281073,0.398066,false,weights,57
9,14,0.414237,569861,3,[256/k1→1024/k1→256/k1],0.255188,0.398066,false,remove_layer,0
9,15,0.403352,2434440,3,[161/k1→256/k1→1024/k3],0.308972,0.398066,false,weights,61
9,16,0.410753,2581509,3,[512/k1→256/k1→1024/k3],0.247772,0.398066,false,weights,55
9,17,0.411381,2633995,5,[161/k1→161/k1→512/k1→256/k1→1024/k3],0.331383,0.398066,false,weights,24
9,18,0.420790,4941829,4,[512/k1→512/k3→256/k1→1024/k3],0.224963,0.398066,false,add_layer,1
9,19,0.411033,2434440,3,[161/k1→256/k1→1024/k3],0.277618,0.398066,false,remove_layer,36
9,20,0.412203,2434440,3,[161/k1→256/k1→1024/k3],0.289241,0.398066,false,weights,41
9,21,0.695451,141928,3,[161/k1→256/k1→32/k3],0.691054,0.398066,false,resize_layer,36
9,22,0.407810,765835,5,[161/k1→161/k1→512/k1→64/k1→1024/k3],0.360711,0.398066,false,resize_layer,6
9,23,0.410314,716950,5,[161/k1→161/k3→161/k1→1024/k1→256/k1],0.368053,0.398066,false,add_layer,49
9,24,0.410606,2434440,3,[161/k1→256/k1→1024/k3],0.284178,0.398066,false,weights,54
9,25,0.413016,569861,3,[256/k1→1024/k1→256/k1],0.256859,0.398066,false,weights,4
9,26,0.411730,2434440,3,[161/k1→256/k1→1024/k3],0.280626,0.398066,false,weights,58
9,27,0.409893,2680467,5,[161/k1→161/k3→128/k1→256/k1→1024/k3],0.311479,0.398066,false,weights,22
9,28,0.411619,2633995,5,[161/k1→161/k1→512/k1→256/k1→1024/k3],0.331243,0.398066,false,weights,6
9,29,0.411491,2434440,3,[161/k1→256/k1→1024/k3],0.282103,0.398066,false,weights,36
9,30,0.415281,2581509,3,[512/k1→256/k1→1024/k3],0.225155,0.398066,false,remove_layer,1
9,31,0.411460,2633995,5,[161/k1→161/k1→512/k1→256/k1→1024/k3],0.324776,0.398066,false,weights,6
9,32,0.415196,2581509,3,[512/k1→256/k1→1024/k3],0.227263,0.398066,false,weights,1
9,33,0.409312,2434440,3,[161/k1→256/k1→1024/k3],0.282880,0.398066,false,weights,60
9,34,0.414525,2581509,3,[512/k1→256/k1→1024/k3],0.227009,0.398066,false,remove_layer,1
9,35,0.409369,2680467,5,[161/k1→161/k3→128/k1→256/k1→1024/k3],0.316081,0.398066,false,weights,22
9,36,0.410256,2434440,3,[161/k1→256/k1→1024/k3],0.287438,0.398066,false,weights,41
9,37,0.411756,4994315,6,[161/k1→161/k1→512/k1→512/k3→256/k1→1024/k3],0.325898,0.398066,false,add_layer,6
9,38,0.408571,2500488,4,[161/k1→256/k1→256/k1→1024/k3],0.307054,0.398066,false,add_layer,14
9,39,0.409756,3485064,4,[161/k1→256/k1→1024/k3→1024/k1],0.295204,0.398066,false,add_layer,60
9,40,0.417630,781127,4,[512/k1→161/k1→512/k1→1024/k1],0.299719,0.398066,false,resize_layer,16
9,41,0.412463,2581509,3,[512/k1→256/k1→1024/k3],0.248257,0.398066,false,remove_layer,55
9,42,0.698153,141928,3,[161/k1→256/k1→32/k3],0.707781,0.398066,false,resize_layer,61
9,43,0.403523,401989,3,[512/k1→32/k1→1024/k3],0.333966,0.398066,false,weights,3
9,44,0.409694,2434440,3,[161/k1→256/k1→1024/k3],0.280122,0.398066,false,weights,54
9,45,0.412252,2434440,3,[161/k1→256/k1→1024/k3],0.281242,0.398066,false,weights,36
9,46,0.411594,3224331,6,[161/k1→161/k1→512/k1→256/k1→256/k3→1024/k3],0.333689,0.398066,false,add_layer,24
9,47,0.411207,667403,4,[161/k1→161/k1→512/k1→1024/k1],0.349974,0.398066,false,weights,44
9,48,0.411718,667403,4,[161/k1→161/k1→512/k1→1024/k1],0.346673,0.398066,false,weights,16
9,49,0.411969,2633995,5,[161/k1→161/k1→512/k1→256/k1→1024/k3],0.328387,0.398066,false,weights,6
9,50,0.403263,401989,3,[512/k1→32/k1→1024/k3],0.333691,0.398066,false,weights,3
9,51,0.415121,569861,3,[256/k1→1024/k1→256/k1],0.254744,0.398066,false,remove_layer,18
9,52,0.411615,2434440,3,[161/k1→256/k1→1024/k3],0.275154,0.398066,false,weights,14
9,53,0.409603,2434440,3,[161/k1→256/k1→1024/k3],0.283233,0.398066,false,weights,60
9,54,0.412140,2434440,3,[161/k1→256/k1→1024/k3],0.282216,0.398066,false,remove_layer,57
9,55,0.410477,2434440,3,[161/k1→256/k1→1024/k3],0.281907,0.398066,false,remove_layer,57
9,56,0.404126,2434440,3,[161/k1→256/k1→1024/k3],0.305579,0.398066,false,weights,61
9,57,0.413442,2581509,3,[512/k1→256/k1→1024/k3],0.232367,0.398066,false,weights,1
9,58,0.420552,2460683,4,[161/k1→161/k1→256/k1→1024/k3],0.403024,0.398066,false,add_layer,58
9,59,0.404737,2434440,3,[161/k1→256/k1→1024/k3],0.308688,0.398066,false,weights,61
9,60,0.412172,2680467,5,[161/k1→161/k3→128/k1→256/k1→1024/k3],0.310653,0.398066,false,weights,22
9,61,0.411158,2434440,3,[161/k1→256/k1→1024/k3],0.285630,0.398066,false,weights,14
9,62,0.411465,268811,4,[161/k1→161/k1→512/k1→256/k1],0.395081,0.398066,false,remove_layer,39
9,63,0.420820,259525,3,[64/k1→768/k1→256/k1],0.399570,0.398066,false,resize_layer,50
10,0,0.408072,401989,3,[512/k1→32/k1→1024/k3],0.310015,0.398066,true,champion,50
10,1,0.412092,318091,5,[161/k1→161/k1→512/k1→64/k1→256/k3],0.358862,0.398066,false,resize_layer,22
10,2,0.411861,2434440,3,[161/k1→256/k1→1024/k3],0.268663,0.398066,false,weights,33
10,3,0.411236,1842824,3,[161/k1→256/k1→768/k3],0.275166,0.398066,false,resize_layer,33
10,4,0.409047,2434440,3,[161/k1→256/k1→1024/k3],0.289234,0.398066,false,weights,15
10,5,0.564066,118789,3,[512/k1→32/k1→64/k3],0.553472,0.398066,false,resize_layer,50
10,6,0.414233,2434440,3,[161/k1→256/k1→1024/k3],0.262130,0.398066,false,remove_layer,19
10,7,0.408794,401989,3,[512/k1→32/k1→1024/k3],0.313660,0.398066,false,weights,43
10,8,0.408889,329110,4,[161/k1→161/k3→161/k1→256/k1],0.406576,0.398066,false,remove_layer,23
10,9,0.417627,5072389,3,[512/k1→512/k1→1024/k3],0.215207,0.398066,false,resize_layer,16
10,10,0.417450,2581509,3,[512/k1→256/k1→1024/k3],0.231781,0.398066,false,weights,11
10,11,0.416276,2581509,3,[512/k1→256/k1→1024/k3],0.228258,0.398066,false,weights,11
10,12,0.413693,2434440,3,[161/k1→256/k1→1024/k3],0.269594,0.398066,false,weights,10
10,13,0.409086,401989,3,[512/k1→32/k1→1024/k3],0.315682,0.398066,false,weights,43
10,14,0.414837,2434440,3,[161/k1→256/k1→1024/k3],0.269507,0.398066,false,weights,55
10,15,0.407948,9841221,4,[512/k1→32/k1→1024/k3→1024/k3],0.307098,0.398066,false,add_layer,50
10,16,0.411107,2500488,4,[161/k1→256/k1→256/k1→1024/k3],0.299374,0.398066,false,weights,38
10,17,0.413239,2434440,3,[161/k1→256/k1→1024/k3],0.270456,0.398066,false,weights,53
10,18,0.415446,2434440,3,[161/k1→256/k1→1024/k3],0.264494,0.398066,false,weights,8
10,19,0.414760,2734099,5,[161/k3→161/k1→256/k1→256/k1→1024/k3],0.366488,0.398066,false,add_layer,38
10,20,0.408382,2434440,3,[161/k1→256/k1→1024/k3],0.288203,0.398066,false,weights,56
10,21,0.409790,3024776,4,[161/k1→256/k1→256/k3→1024/k3],0.295543,0.398066,false,add_layer,56
10,22,0.408399,401989,3,[512/k1→32/k1→1024/k3],0.311903,0.398066,false,weights,0
10,23,0.412596,2434440,3,[161/k1→256/k1→1024/k3],0.267778,0.398066,false,weights,44
10,24,0.409154,2434440,3,[161/k1→256/k1→1024/k3],0.287375,0.398066,false,weights,56
10,25,0.414119,2434440,3,[161/k1→256/k1→1024/k3],0.276116,0.398066,false,weights,36
10,26,0.408262,401989,3,[512/k1→32/k1→1024/k3],0.303852,0.398066,false,weights,50
10,27,0.414170,2434440,3,[161/k1→256/k1→1024/k3],0.265442,0.398066,false,weights,55
10,28,0.413289,2434440,3,[161/k1→256/k1→1024/k3],0.267735,0.398066,false,weights,8
10,29,0.410434,665157,4,[512/k1→512/k1→32/k1→1024/k3],0.325714,0.398066,false,add_layer,43
10,30,0.417307,2581509,3,[512/k1→256/k1→1024/k3],0.223369,0.398066,false,weights,16
10,31,0.413057,2680467,5,[161/k1→161/k3→128/k1→256/k1→1024/k3],0.297013,0.398066,false,weights,35
10,32,0.410069,2434440,3,[161/k1→256/k1→1024/k3],0.285246,0.398066,false,weights,59
10,33,0.406602,337288,3,[161/k1→256/k1→1024/k1],0.330610,0.398066,false,remove_layer,39
10,34,0.410804,1842824,3,[161/k1→256/k1→768/k3],0.273047,0.398066,false,resize_layer,33
10,35,0.414235,3485064,4,[161/k1→256/k1→1024/k3→1024/k1],0.274503,0.398066,false,weights,39
10,36,0.408790,401989,3,[512/k1→32/k1→1024/k3],0.305497,0.398066,false,weights,0
10,37,0.413350,2434440,3,[161/k1→256/k1→1024/k3],0.267850,0.398066,false,weights,8
10,38,0.413766,2434440,3,[161/k1→256/k1→1024/k3],0.266751,0.398066,false,weights,13
10,39,0.425780,2420613,3,[128/k1→256/k1→1024/k3],0.302722,0.398066,false,resize_layer,24
10,40,0.413089,2668051,4,[161/k1→161/k3→256/k1→1024/k3],0.313936,0.398066,false,add_layer,13
10,41,0.414228,2434440,3,[161/k1→256/k1→1024/k3],0.268797,0.398066,false,weights,13
10,42,0.414468,2434440,3,[161/k1→256/k1→1024/k3],0.271049,0.398066,false,weights,13
10,43,0.408213,2284552,4,[161/k1→128/k1→1024/k3→1024/k1],0.304523,0.398066,false,resize_layer,39
10,44,0.414294,2434440,3,[161/k1→256/k1→1024/k3],0.267695,0.398066,false,weights,8
10,45,0.414294,2434440,3,[161/k1→256/k1→1024/k3],0.270781,0.398066,false,weights,10
10,46,0.418406,1695434,5,[161/k1→768/k3→161/k1→1024/k1→256/k1],0.308547,0.398066,false,resize_layer,23
10,47,0.413242,2434440,3,[161/k1→256/k1→1024/k3],0.271728,0.398066,false,weights,36
10,48,0.412398,2434440,3,[161/k1→256/k1→1024/k3],0.276713,0.398066,false,weights,19
10,49,0.414791,2434440,3,[161/k1→256/k1→1024/k3],0.272737,0.398066,false,weights,19
10,50,0.412576,2668051,4,[161/k1→161/k3→256/k1→1024/k3],0.310398,0.398066,false,add_layer,53
10,51,0.412041,2500488,4,[161/k1→256/k1→256/k1→1024/k3],0.295303,0.398066,false,weights,38
10,52,0.414739,2434440,3,[161/k1→256/k1→1024/k3],0.269182,0.398066,false,remove_layer,53
10,53,0.408500,401989,3,[512/k1→32/k1→1024/k3],0.313835,0.398066,false,weights,43
10,54,0.412096,716950,5,[161/k1→161/k3→161/k1→1024/k1→256/k1],0.346574,0.398066,false,weights,23
10,55,0.413785,2434440,3,[161/k1→256/k1→1024/k3],0.265793,0.398066,false,weights,19
10,56,0.418449,2460683,4,[161/k1→161/k1→256/k1→1024/k3],0.405746,0.398066,false,add_layer,10
10,57,0.412371,2566536,5,[161/k1→256/k1→256/k1→256/k1→1024/k3],0.322440,0.398066,false,add_layer,38
10,58,0.418477,11873672,4,[161/k1→256/k1→1024/k3→1024/k3],0.268162,0.398066,false,add_layer,24
10,59,0.414475,2434440,3,[161/k1→256/k1→1024/k3],0.266342,0.398066,false,weights,53
10,60,0.410921,2500488,4,[161/k1→256/k1→256/k1→1024/k3],0.295190,0.398066,false,weights,38
10,61,0.410657,950561,6,[161/k1→161/k3→161/k3→161/k1→1024/k1→256/k1],0.366968,0.398066,false,add_layer,23
10,62,0.413517,2434440,3,[161/k1→256/k1→1024/k3],0.269634,0.398066,false,weights,10
10,63,0.411001,950561,6,[161/k1→161/k3→161/k3→161/k1→1024/k1→256/k1],0.364753,0.398066,false,add_layer,23
11,0,0.410271,337288,3,[161/k1→256/k1→1024/k1],0.291115,0.398066,true,champion,33
11,1,0.409697,337288,3,[161/k1→256/k1→1024/k1],0.299213,0.398066,false,weights,33
11,2,0.411957,401989,3,[512/k1→32/k1→1024/k3],0.296609,0.398066,false,weights,0
11,3,0.412222,401989,3,[512/k1→32/k1→1024/k3],0.289332,0.398066,false,weights,26
11,4,0.412221,401989,3,[512/k1→32/k1→1024/k3],0.291704,0.398066,false,weights,22
11,5,0.412285,2284552,4,[161/k1→128/k1→1024/k3→1024/k1],0.295308,0.398066,false,weights,43
11,6,0.401068,329110,4,[161/k1→161/k3→161/k1→256/k1],0.352291,0.398066,false,weights,8
11,7,0.415312,1842824,3,[161/k1→256/k1→768/k3],0.262581,0.398066,false,weights,3
11,8,0.412349,950561,6,[161/k1→161/k3→161/k3→161/k1→1024/k1→256/k1],0.341484,0.398066,false,weights,63
11,9,0.416608,2434440,3,[161/k1→256/k1→1024/k3],0.255508,0.398066,false,weights,2
11,10,0.410864,2434440,3,[161/k1→256/k1→1024/k3],0.274773,0.398066,false,weights,20
11,11,0.413693,3024776,4,[161/k1→256/k1→256/k3→1024/k3],0.280890,0.398066,false,weights,21
11,12,0.412281,2434440,3,[161/k1→256/k1→1024/k3],0.277202,0.398066,false,weights,20
11,13,0.412192,401989,3,[512/k1→32/k1→1024/k3],0.292786,0.398066,false,weights,13
11,14,0.413840,401989,3,[512/k1→32/k1→1024/k3],0.292861,0.398066,false,weights,22
11,15,0.406872,570899,4,[161/k1→161/k3→256/k1→1024/k1],0.331994,0.398066,false,add_layer,33
11,16,0.415533,1842824,3,[161/k1→256/k1→768/k3],0.260150,0.398066,false,remove_layer,3
11,17,0.411505,401989,3,[512/k1→32/k1→1024/k3],0.289945,0.398066,false,weights,0
11,18,0.413287,950561,6,[161/k1→161/k3→161/k3→161/k1→1024/k1→256/k1],0.335936,0.398066,false,weights,61
11,19,0.414920,3024776,4,[161/k1→256/k1→256/k3→1024/k3],0.279094,0.398066,false,weights,21
11,20,0.413793,2434440,3,[161/k1→256/k1→1024/k3],0.276237,0.398066,false,weights,32
11,21,0.413461,2500488,4,[161/k1→256/k1→256/k1→1024/k3],0.285047,0.398066,false,weights,60
11,22,0.412047,2284552,4,[161/k1→128/k1→1024/k3→1024/k1],0.288417,0.398066,false,weights,43
11,23,0.413644,2500488,4,[161/k1→256/k1→256/k1→1024/k3],0.286300,0.398066,false,weights,60
11,24,0.700041,109349,3,[512/k1→32/k1→32/k3],0.699799,0.398066,false,resize_layer,7
11,25,0.413323,2500488,4,[161/k1→256/k1→256/k1→1024/k3],0.285832,0.398066,false,weights,16
11,26,0.411312,401989,3,[512/k1→32/k1→1024/k3],0.289647,0.398066,false,weights,7
11,27,0.411153,401989,3,[512/k1→32/k1→1024/k3],0.287790,0.398066,false,weights,26
11,28,0.412928,401989,3,[512/k1→32/k1→1024/k3],0.291699,0.398066,false,weights,26
11,29,0.409512,2460683,4,[161/k1→161/k1→256/k1→1024/k3],0.330617,0.398066,false,add_layer,32
11,30,0.415546,2434440,3,[161/k1→256/k1→1024/k3],0.271422,0.398066,false,weights,32
11,31,0.413235,3090824,5,[161/k1→256/k1→256/k1→256/k3→1024/k3],0.304894,0.398066,false,add_layer,21
11,32,0.414031,2434440,3,[161/k1→256/k1→1024/k3],0.275645,0.398066,false,weights,32
11,33,0.413037,950561,6,[161/k1→161/k3→161/k3→161/k1→1024/k1→256/k1],0.336069,0.398066,false,weights,61
11,34,0.414511,2500488,4,[161/k1→256/k1→256/k1→1024/k3],0.286081,0.398066,false,weights,16
11,35,0.413657,3024776,4,[161/k1→256/k1→256/k3→1024/k3],0.276414,0.398066,false,weights,21
11,36,0.408875,337288,3,[161/k1→256/k1→1024/k1],0.292261,0.398066,false,remove_layer,33
11,37,0.411235,401989,3,[512/k1→32/k1→1024/k3],0.291767,0.398066,false,weights,53
11,38,0.411652,950561,6,[161/k1→161/k3→161/k3→161/k1→1024/k1→256/k1],0.337539,0.398066,false,weights,61
11,39,0.412256,2434184,4,[161/k1→256/k1→768/k3→768/k1],0.272782,0.398066,false,add_layer,34
11,40,0.416283,1842824,3,[161/k1→256/k1→768/k3],0.262503,0.398066,false,weights,34
11,41,0.410575,2434440,3,[161/k1→256/k1→1024/k3],0.280191,0.398066,false,weights,4
11,42,0.415843,2434440,3,[161/k1→256/k1→1024/k3],0.259606,0.398066,false,weights,2
11,43,0.411549,2434440,3,[161/k1→256/k1→1024/k3],0.279153,0.398066,false,weights,24
11,44,0.410899,401989,3,[512/k1→32/k1→1024/k3],0.293631,0.398066,false,weights,53
11,45,0.413930,3024776,4,[161/k1→256/k1→256/k3→1024/k3],0.275828,0.398066,false,weights,21
11,46,0.412507,401989,3,[512/k1→32/k1→1024/k3],0.291284,0.398066,false,weights,0
11,47,0.411529,401989,3,[512/k1→32/k1→1024/k3],0.291700,0.398066,false,weights,53
11,48,0.414589,1842824,3,[161/k1→256/k1→768/k3],0.263278,0.398066,false,weights,3
11,49,0.411531,950561,6,[161/k1→161/k3→161/k3→161/k1→1024/k1→256/k1],0.338882,0.398066,false,weights,63
11,50,0.412128,401989,3,[512/k1→32/k1→1024/k3],0.292460,0.398066,false,remove_layer,22
11,51,0.412878,9841221,4,[512/k1→32/k1→1024/k3→1024/k3],0.276077,0.398066,false,weights,15
11,52,0.413255,2500488,4,[161/k1→256/k1→256/k1→1024/k3],0.280799,0.398066,false,weights,60
11,53,0.415498,1842824,3,[161/k1→256/k1→768/k3],0.261830,0.398066,false,weights,3
11,54,0.426022,362757,4,[64/k1→512/k1→32/k1→1024/k3],0.411043,0.398066,false,resize_layer,29
11,55,0.421951,9637512,3,[161/k1→1024/k1→1024/k3],0.238623,0.398066,false,resize_layer,24
11,56,0.411003,665157,4,[512/k1→512/k1→32/k1→1024/k3],0.307924,0.398066,false,add_layer,26
11,57,0.416706,2762309,4,[512/k1→512/k3→32/k1→1024/k3],0.264925,0.398066,false,add_layer,26
11,58,0.413131,2434440,3,[161/k1→256/k1→1024/k3],0.272498,0.398066,false,weights,32
11,59,0.412735,950561,6,[161/k1→161/k3→161/k3→161/k1→1024/k1→256/k1],0.338509,0.398066,false,weights,63
11,60,0.409287,924318,5,[161/k3→161/k3→161/k1→1024/k1→256/k1],0.342641,0.398066,false,remove_layer,63
11,61,0.412567,401989,3,[512/k1→32/k1→1024/k3],0.291826,0.398066,false,weights,13
11,62,0.410087,2434440,3,[161/k1→256/k1→1024/k3],0.277508,0.398066,false,weights,4
11,63,0.415149,1842824,3,[161/k1→256/k1→768/k3],0.267150,0.398066,false,weights,34
12,0,0.403161,329110,4,[161/k1→161/k3→161/k1→256/k1],0.328206,0.398066,true,champion,6
12,1,0.413910,401989,3,[512/k1→32/k1→1024/k3],0.284202,0.398066,false,weights,13
12,2,0.437170,403077,4,[512/k1→32/k1→32/k1→1024/k3],0.331187,0.398066,false,add_layer,2
12,3,0.414032,950561,6,[161/k1→161/k3→161/k3→161/k1→1024/k1→256/k1],0.319613,0.398066,false,weights,49
12,4,0.414083,2434440,3,[161/k1→256/k1→1024/k3],0.260797,0.398066,false,weights,62
12,5,0.414736,2434440,3,[161/k1→256/k1→1024/k3],0.262041,0.398066,false,weights,10
12,6,0.414218,2434440,3,[161/k1→256/k1→1024/k3],0.263223,0.398066,false,remove_layer,43
12,7,0.470692,308389,3,[32/k1→32/k1→1024/k3],0.492490,0.398066,false,resize_layer,44
12,8,0.418580,950561,6,[161/k3→161/k3→161/k1→161/k1→1024/k1→256/k1],0.332214,0.398066,false,add_layer,60
12,9,0.418840,1077458,5,[161/k3→256/k3→161/k1→1024/k1→256/k1],0.296551,0.398066,false,resize_layer,60
12,10,0.414430,401989,3,[512/k1→32/k1→1024/k3],0.278243,0.398066,false,weights,26
12,11,0.429618,2688773,3,[768/k1→256/k1→1024/k3],0.214243,0.398066,false,resize_layer,62
12,12,0.411730,2434440,3,[161/k1→256/k1→1024/k3],0.264688,0.398066,false,weights,10
12,13,0.414050,2434440,3,[161/k1→256/k1→1024/k3],0.262074,0.398066,false,weights,41
12,14,0.410562,337288,3,[161/k1→256/k1→1024/k1],0.282626,0.398066,false,weights,36
12,15,0.412970,337288,3,[161/k1→256/k1→1024/k1],0.285843,0.398066,false,weights,1
12,16,0.419698,2762309,4,[512/k1→512/k3→32/k1→1024/k3],0.255974,0.398066,false,add_layer,13
12,17,0.415664,401989,3,[512/k1→32/k1→1024/k3],0.273995,0.398066,false,weights,2
12,18,0.414307,2434440,3,[161/k1→256/k1→1024/k3],0.261917,0.398066,false,weights,62
12,19,0.412603,337288,3,[161/k1→256/k1→1024/k1],0.281115,0.398066,false,weights,0
12,20,0.408397,562721,5,[161/k3→161/k1→161/k3→161/k1→256/k1],0.398433,0.398066,false,add_layer,6
12,21,0.414366,401989,3,[512/k1→32/k1→1024/k3],0.277701,0.398066,false,weights,50
12,22,0.412471,401989,3,[512/k1→32/k1→1024/k3],0.280628,0.398066,false,weights,27
12,23,0.417830,924318,5,[161/k3→161/k3→161/k1→1024/k1→256/k1],0.308841,0.398066,false,weights,60
12,24,0.407373,2460683,4,[161/k1→161/k1→256/k1→1024/k3],0.320876,0.398066,false,weights,29
12,25,0.410734,2486926,5,[161/k1→161/k1→161/k1→256/k1→1024/k3],0.365235,0.398066,false,add_layer,29
12,26,0.414162,401989,3,[512/k1→32/k1→1024/k3],0.278959,0.398066,false,weights,47
12,27,0.414825,337288,3,[161/k1→256/k1→1024/k1],0.283269,0.398066,false,weights,1
12,28,0.414962,9841221,4,[512/k1→32/k1→1024/k3→1024/k3],0.276093,0.398066,false,add_layer,2
12,29,0.413694,2434440,3,[161/k1→256/k1→1024/k3],0.262813,0.398066,false,weights,62
12,30,0.416512,924318,5,[161/k3→161/k3→161/k1→1024/k1→256/k1],0.304626,0.398066,false,weights,60
12,31,0.414584,401989,3,[512/k1→32/k1→1024/k3],0.275492,0.398066,false,weights,37
12,32,0.412423,2668051,4,[161/k1→161/k3→256/k1→1024/k3],0.302887,0.398066,false,add_layer,41
12,33,0.412381,401989,3,[512/k1→32/k1→1024/k3],0.279777,0.398066,false,weights,50
12,34,0.414644,2434440,3,[161/k1→256/k1→1024/k3],0.260837,0.398066,false,weights,10
12,35,0.414864,2500488,4,[161/k1→256/k1→256/k1→1024/k3],0.287989,0.398066,false,add_layer,62
12,36,0.414285,337288,3,[161/k1→256/k1→1024/k1],0.277727,0.398066,false,weights,0
12,37,0.429203,428232,4,[161/k1→512/k1→32/k1→1024/k3],0.413460,0.398066,false,add_layer,17
12,38,0.413906,525381,4,[512/k1→256/k1→32/k1→1024/k3],0.307452,0.398066,false,resize_layer,56
12,39,0.414766,2434440,3,[161/k1→256/k1→1024/k3],0.263484,0.398066,false,weights,43
12,40,0.414816,337288,3,[161/k1→256/k1→1024/k1],0.276309,0.398066,false,remove_layer,1
12,41,0.412827,337288,3,[161/k1→256/k1→1024/k1],0.273034,0.398066,false,weights,36
12,42,0.412792,2434440,3,[161/k1→256/k1→1024/k3],0.267789,0.398066,false,weights,41
12,43,0.414255,401989,3,[512/k1→32/k1→1024/k3],0.274158,0.398066,false,weights,27
12,44,0.414580,401989,3,[512/k1→32/k1→1024/k3],0.274166,0.398066,false,remove_layer,47
12,45,0.427937,428232,4,[161/k1→512/k1→32/k1→1024/k3],0.414468,0.398066,false,add_layer,37
12,46,0.412509,2434440,3,[161/k1→256/k1→1024/k3],0.266326,0.398066,false,weights,41
12,47,0.423205,2581509,3,[512/k1→256/k1→1024/k3],0.226534,0.398066,false,resize_layer,62
12,48,0.413870,401989,3,[512/k1→32/k1→1024/k3],0.278771,0.398066,false,weights,44
12,49,0.416068,635600,4,[161/k3→512/k1→32/k1→1024/k3],0.360683,0.398066,false,add_layer,2
12,50,0.414337,401989,3,[512/k1→32/k1→1024/k3],0.274984,0.398066,false,weights,50
12,51,0.414122,337288,3,[161/k1→256/k1→1024/k1],0.278693,0.398066,false,weights,0
12,52,0.414206,401989,3,[512/k1→32/k1→1024/k3],0.274723,0.398066,false,weights,37
12,53,0.413129,570899,4,[161/k1→161/k3→256/k1→1024/k1],0.309829,0.398066,false,weights,15
12,54,0.414280,401989,3,[512/k1→32/k1→1024/k3],0.274472,0.398066,false,weights,13
12,55,0.408926,2694294,5,[161/k1→161/k3→161/k1→256/k1→1024/k3],0.343957,0.398066,false,add_layer,29
12,56,0.414756,665157,4,[512/k1→512/k1→32/k1→1024/k3],0.285949,0.398066,false,weights,56
12,57,0.415644,401989,3,[512/k1→32/k1→1024/k3],0.277955,0.398066,false,weights,13
12,58,0.415038,401989,3,[512/k1→32/k1→1024/k3],0.273759,0.398066,false,remove_layer,13
12,59,0.414480,2460683,4,[161/k1→161/k1→256/k1→1024/k3],0.403892,0.398066,false,add_layer,41
12,60,0.415001,401989,3,[512/k1→32/k1→1024/k3],0.276357,0.398066,false,remove_layer,44
12,61,0.413720,2434440,3,[161/k1→256/k1→1024/k3],0.264583,0.398066,false,weights,41
12,62,0.418559,11873672,4,[161/k1→256/k1→1024/k3→1024/k3],0.258903,0.398066,false,add_layer,43
12,63,0.414416,401989,3,[512/k1→32/k1→1024/k3],0.278276,0.398066,false,weights,47
13,0,0.406351,329110,4,[161/k1→161/k3→161/k1→256/k1],0.321396,0.398066,true,champion,0
13,1,0.417019,401989,3,[512/k1→32/k1→1024/k3],0.264320,0.398066,false,weights,48
13,2,0.424088,2537930,5,[64/k1→161/k3→161/k1→256/k1→1024/k3],0.381298,0.398066,false,resize_layer,55
13,3,0.417408,2434440,3,[161/k1→256/k1→1024/k3],0.251238,0.398066,false,weights,4
13,4,0.406745,329110,4,[161/k1→161/k3→161/k1→256/k1],0.315538,0.398066,false,weights,0
13,5,0.425280,2796037,3,[1024/k1→256/k1→1024/k3],0.213838,0.398066,false,resize_layer,42
13,6,0.410363,2460683,4,[161/k1→161/k1→256/k1→1024/k3],0.304625,0.398066,false,weights,24
13,7,0.413806,2668051,4,[161/k1→161/k3→256/k1→1024/k3],0.296702,0.398066,false,add_layer,4
13,8,0.414408,401989,3,[512/k1→32/k1→1024/k3],0.264578,0.398066,false,weights,33
13,9,0.401788,1750803,3,[161/k1→161/k3→1024/k3],0.330084,0.398066,false,remove_layer,32
13,10,0.414046,2694294,5,[161/k1→161/k3→161/k1→256/k1→1024/k3],0.313665,0.398066,false,weights,55
13,11,0.407294,2486926,5,[161/k1→161/k1→161/k1→256/k1→1024/k3],0.349418,0.398066,false,weights,25
13,12,0.412107,2491463,4,[256/k1→161/k1→256/k1→1024/k3],0.299754,0.398066,false,resize_layer,24
13,13,0.414003,401989,3,[512/k1→32/k1→1024/k3],0.266786,0.398066,false,remove_layer,22
13,14,0.414446,401989,3,[512/k1→32/k1→1024/k3],0.266604,0.398066,false,weights,22
13,15,0.405752,329110,4,[161/k1→161/k3→161/k1→256/k1],0.319320,0.398066,false,weights,0
13,16,0.417149,2762309,4,[512/k1→512/k3→32/k1→1024/k3],0.246628,0.398066,false,add_layer,22
13,17,0.416284,337288,3,[161/k1→256/k1→1024/k1],0.271994,0.398066,false,weights,19
13,18,0.410320,2460683,4,[161/k1→161/k1→256/k1→1024/k3],0.319736,0.398066,false,add_layer,12
13,19,0.421114,172746,4,[64/k1→161/k3→161/k1→256/k1],0.396558,0.398066,false,resize_layer,0
13,20,0.415018,2434440,3,[161/k1→256/k1→1024/k3],0.258361,0.398066,false,weights,61
13,21,0.428144,1720266,4,[1024/k1→161/k3→161/k1→256/k1],0.250414,0.398066,false,resize_layer,0
13,22,0.418008,950561,6,[161/k1→161/k3→161/k3→161/k1→1024/k1→256/k1],0.306099,0.398066,false,weights,3
13,23,0.414486,401989,3,[512/k1→32/k1→1024/k3],0.265142,0.398066,false,weights,22
13,24,0.414463,401989,3,[512/k1→32/k1→1024/k3],0.265527,0.398066,false,weights,33
13,25,0.425896,363531,4,[161/k1→161/k1→256/k1→1024/k1],0.417363,0.398066,false,add_layer,14
13,26,0.416301,175429,3,[512/k1→32/k1→256/k3],0.303121,0.398066,false,resize_layer,33
13,27,0.422746,9637512,3,[161/k1→1024/k1→1024/k3],0.229993,0.398066,false,resize_layer,13
13,28,0.404143,562721,5,[161/k3→161/k1→161/k3→161/k1→256/k1],0.349661,0.398066,false,weights,20
13,29,0.417423,401989,3,[512/k1→32/k1→1024/k3],0.269375,0.398066,false,remove_layer,1
13,30,0.402973,562721,5,[161/k3→161/k1→161/k3→161/k1→256/k1],0.344286,0.398066,false,weights,20
13,31,0.418964,854861,6,[161/k1→128/k3→161/k3→161/k1→1024/k1→256/k1],0.311528,0.398066,false,resize_layer,3
13,32,0.411867,302867,3,[161/k1→161/k3→256/k1],0.387858,0.398066,false,remove_layer,32
13,33,0.415403,2434440,3,[161/k1→256/k1→1024/k3],0.253901,0.398066,false,remove_layer,13
13,34,0.415393,2434440,3,[161/k1→256/k1→1024/k3],0.251360,0.398066,false,weights,46
13,35,0.417307,1953877,5,[161/k3→1024/k1→161/k3→161/k1→256/k1],0.289561,0.398066,false,resize_layer,20
13,36,0.415555,401989,3,[512/k1→32/k1→1024/k3],0.266787,0.398066,false,weights,48
13,37,0.415471,337288,3,[161/k1→256/k1→1024/k1],0.267075,0.398066,false,weights,15
13,38,0.415903,2434440,3,[161/k1→256/k1→1024/k3],0.252443,0.398066,false,weights,61
13,39,0.415047,337288,3,[161/k1→256/k1→1024/k1],0.273922,0.398066,false,weights,15
13,40,0.411511,2694294,5,[161/k1→161/k3→161/k1→256/k1→1024/k3],0.315542,0.398066,false,weights,55
13,41,0.414468,401989,3,[512/k1→32/k1→1024/k3],0.264384,0.398066,false,remove_layer,22
13,42,0.412879,2668051,4,[161/k1→161/k3→256/k1→1024/k3],0.301249,0.398066,false,add_layer,13
13,43,0.413788,337288,3,[161/k1→256/k1→1024/k1],0.272679,0.398066,false,weights,14
13,44,0.416803,337288,3,[161/k1→256/k1→1024/k1],0.269878,0.398066,false,weights,19
13,45,0.414033,401989,3,[512/k1→32/k1→1024/k3],0.270238,0.398066,false,weights,22
13,46,0.406562,415126,4,[161/k1→161/k3→161/k1→768/k1],0.308838,0.398066,false,resize_layer,0
13,47,0.417173,2434440,3,[161/k1→256/k1→1024/k3],0.248930,0.398066,false,weights,4
13,48,0.410303,2460683,4,[161/k1→161/k1→256/k1→1024/k3],0.309064,0.398066,false,remove_layer,55
13,49,0.411611,2694294,5,[161/k1→161/k3→161/k1→256/k1→1024/k3],0.316934,0.398066,false,weights,55
13,50,0.414759,401989,3,[512/k1→32/k1→1024/k3],0.268437,0.398066,false,weights,33
13,51,0.411040,570899,4,[161/k3→161/k1→256/k1→1024/k1],0.356171,0.398066,false,add_layer,19
13,52,0.403787,562721,5,[161/k3→161/k1→161/k3→161/k1→256/k1],0.350812,0.398066,false,weights,20
13,53,0.416179,401989,3,[512/k1→32/k1→1024/k3],0.268529,0.398066,false,weights,1
13,54,0.416435,2434440,3,[161/k1→256/k1→1024/k3],0.256625,0.398066,false,weights,46
13,55,0.409644,2460683,4,[161/k1→161/k1→256/k1→1024/k3],0.310342,0.398066,false,weights,24
13,56,0.416980,2434440,3,[161/k1→256/k1→1024/k3],0.255161,0.398066,false,weights,4
13,57,0.417534,950561,6,[161/k1→161/k3→161/k3→161/k1→1024/k1→256/k1],0.307583,0.398066,false,weights,3
13,58,0.407276,2486926,5,[161/k1→161/k1→161/k1→256/k1→1024/k3],0.351775,0.398066,false,weights,25
13,59,0.413194,337288,3,[161/k1→256/k1→1024/k1],0.272583,0.398066,false,weights,14
13,60,0.413079,9841221,4,[512/k1→32/k1→1024/k3→1024/k3],0.263673,0.398066,false,add_layer,33
13,61,0.415781,2434440,3,[161/k1→256/k1→1024/k3],0.254559,0.398066,false,weights,61
13,62,0.415395,2434440,3,[161/k1→256/k1→1024/k3],0.256904,0.398066,false,weights,42
13,63,0.417209,2434440,3,[161/k1→256/k1→1024/k3],0.260177,0.398066,false,weights,29
14,0,0.405078,1750803,3,[161/k1→161/k3→1024/k3],0.290407,0.398066,true,champion,9
14,1,0.400229,302867,3,[161/k1→161/k3→256/k1],0.325360,0.398066,false,remove_layer,32
14,2,0.404670,1543435,3,[161/k1→161/k1→1024/k3],0.369731,0.398066,false,remove_layer,18
14,3,0.415436,2694294,5,[161/k1→161/k3→161/k1→256/k1→1024/k3],0.299173,0.398066,false,weights,40
14,4,0.419791,2491463,4,[256/k1→161/k1→256/k1→1024/k3],0.278086,0.398066,false,weights,12
14,5,0.409694,329110,4,[161/k1→161/k3→161/k1→256/k1],0.308898,0.398066,false,weights,0
14,6,0.411105,374760,3,[161/k1→32/k3→1024/k3],0.363267,0.398066,false,resize_layer,9
14,7,0.416961,2694294,5,[161/k1→161/k3→161/k1→256/k1→1024/k3],0.304475,0.398066,false,weights,40
14,8,0.421629,172746,4,[64/k1→161/k3→161/k1→256/k1],0.390241,0.398066,false,resize_layer,4
14,9,0.416658,337288,3,[161/k1→256/k1→1024/k1],0.263745,0.398066,false,weights,59
14,10,0.418044,2668051,4,[161/k1→161/k3→256/k1→1024/k3],0.278287,0.398066,false,weights,7
14,11,0.409434,329110,4,[161/k1→161/k3→161/k1→256/k1],0.306035,0.398066,false,weights,4
14,12,0.410520,2460683,4,[161/k1→161/k1→256/k1→1024/k3],0.311462,0.398066,false,weights,18
14,13,0.411110,329110,4,[161/k1→161/k3→161/k1→256/k1],0.303957,0.398066,false,weights,0
14,14,0.414162,3718675,5,[161/k1→161/k3→256/k1→1024/k3→1024/k1],0.288726,0.398066,false,add_layer,7
14,15,0.411254,363531,4,[161/k1→161/k1→256/k1→1024/k1],0.330128,0.398066,false,add_layer,43
14,16,0.415084,2694294,5,[161/k1→161/k3→161/k1→256/k1→1024/k3],0.293448,0.398066,false,weights,40
14,17,0.406674,562721,5,[161/k3→161/k1→161/k3→161/k1→256/k1],0.319626,0.398066,false,weights,30
14,18,0.410170,329110,4,[161/k1→161/k3→161/k1→256/k1],0.304433,0.398066,false,weights,4
14,19,0.423387,2822280,4,[161/k1→1024/k1→256/k1→1024/k3],0.255793,0.398066,false,resize_layer,55
14,20,0.410398,329110,4,[161/k1→161/k3→161/k1→256/k1],0.299850,0.398066,false,weights,15
14,21,0.413949,2460683,4,[161/k1→161/k1→256/k1→1024/k3],0.298561,0.398066,false,weights,55
14,22,0.420553,698885,3,[1024/k1→256/k1→1024/k1],0.224261,0.398066,false,resize_layer,43
14,23,0.406723,2668051,4,[161/k3→161/k1→256/k1→1024/k3],0.329488,0.398066,false,remove_layer,49
14,24,0.413334,2526731,5,[161/k1→161/k1→256/k1→256/k1→1024/k3],0.322205,0.398066,false,add_layer,48
14,25,0.414375,2460683,4,[161/k1→161/k1→256/k1→1024/k3],0.297718,0.398066,false,weights,55
14,26,0.411310,562721,5,[161/k1→161/k3→161/k1→161/k3→256/k1],0.313120,0.398066,false,add_layer,0
14,27,0.417097,9841221,4,[512/k1→32/k1→1024/k3→1024/k3],0.246122,0.398066,false,weights,60
14,28,0.406230,329110,4,[161/k1→161/k3→161/k1→256/k1],0.354855,0.398066,false,add_layer,32
14,29,0.417214,337288,3,[161/k1→256/k1→1024/k1],0.266207,0.398066,false,weights,59
14,30,0.411117,2513169,6,[161/k1→161/k1→161/k1→161/k1→256/k1→1024/k3],0.375558,0.398066,false,add_layer,11
14,31,0.411368,919446,5,[161/k1→161/k3→161/k1→256/k1→256/k3],0.305999,0.398066,false,add_layer,0
14,32,0.414705,2491463,4,[256/k1→161/k1→256/k1→1024/k3],0.278669,0.398066,false,weights,12
14,33,0.416950,2668051,4,[161/k1→161/k3→256/k1→1024/k3],0.277594,0.398066,false,weights,42
14,34,0.414923,2694294,5,[161/k1→161/k3→161/k1→256/k1→1024/k3],0.298156,0.398066,false,weights,40
14,35,0.411601,329110,4,[161/k1→161/k3→161/k1→256/k1],0.306057,0.398066,false,weights,4
14,36,0.418059,9941061,4,[1024/k1→32/k1→1024/k3→1024/k3],0.241037,0.398066,false,resize_layer,60
14,37,0.413174,927624,4,[161/k1→256/k1→256/k3→1024/k1],0.273206,0.398066,false,add_layer,59
14,38,0.404563,1750803,3,[161/k1→161/k3→1024/k3],0.285050,0.398066,false,weights,9
14,39,0.409783,562721,5,[161/k3→161/k1→161/k3→161/k1→256/k1],0.326527,0.398066,false,weights,52
14,40,0.415810,2668051,4,[161/k1→161/k3→256/k1→1024/k3],0.279018,0.398066,false,weights,7
14,41,0.417125,2668051,4,[161/k1→161/k3→256/k1→1024/k3],0.277397,0.398066,false,weights,7
14,42,0.412692,2460683,4,[161/k1→161/k1→256/k1→1024/k3],0.300763,0.398066,false,weights,6
14,43,0.399490,302867,3,[161/k1→161/k3→256/k1],0.329286,0.398066,false,weights,32
14,44,0.415709,2557511,5,[256/k1→256/k1→161/k1→256/k1→1024/k3],0.316720,0.398066,false,add_layer,12
14,45,0.409227,570899,4,[161/k3→161/k1→256/k1→1024/k1],0.331786,0.398066,false,weights,51
14,46,0.408531,2486926,5,[161/k1→161/k1→161/k1→256/k1→1024/k3],0.340411,0.398066,false,weights,11
14,47,0.410731,562721,5,[161/k3→161/k1→161/k3→161/k1→256/k1],0.322430,0.398066,false,weights,28
14,48,0.411205,2460683,4,[161/k1→161/k1→256/k1→1024/k3],0.305956,0.398066,false,weights,18
14,49,0.409645,562721,5,[161/k3→161/k1→161/k3→161/k1→256/k1],0.325868,0.398066,false,weights,52
14,50,0.418322,2720537,6,[161/k1→161/k3→161/k1→161/k1→256/k1→1024/k3],0.320938,0.398066,false,add_layer,40
14,51,0.421435,2447848,4,[161/k1→32/k3→256/k1→1024/k3],0.368825,0.398066,false,resize_layer,42
14,52,0.409225,562721,5,[161/k3→161/k1→161/k3→161/k1→256/k1],0.325730,0.398066,false,weights,28
14,53,0.414737,11899915,5,[161/k1→161/k1→256/k1→1024/k3→1024/k3],0.301534,0.398066,false,add_layer,6
14,54,0.415848,337288,3,[161/k1→256/k1→1024/k1],0.261080,0.398066,false,weights,59
14,55,0.408992,562721,5,[161/k3→161/k1→161/k3→161/k1→256/k1],0.324528,0.398066,false,weights,30
14,56,0.415751,2694294,5,[161/k1→161/k3→161/k1→256/k1→1024/k3],0.303856,0.398066,false,weights,40
14,57,0.411030,2460683,4,[161/k1→161/k1→256/k1→1024/k3],0.300504,0.398066,false,weights,6
14,58,0.414065,10104389,5,[512/k1→512/k1→32/k1→1024/k3→1024/k3],0.263412,0.398066,false,add_layer,60
14,59,0.404872,1750803,3,[161/k1→161/k3→1024/k3],0.286561,0.398066,false,weights,9
14,60,0.408958,562721,5,[161/k3→161/k1→161/k3→161/k1→256/k1],0.319515,0.398066,false,weights,52
14,61,0.412058,2460683,4,[161/k1→161/k1→256/k1→1024/k3],0.304036,0.398066,false,weights,18
14,62,0.408363,2486926,5,[161/k1→161/k1→161/k1→256/k1→1024/k3],0.336497,0.398066,false,weights,58
14,63,0.408956,329110,4,[161/k1→161/k3→161/k1→256/k1],0.308274,0.398066,false,weights,0
15,0,0.403252,302867,3,[161/k1→161/k3→256/k1],0.306440,0.398066,true,champion,43
15,1,0.408064,1750803,3,[161/k1→161/k3→1024/k3],0.263160,0.398066,false,weights,0
15,2,0.413701,562721,5,[161/k3→161/k1→161/k3→161/k1→256/k1],0.307572,0.398066,false,weights,52
15,3,0.412392,329110,4,[161/k1→161/k3→161/k1→256/k1],0.294235,0.398066,false,weights,5
15,4,0.413864,329110,4,[161/k1→161/k3→161/k1→256/k1],0.296278,0.398066,false,weights,20
15,5,0.413669,562721,5,[161/k3→161/k1→161/k3→161/k1→256/k1],0.306809,0.398066,false,weights,49
15,6,0.410210,562721,5,[161/k3→161/k1→161/k3→161/k1→256/k1],0.305261,0.398066,false,weights,17
15,7,0.413252,329110,4,[161/k1→161/k3→161/k1→256/k1],0.297189,0.398066,false,weights,11
15,8,0.409792,570899,4,[161/k3→161/k1→256/k1→1024/k1],0.310061,0.398066,false,weights,45
15,9,0.411232,2486926,5,[161/k1→161/k1→161/k1→256/k1→1024/k3],0.323203,0.398066,false,weights,62
15,10,0.412214,2460683,4,[161/k1→161/k1→256/k1→1024/k3],0.298465,0.398066,false,weights,12
15,11,0.410177,95499,3,[161/k1→161/k1→256/k1],0.340344,0.398066,false,remove_layer,11
15,12,0.409861,633672,3,[161/k1→64/k1→1024/k3],0.380569,0.398066,false,resize_layer,2
15,13,0.423057,1594439,3,[64/k1→161/k3→1024/k3],0.356465,0.398066,false,resize_layer,0
15,14,0.403576,302867,3,[161/k1→161/k3→256/k1],0.309675,0.398066,false,weights,1
15,15,0.413276,562721,5,[161/k3→161/k1→161/k3→161/k1→256/k1],0.309030,0.398066,false,weights,55
15,16,0.408346,1750803,3,[161/k1→161/k3→1024/k3],0.259258,0.398066,false,remove_layer,59
15,17,0.418076,2668051,4,[161/k3→161/k1→256/k1→1024/k3],0.292661,0.398066,false,weights,23
15,18,0.407773,1750803,3,[161/k1→161/k3→1024/k3],0.263673,0.398066,false,weights,38
15,19,0.414730,562721,5,[161/k3→161/k1→161/k3→161/k1→256/k1],0.301336,0.398066,false,weights,49
15,20,0.416399,1953877,5,[1024/k3→161/k1→161/k3→161/k1→256/k1],0.294595,0.398066,false,resize_layer,52
15,21,0.415896,11899915,5,[161/k1→161/k1→256/k1→1024/k3→1024/k3],0.293630,0.398066,false,add_layer,12
15,22,0.399367,1543435,3,[161/k1→161/k1→1024/k3],0.318623,0.398066,false,weights,2
15,23,0.413935,329110,4,[161/k1→161/k3→161/k1→256/k1],0.292477,0.398066,false,weights,5
15,24,0.706085,99083,3,[161/k1→161/k1→32/k3],0.715571,0.398066,false,resize_layer,2
15,25,0.411219,2460683,4,[161/k1→161/k1→256/k1→1024/k3],0.295434,0.398066,false,remove_layer,62
15,26,0.412287,562721,5,[161/k3→161/k1→161/k3→161/k1→256/k1],0.309769,0.398066,false,weights,55
15,27,0.423350,355353,5,[161/k1→161/k1→161/k3→161/k1→256/k1],0.430927,0.398066,false,add_layer,5
15,28,0.417613,2668051,4,[161/k3→161/k1→256/k1→1024/k3],0.291850,0.398066,false,weights,23
15,29,0.409090,562721,5,[161/k3→161/k1→161/k3→161/k1→256/k1],0.373618,0.398066,false,add_layer,20
15,30,0.410098,2720537,6,[161/k3→161/k1→161/k1→161/k1→256/k1→1024/k3],0.397242,0.398066,false,add_layer,46
15,31,0.419562,2614855,4,[128/k3→161/k1→256/k1→1024/k3],0.304212,0.398066,false,resize_layer,23
15,32,0.411004,2486926,5,[161/k1→161/k1→161/k1→256/k1→1024/k3],0.323699,0.398066,false,weights,62
15,33,0.411453,2486926,5,[161/k1→161/k1→161/k1→256/k1→1024/k3],0.347243,0.398066,false,add_layer,12
15,34,0.410228,1286414,5,[161/k1→161/k1→161/k1→128/k1→1024/k3],0.337602,0.398066,false,resize_layer,62
15,35,0.416724,3718675,5,[161/k3→161/k1→256/k1→1024/k3→1024/k1],0.294293,0.398066,false,add_layer,23
15,36,0.405292,329110,4,[161/k1→161/k3→161/k1→256/k1],0.326678,0.398066,false,weights,28
15,37,0.414935,796332,6,[161/k3→161/k1→161/k3→161/k1→161/k3→256/k1],0.310632,0.398066,false,add_layer,55
15,38,0.402382,302867,3,[161/k1→161/k3→256/k1],0.302669,0.398066,false,weights,1
15,39,0.415104,2513169,6,[161/k1→161/k1→161/k1→161/k1→256/k1→1024/k3],0.356035,0.398066,false,add_layer,62
15,40,0.401897,302867,3,[161/k3→161/k1→256/k1],0.376415,0.398066,false,remove_layer,11
15,41,0.408479,1750803,3,[161/k1→161/k3→1024/k3],0.267827,0.398066,false,weights,0
15,42,0.402622,302867,3,[161/k1→161/k3→256/k1],0.306156,0.398066,false,weights,1
15,43,0.413459,562721,5,[161/k1→161/k3→161/k3→161/k1→256/k1],0.302313,0.398066,false,add_layer,63
15,44,0.414521,562721,5,[161/k3→161/k1→161/k3→161/k1→256/k1],0.307844,0.398066,false,weights,52
15,45,0.403766,1777046,4,[161/k1→161/k3→161/k1→1024/k3],0.339060,0.398066,false,add_layer,2
15,46,0.410344,570899,4,[161/k3→161/k1→256/k1→1024/k1],0.307167,0.398066,false,weights,45
15,47,0.410771,570899,4,[161/k3→161/k1→256/k1→1024/k1],0.309822,0.398066,false,weights,45
15,48,0.408935,1750803,3,[161/k1→161/k3→1024/k3],0.267548,0.398066,false,remove_layer,0
15,49,0.406255,2901662,5,[161/k3→161/k3→161/k1→256/k1→1024/k3],0.337336,0.398066,false,add_layer,23
15,50,0.403164,302867,3,[161/k1→161/k3→256/k1],0.302738,0.398066,false,weights,43
15,51,0.411397,95499,3,[161/k1→161/k1→256/k1],0.340522,0.398066,false,remove_layer,5
15,52,0.427703,628769,6,[161/k3→161/k1→161/k3→161/k1→256/k1→256/k1],0.315271,0.398066,false,add_layer,17
15,53,0.415930,3718675,5,[161/k3→161/k1→256/k1→1024/k3→1024/k1],0.302031,0.398066,false,add_layer,23
15,54,0.411738,329110,4,[161/k1→161/k3→161/k1→256/k1],0.300414,0.398066,false,weights,20
15,55,0.415021,329110,4,[161/k1→161/k3→161/k1→256/k1],0.297915,0.398066,false,weights,18
15,56,0.412018,562721,5,[161/k3→161/k1→161/k3→161/k1→256/k1],0.308264,0.398066,false,weights,17
15,57,0.413260,11926158,6,[161/k1→161/k1→161/k1→256/k1→1024/k3→1024/k3],0.319460,0.398066,false,add_layer,62
15,58,0.412555,715861,5,[161/k3→161/k1→256/k3→161/k1→256/k1],0.300420,0.398066,false,resize_layer,55
15,59,0.419661,2668051,4,[161/k3→161/k1→256/k1→1024/k3],0.289610,0.398066,false,weights,23
15,60,0.410340,286907,3,[161/k1→161/k3→161/k1],0.368515,0.398066,false,remove_layer,11
15,61,0.413990,329110,4,[161/k1→161/k3→161/k1→256/k1],0.295613,0.398066,false,weights,5
15,62,0.414358,476179,4,[161/k1→161/k3→512/k1→256/k1],0.285182,0.398066,false,resize_layer,20
15,63,0.413485,329110,4,[161/k1→161/k3→161/k1→256/k1],0.292177,0.398066,false,weights,18
16,0,0.402774,1543435,3,[161/k1→161/k1→1024/k3],0.295254,0.398066,true,champion,22
16,1,0.411334,1286414,5,[161/k1→161/k1→161/k1→128/k1→1024/k3],0.325527,0.398066,false,weights,34
16,2,0.410879,562721,5,[161/k1→161/k3→161/k3→161/k1→256/k1],0.322859,0.398066,false,add_layer,36
16,3,0.416660,1153057,6,[161/k3→161/k1→161/k3→161/k1→256/k1→256/k3],0.295736,0.398066,false,add_layer,6
16,4,0.405648,302867,3,[161/k1→161/k3→256/k1],0.291769,0.398066,false,weights,14
16,5,0.404533,302867,3,[161/k3→161/k1→256/k1],0.332750,0.398066,false,remove_layer,40
16,6,0.412923,95499,3,[161/k1→161/k1→256/k1],0.324343,0.398066,false,weights,11
16,7,0.407897,893203,4,[161/k1→161/k3→256/k1→256/k3],0.289293,0.398066,false,add_layer,50
16,8,0.407882,372118,4,[161/k1→161/k3→161/k1→512/k1],0.305499,0.398066,false,resize_layer,36
16,9,0.413626,570899,4,[161/k3→161/k1→256/k1→1024/k1],0.298718,0.398066,false,weights,46
16,10,0.407481,2694294,5,[161/k3→161/k1→161/k1→256/k1→1024/k3],0.328167,0.398066,false,remove_layer,30
16,11,0.418975,10010131,5,[161/k3→161/k1→256/k1→1024/k1→1024/k3],0.287515,0.398066,false,add_layer,46
16,12,0.411919,1286414,5,[161/k1→161/k1→161/k1→128/k1→1024/k3],0.330672,0.398066,false,weights,34
16,13,0.406158,302867,3,[161/k1→161/k3→256/k1],0.288185,0.398066,false,remove_layer,0
16,14,0.407485,633672,3,[161/k1→64/k1→1024/k3],0.348056,0.398066,false,weights,12
16,15,0.409179,536478,4,[161/k1→161/k3→161/k3→256/k1],0.317057,0.398066,false,add_layer,50
16,16,0.415646,562721,5,[161/k3→161/k1→161/k3→161/k1→256/k1],0.288174,0.398066,false,weights,6
16,17,0.424176,302867,3,[161/k3→161/k1→256/k1],0.385843,0.398066,false,remove_layer,46
16,18,0.411079,1750803,3,[161/k1→161/k3→1024/k3],0.248843,0.398066,false,weights,18
16,19,0.411228,1750803,3,[161/k1→161/k3→1024/k3],0.251643,0.398066,false,remove_layer,48
16,20,0.406819,562721,5,[161/k3→161/k1→161/k3→161/k1→256/k1],0.337020,0.398066,false,weights,29
16,21,0.411225,2873677,6,[256/k3→161/k1→161/k1→161/k1→256/k1→1024/k3],0.342972,0.398066,false,resize_layer,30
16,22,0.407621,302867,3,[161/k1→161/k3→256/k1],0.294380,0.398066,false,weights,14
16,23,0.411856,1750803,3,[161/k1→161/k3→1024/k3],0.250141,0.398066,false,weights,16
16,24,0.406286,302867,3,[161/k1→161/k3→256/k1],0.289659,0.398066,false,weights,50
16,25,0.409133,716104,3,[161/k1→64/k3→1024/k3],0.298353,0.398066,false,resize_layer,41
16,26,0.411814,1750803,3,[161/k1→161/k3→1024/k3],0.247984,0.398066,false,remove_layer,18
16,27,0.405874,302867,3,[161/k1→161/k3→256/k1],0.292304,0.398066,false,remove_layer,0
16,28,0.406135,562721,5,[161/k3→161/k1→161/k3→161/k1→256/k1],0.338001,0.398066,false,weights,29
16,29,0.404771,1984414,4,[161/k3→161/k1→161/k3→1024/k3],0.343255,0.398066,false,add_layer,18
16,30,0.406483,329110,4,[161/k1→161/k3→161/k1→256/k1],0.315550,0.398066,false,weights,36
16,31,0.408441,2694294,5,[161/k3→161/k1→161/k1→256/k1→1024/k3],0.327670,0.398066,false,remove_layer,30
16,32,0.406592,302867,3,[161/k1→161/k3→256/k1],0.286362,0.398066,false,weights,38
16,33,0.411471,1750803,3,[161/k1→161/k3→1024/k3],0.257407,0.398066,false,weights,41
16,34,0.411516,1750803,3,[161/k1→161/k3→1024/k3],0.245058,0.398066,false,weights,16
16,35,0.414741,570899,4,[161/k3→161/k1→256/k1→1024/k1],0.295951,0.398066,false,weights,46
16,36,0.410524,1750803,3,[161/k1→161/k3→1024/k3],0.247384,0.398066,false,remove_layer,18
16,37,0.412335,570899,4,[161/k3→161/k1→256/k1→1024/k1],0.301487,0.398066,false,weights,8
16,38,0.420584,796332,6,[161/k3→161/k3→161/k1→161/k3→161/k1→256/k1],0.302137,0.398066,false,add_layer,6
16,39,0.413252,2901662,5,[161/k3→161/k3→161/k1→256/k1→1024/k3],0.299287,0.398066,false,weights,49
16,40,0.409347,2720537,6,[161/k3→161/k1→161/k1→161/k1→256/k1→1024/k3],0.355425,0.398066,false,weights,30
16,41,0.405640,302867,3,[161/k3→161/k1→256/k1],0.332349,0.398066,false,weights,40
16,42,0.412633,570899,4,[161/k3→161/k1→256/k1→1024/k1],0.292769,0.398066,false,weights,46
16,43,0.419356,1697607,3,[128/k1→161/k3→1024/k3],0.278972,0.398066,false,resize_layer,41
16,44,0.405351,562721,5,[161/k3→161/k1→161/k3→161/k1→256/k1],0.338104,0.398066,false,weights,29
16,45,0.411424,1750803,3,[161/k1→161/k3→1024/k3],0.250404,0.398066,false,weights,16
16,46,0.406609,302867,3,[161/k1→161/k3→256/k1],0.292882,0.398066,false,weights,50
16,47,0.413261,570899,4,[161/k3→161/k1→256/k1→1024/k1],0.293800,0.398066,false,weights,8
16,48,0.416117,536478,4,[161/k3→161/k1→161/k3→256/k1],0.279761,0.398066,false,remove_layer,6
16,49,0.416813,562721,5,[161/k3→161/k1→161/k3→161/k1→256/k1],0.288146,0.398066,false,weights,6
16,50,0.404040,302867,3,[161/k3→161/k1→256/k1],0.329070,0.398066,false,weights,40
16,51,0.417731,329110,4,[161/k1→161/k1→161/k3→256/k1],0.427519,0.398066,false,add_layer,42
16,52,0.404020,286907,3,[161/k1→161/k3→161/k1],0.314808,0.398066,false,weights,60
16,53,0.406497,302867,3,[161/k1→161/k3→256/k1],0.291835,0.398066,false,weights,42
16,54,0.406952,302867,3,[161/k1→161/k3→256/k1],0.295544,0.398066,false,weights,50
16,55,0.403458,1543435,3,[161/k1→161/k1→1024/k3],0.298528,0.398066,false,weights,22
16,56,0.411550,1286414,5,[161/k1→161/k1→161/k1→128/k1→1024/k3],0.328405,0.398066,false,weights,34
16,57,0.404147,286907,3,[161/k1→161/k3→161/k1],0.318094,0.398066,false,weights,60
16,58,0.406797,302867,3,[161/k1→161/k3→256/k1],0.291348,0.398066,false,weights,42
16,59,0.414408,2901662,5,[161/k3→161/k3→161/k1→256/k1→1024/k3],0.294660,0.398066,false,weights,49
16,60,0.408411,329110,4,[161/k1→161/k3→161/k1→256/k1],0.318262,0.398066,false,add_layer,14
16,61,0.411537,1777046,4,[161/k1→161/k3→161/k1→1024/k3],0.280149,0.398066,false,add_layer,1
16,62,0.404554,302867,3,[161/k3→161/k1→256/k1],0.336684,0.398066,false,weights,40
16,63,0.405262,130543,3,[161/k1→64/k3→161/k1],0.350886,0.398066,false,resize_layer,60
17,0,0.407052,1543435,3,[161/k1→161/k1→1024/k3],0.282876,0.398066,true,champion,0
17,1,0.407172,1543435,3,[161/k1→161/k1→1024/k3],0.282275,0.398066,false,weights,0
17,2,0.411307,302867,3,[161/k3→161/k1→256/k1],0.300135,0.398066,false,remove_layer,50
17,3,0.406356,562721,5,[161/k3→161/k1→161/k3→161/k1→256/k1],0.316681,0.398066,false,weights,20
17,4,0.410030,329110,4,[161/k1→161/k3→161/k1→256/k1],0.303329,0.398066,false,weights,30
17,5,0.409478,364154,4,[161/k1→64/k3→161/k1→161/k3],0.323560,0.398066,false,add_layer,63
17,6,0.407161,130543,3,[161/k1→64/k3→161/k1],0.326279,0.398066,false,weights,63
17,7,0.411105,302867,3,[161/k3→161/k1→256/k1],0.303355,0.398066,false,remove_layer,5
17,8,0.408205,562721,5,[161/k3→161/k1→161/k3→161/k1→256/k1],0.314349,0.398066,false,weights,44
17,9,0.420980,588964,6,[161/k1→161/k3→161/k1→161/k3→161/k1→256/k1],0.429720,0.398066,false,add_layer,28
17,10,0.406860,1543435,3,[161/k1→161/k1→1024/k3],0.278722,0.398066,false,remove_layer,0
17,11,0.411374,796332,6,[161/k3→161/k1→161/k3→161/k3→161/k1→256/k1],0.337371,0.398066,false,add_layer,20
17,12,0.411918,1339016,3,[161/k1→768/k3→256/k1],0.248855,0.398066,false,resize_layer,13
17,13,0.407220,286907,3,[161/k1→161/k3→161/k1],0.301839,0.398066,false,weights,52
17,14,0.411917,302867,3,[161/k3→161/k1→256/k1],0.308407,0.398066,false,weights,50
17,15,0.407697,130543,3,[161/k1→64/k3→161/k1],0.325497,0.398066,false,remove_layer,63
17,16,0.409798,302867,3,[161/k1→161/k3→256/k1],0.281502,0.398066,false,remove_layer,54
17,17,0.409477,588964,6,[161/k3→161/k1→161/k1→161/k3→161/k1→256/k1],0.356163,0.398066,false,add_layer,28
17,18,0.421136,313150,4,[161/k1→161/k1→161/k3→161/k1],0.431328,0.398066,false,add_layer,57
17,19,0.411088,302867,3,[161/k3→161/k1→256/k1],0.307756,0.398066,false,weights,50
17,20,0.412153,536478,4,[161/k1→161/k3→161/k3→256/k1],0.302524,0.398066,false,add_layer,32
17,21,0.411124,536478,4,[161/k1→161/k3→161/k3→256/k1],0.308363,0.398066,false,add_layer,4
17,22,0.410895,302867,3,[161/k1→161/k3→256/k1],0.282439,0.398066,false,weights,24
17,23,0.408031,1543435,3,[161/k1→161/k1→1024/k3],0.283298,0.398066,false,weights,55
17,24,0.408662,1777046,4,[161/k1→161/k3→161/k1→1024/k3],0.311593,0.398066,false,add_layer,0
17,25,0.409045,329110,4,[161/k1→161/k3→161/k1→256/k1],0.302394,0.398066,false,weights,30
17,26,0.410737,302867,3,[161/k3→161/k1→256/k1],0.306953,0.398066,false,weights,50
17,27,0.410493,302867,3,[161/k1→161/k3→256/k1],0.283003,0.398066,false,weights,24
17,28,0.408456,302867,3,[161/k1→161/k3→256/k1],0.279566,0.398066,false,weights,27
17,29,0.411001,302867,3,[161/k1→161/k3→256/k1],0.277472,0.398066,false,weights,46
17,30,0.410656,302867,3,[161/k3→161/k1→256/k1],0.306362,0.398066,false,weights,5
17,31,0.408914,302867,3,[161/k1→161/k3→256/k1],0.275794,0.398066,false,remove_layer,24
17,32,0.406919,286907,3,[161/k1→161/k3→161/k1],0.302579,0.398066,false,remove_layer,52
17,33,0.410083,302867,3,[161/k3→161/k1→256/k1],0.305658,0.398066,false,weights,41
17,34,0.408142,1543435,3,[161/k1→161/k1→1024/k3],0.284146,0.398066,false,weights,55
17,35,0.410175,302867,3,[161/k1→161/k3→256/k1],0.279151,0.398066,false,weights,27
17,36,0.410345,302867,3,[161/k1→161/k3→256/k1],0.280502,0.398066,false,weights,13
17,37,0.406915,286907,3,[161/k1→161/k3→161/k1],0.299201,0.398066,false,remove_layer,52
17,38,0.409568,302867,3,[161/k1→161/k3→256/k1],0.285345,0.398066,false,weights,13
17,39,0.406989,2927905,6,[161/k3→161/k3→161/k1→161/k1→256/k1→1024/k3],0.376693,0.398066,false,add_layer,10
17,40,0.407425,562721,5,[161/k3→161/k1→161/k3→161/k1→256/k1],0.312589,0.398066,false,weights,28
17,41,0.407239,286907,3,[161/k1→161/k3→161/k1],0.300223,0.398066,false,remove_layer,52
17,42,0.411840,536478,4,[161/k1→161/k3→161/k3→256/k1],0.305989,0.398066,false,add_layer,46
17,43,0.412628,302867,3,[161/k3→161/k1→256/k1],0.304565,0.398066,false,weights,41
17,44,0.404854,1750803,3,[161/k3→161/k1→1024/k3],0.304153,0.398066,false,remove_layer,29
17,45,0.409833,302867,3,[161/k1→161/k3→256/k1],0.277912,0.398066,false,remove_layer,53
17,46,0.410189,302867,3,[161/k1→161/k3→256/k1],0.280586,0.398066,false,weights,46
17,47,0.409808,302867,3,[161/k1→161/k3→256/k1],0.281485,0.398066,false,weights,54
17,48,0.409970,562721,5,[161/k3→161/k1→161/k3→161/k1→256/k1],0.310854,0.398066,false,weights,20
17,49,0.410499,902024,3,[161/k1→512/k3→256/k1],0.256120,0.398066,false,resize_layer,58
17,50,0.409304,329110,4,[161/k1→161/k3→161/k1→256/k1],0.303817,0.398066,false,weights,30
17,51,0.410970,302867,3,[161/k3→161/k1→256/k1],0.304388,0.398066,false,weights,5
17,52,0.407502,2927905,6,[161/k3→161/k3→161/k1→161/k1→256/k1→1024/k3],0.369215,0.398066,false,add_layer,10
17,53,0.410362,302867,3,[161/k1→161/k3→256/k1],0.279257,0.398066,false,weights,46
17,54,0.408865,302867,3,[161/k1→161/k3→256/k1],0.279069,0.398066,false,weights,27
17,55,0.403749,536478,4,[161/k3→161/k3→161/k1→256/k1],0.350864,0.398066,false,add_layer,62
17,56,0.402983,797963,3,[161/k1→161/k1→512/k3],0.303381,0.398066,false,resize_layer,55
17,57,0.410974,302867,3,[161/k3→161/k1→256/k1],0.304019,0.398066,false,remove_layer,50
17,58,0.409923,302867,3,[161/k1→161/k3→256/k1],0.284679,0.398066,false,weights,13
17,59,0.409435,329110,4,[161/k1→161/k3→161/k1→256/k1],0.301243,0.398066,false,weights,30
17,60,0.412507,919446,5,[161/k1→161/k3→161/k1→256/k1→256/k3],0.300939,0.398066,false,add_layer,30
17,61,0.410532,302867,3,[161/k1→161/k3→256/k1],0.278645,0.398066,false,weights,32
17,62,0.408140,329110,4,[161/k3→161/k1→161/k1→256/k1],0.337561,0.398066,false,add_layer,5
17,63,0.410348,302867,3,[161/k3→161/k1→256/k1],0.310504,0.398066,false,weights,50
18,0,0.407291,797963,3,[161/k1→161/k1→512/k3],0.287197,0.398066,true,champion,56
18,1,0.411385,1543435,3,[161/k1→161/k1→1024/k3],0.273495,0.398066,false,weights,1
18,2,0.413360,509525,5,[161/k3→128/k1→161/k3→161/k1→256/k1],0.310141,0.398066,false,resize_layer,8
18,3,0.409879,440047,3,[161/k1→256/k3→161/k1],0.284466,0.398066,false,resize_layer,41
18,4,0.409800,1543435,3,[161/k1→161/k1→1024/k3],0.271184,0.398066,false,weights,10
18,5,0.411611,302867,3,[161/k1→161/k3→256/k1],0.271023,0.398066,false,weights,31
18,6,0.413064,302867,3,[161/k3→161/k1→256/k1],0.292700,0.398066,false,remove_layer,62
18,7,0.409657,286907,3,[161/k1→161/k3→161/k1],0.293007,0.398066,false,weights,32
18,8,0.411175,1777046,4,[161/k1→161/k3→161/k1→1024/k3],0.284749,0.398066,false,weights,24
18,9,0.414199,536478,4,[161/k1→161/k3→161/k3→256/k1],0.300048,0.398066,false,add_layer,54
18,10,0.412471,302867,3,[161/k1→161/k3→256/k1],0.277005,0.398066,false,weights,54
18,11,0.411035,130543,3,[161/k1→64/k3→161/k1],0.318900,0.398066,false,weights,15
18,12,0.410803,302867,3,[161/k1→161/k3→256/k1],0.272148,0.398066,false,weights,54
18,13,0.411711,329110,4,[161/k3→161/k1→161/k1→256/k1],0.324075,0.398066,false,weights,62
18,14,0.407352,797963,3,[161/k1→161/k1→512/k3],0.286220,0.398066,false,weights,56
18,15,0.411133,1543435,3,[161/k1→161/k1→1024/k3],0.270300,0.398066,false,weights,10
18,16,0.410870,1543435,3,[161/k1→161/k1→1024/k3],0.269934,0.398066,false,remove_layer,0
18,17,0.410079,281363,3,[161/k1→161/k3→128/k1],0.299154,0.398066,false,resize_layer,37
18,18,0.410170,1543435,3,[161/k1→161/k1→1024/k3],0.267947,0.398066,false,remove_layer,10
18,19,0.411870,302867,3,[161/k1→161/k3→256/k1],0.270908,0.398066,false,remove_layer,54
18,20,0.409564,286907,3,[161/k1→161/k3→161/k1],0.289314,0.398066,false,remove_layer,32
18,21,0.406022,536478,4,[161/k3→161/k3→161/k1→256/k1],0.302280,0.398066,false,weights,55
18,22,0.408241,520518,4,[161/k3→161/k1→161/k3→161/k1],0.374204,0.398066,false,remove_layer,8
18,23,0.414607,3161516,7,[161/k3→161/k3→161/k1→161/k1→161/k3→256/k1→1024/k3],0.338080,0.398066,false,add_layer,39
18,24,0.409163,2927905,6,[161/k3→161/k3→161/k1→161/k1→256/k1→1024/k3],0.325096,0.398066,false,weights,39
18,25,0.412616,302867,3,[161/k1→161/k3→256/k1],0.275506,0.398066,false,weights,54
18,26,0.410414,286907,3,[161/k1→161/k3→161/k1],0.292641,0.398066,false,weights,41
18,27,0.411913,1777046,4,[161/k1→161/k3→161/k1→1024/k3],0.283099,0.398066,false,weights,24
18,28,0.408868,1031574,4,[161/k1→161/k3→161/k1→512/k3],0.307170,0.398066,false,add_layer,56
18,29,0.409082,2336289,6,[161/k3→161/k3→161/k1→161/k1→256/k1→768/k3],0.332944,0.398066,false,resize_layer,39
18,30,0.412199,302867,3,[161/k1→161/k3→256/k1],0.271920,0.398066,false,weights,28
18,31,0.414968,536478,4,[161/k1→161/k3→161/k3→256/k1],0.299891,0.398066,false,add_layer,31
18,32,0.411076,2927905,6,[161/k3→161/k3→161/k1→161/k1→256/k1→1024/k3],0.328846,0.398066,false,weights,52
18,33,0.411858,345875,3,[161/k1→161/k3→512/k1],0.274417,0.398066,false,resize_layer,37
18,34,0.410219,562721,5,[161/k3→161/k1→161/k3→161/k1→256/k1],0.296065,0.398066,false,weights,3
18,35,0.411043,329110,4,[161/k3→161/k1→161/k1→256/k1],0.321712,0.398066,false,weights,62
18,36,0.411070,1543435,3,[161/k1→161/k1→1024/k3],0.268075,0.398066,false,weights,0
18,37,0.410374,1543435,3,[161/k1→161/k1→1024/k3],0.271153,0.398066,false,weights,10
18,38,0.409839,562721,5,[161/k3→161/k1→161/k3→161/k1→256/k1],0.302376,0.398066,false,weights,8
18,39,0.406538,329110,4,[161/k3→161/k1→161/k1→256/k1],0.335887,0.398066,false,remove_layer,8
18,40,0.411444,130543,3,[161/k1→64/k3→161/k1],0.313366,0.398066,false,remove_layer,15
18,41,0.411186,329110,4,[161/k3→161/k1→161/k1→256/k1],0.325714,0.398066,false,weights,62
18,42,0.408532,1543435,3,[161/k1→161/k1→1024/k3],0.275044,0.398066,false,weights,1
18,43,0.410367,1543435,3,[161/k1→161/k1→1024/k3],0.269633,0.398066,false,weights,23
18,44,0.413175,562721,5,[161/k3→161/k1→161/k3→161/k1→256/k1],0.300737,0.398066,false,weights,40
18,45,0.409583,286907,3,[161/k1→161/k3→161/k1],0.288138,0.398066,false,weights,13
18,46,0.409100,1543435,3,[161/k1→161/k1→1024/k3],0.270029,0.398066,false,weights,1
18,47,0.411027,562721,5,[161/k3→161/k1→161/k3→161/k1→256/k1],0.298082,0.398066,false,weights,8
18,48,0.412221,302867,3,[161/k1→161/k3→256/k1],0.271623,0.398066,false,weights,28
18,49,0.410451,2927905,6,[161/k3→161/k3→161/k1→161/k1→256/k1→1024/k3],0.329366,0.398066,false,weights,52
18,50,0.411220,562721,5,[161/k3→161/k1→161/k3→161/k1→256/k1],0.296909,0.398066,false,weights,8
18,51,0.410025,1543435,3,[161/k1→161/k1→1024/k3],0.272354,0.398066,false,weights,1
18,52,0.410450,562721,5,[161/k3→161/k1→161/k3→161/k1→256/k1],0.296091,0.398066,false,weights,3
18,53,0.411263,130543,3,[161/k1→64/k3→161/k1],0.312793,0.398066,false,weights,6
18,54,0.410238,286907,3,[161/k1→161/k3→161/k1],0.291121,0.398066,false,weights,13
18,55,0.411242,130543,3,[161/k1→64/k3→161/k1],0.316458,0.398066,false,weights,15
18,56,0.409669,286907,3,[161/k1→161/k3→161/k1],0.290990,0.398066,false,weights,32
18,57,0.407784,562721,5,[161/k3→161/k1→161/k3→161/k1→256/k1],0.300743,0.398066,false,weights,3
18,58,0.412035,329110,4,[161/k3→161/k1→161/k1→256/k1],0.322966,0.398066,false,weights,62
18,59,0.411983,520518,4,[161/k1→161/k3→161/k3→161/k1],0.313969,0.398066,false,add_layer,32
18,60,0.409389,562721,5,[161/k3→161/k1→161/k3→161/k1→256/k1],0.302231,0.398066,false,weights,3
18,61,0.412801,302867,3,[161/k1→161/k3→256/k1],0.270603,0.398066,false,remove_layer,31
18,62,0.411440,302867,3,[161/k1→161/k3→256/k1],0.275747,0.398066,false,remove_layer,28
18,63,0.410318,1777046,4,[161/k3→161/k1→161/k1→1024/k3],0.325988,0.398066,false,add_layer,44
19,0,0.412459,536478,4,[161/k3→161/k3→161/k1→256/k1],0.281914,0.398066,true,champion,21
19,1,0.422916,313150,4,[161/k1→161/k1→161/k3→161/k1],0.428460,0.398066,false,add_layer,7
19,2,0.409968,797963,3,[161/k1→161/k1→512/k3],0.280817,0.398066,false,weights,0
19,3,0.414825,562721,5,[161/k3→161/k1→161/k3→161/k1→256/k1],0.288012,0.398066,false,weights,38
19,4,0.415536,2336289,6,[161/k3→161/k3→161/k1→161/k1→256/k1→768/k3],0.299582,0.398066,false,weights,29
19,5,0.411378,286907,3,[161/k1→161/k3→161/k1],0.284996,0.398066,false,weights,20
19,6,0.414051,1543435,3,[161/k1→161/k1→1024/k3],0.259428,0.398066,false,weights,18
19,7,0.423112,313150,4,[161/k1→161/k1→161/k3→161/k1],0.425655,0.398066,false,add_layer,54
19,8,0.423855,509525,5,[128/k3→161/k1→161/k3→161/k1→256/k1],0.310771,0.398066,false,resize_layer,60
19,9,0.413352,1543435,3,[161/k1→161/k1→1024/k3],0.260818,0.398066,false,weights,18
19,10,0.411290,286907,3,[161/k1→161/k3→161/k1],0.285479,0.398066,false,weights,7
19,11,0.411882,536478,4,[161/k3→161/k3→161/k1→256/k1],0.282199,0.398066,false,weights,21
19,12,0.414612,796332,6,[161/k3→161/k1→161/k3→161/k1→161/k3→256/k1],0.293562,0.398066,false,add_layer,57
19,13,0.411635,281363,3,[161/k1→161/k3→128/k1],0.282327,0.398066,false,weights,17
19,14,0.422854,313150,4,[161/k1→161/k1→161/k3→161/k1],0.430041,0.398066,false,add_layer,54
19,15,0.409982,797963,3,[161/k1→161/k1→512/k3],0.276597,0.398066,false,weights,14
19,16,0.413313,286907,3,[161/k1→161/k3→161/k1],0.283896,0.398066,false,weights,20
19,17,0.412811,1543435,3,[161/k1→161/k1→1024/k3],0.262257,0.398066,false,weights,46
19,18,0.414402,286907,3,[161/k1→161/k3→161/k1],0.282507,0.398066,false,weights,54
19,19,0.411588,281363,3,[161/k1→161/k3→128/k1],0.286297,0.398066,false,remove_layer,17
19,20,0.413812,562721,5,[161/k3→161/k1→161/k3→161/k1→256/k1],0.284213,0.398066,false,weights,57
19,21,0.417087,2336289,6,[161/k3→161/k3→161/k1→161/k1→256/k1→768/k3],0.293855,0.398066,false,weights,29
19,22,0.412229,440047,3,[161/k1→256/k3→161/k1],0.269397,0.398066,false,remove_layer,3
19,23,0.414549,562721,5,[161/k3→161/k1→161/k3→161/k1→256/k1],0.284711,0.398066,false,weights,38
19,24,0.413747,1569678,4,[161/k1→161/k1→161/k1→1024/k3],0.307254,0.398066,false,add_layer,46
19,25,0.415144,10982667,4,[161/k1→161/k1→1024/k3→1024/k3],0.266014,0.398066,false,add_layer,42
19,26,0.413624,562721,5,[161/k3→161/k1→161/k3→161/k1→256/k1],0.281268,0.398066,false,weights,60
19,27,0.409776,797963,3,[161/k1→161/k1→512/k3],0.279796,0.398066,false,weights,14
19,28,0.411094,1543435,3,[161/k1→161/k1→1024/k3],0.265214,0.398066,false,weights,42
19,29,0.414222,1777046,4,[161/k1→161/k3→161/k1→1024/k3],0.293399,0.398066,false,add_layer,51
19,30,0.424378,2719957,6,[161/k3→32/k3→161/k1→161/k1→256/k1→1024/k3],0.363022,0.398066,false,resize_layer,24
19,31,0.418214,2927905,6,[161/k3→161/k3→161/k1→161/k1→256/k1→1024/k3],0.297905,0.398066,false,weights,24
19,32,0.415785,520518,4,[161/k1→161/k3→161/k3→161/k1],0.291371,0.398066,false,add_layer,54
19,33,0.416313,796332,6,[161/k3→161/k1→161/k3→161/k3→161/k1→256/k1],0.302169,0.398066,false,add_layer,57
19,34,0.411530,286907,3,[161/k1→161/k3→161/k1],0.283608,0.398066,false,weights,7
19,35,0.413413,286907,3,[161/k1→161/k3→161/k1],0.282013,0.398066,false,weights,56
19,36,0.413111,1543435,3,[161/k1→161/k1→1024/k3],0.264755,0.398066,false,weights,51
19,37,0.413457,509525,5,[161/k3→128/k1→161/k3→161/k1→256/k1],0.301451,0.398066,false,resize_layer,57
19,38,0.423385,1265391,3,[768/k1→161/k3→161/k1],0.240408,0.398066,false,resize_layer,54
19,39,0.410587,1543435,3,[161/k1→161/k1→1024/k3],0.269442,0.398066,false,resize_layer,0
19,40,0.405156,494275,3,[161/k3→161/k3→161/k1],0.379537,0.398066,false,remove_layer,21
19,41,0.411257,440047,3,[161/k1→256/k3→161/k1],0.272808,0.398066,false,weights,3
19,42,0.417090,2336289,6,[161/k3→161/k3→161/k1→161/k1→256/k1→768/k3],0.303568,0.398066,false,weights,29
19,43,0.415562,520518,4,[161/k1→161/k3→161/k3→161/k1],0.304037,0.398066,false,add_layer,56
19,44,0.411947,286907,3,[161/k1→161/k3→161/k1],0.283699,0.398066,false,weights,20
19,45,0.412727,286907,3,[161/k1→161/k3→161/k1],0.283386,0.398066,false,remove_layer,54
19,46,0.412878,562721,5,[161/k3→161/k1→161/k3→161/k1→256/k1],0.284506,0.398066,false,weights,57
19,47,0.413397,286907,3,[161/k1→161/k3→161/k1],0.277745,0.398066,false,weights,20
19,48,0.408703,797963,3,[161/k1→161/k1→512/k3],0.281125,0.398066,false,remove_layer,28
19,49,0.413574,1543435,3,[161/k1→161/k1→1024/k3],0.258137,0.398066,false,weights,4
19,50,0.416613,667016,3,[161/k1→256/k3→1024/k1],0.243270,0.398066,false,resize_layer,3
19,51,0.415245,796332,6,[161/k3→161/k1→161/k3→161/k3→161/k1→256/k1],0.293146,0.398066,false,add_layer,57
19,52,0.411525,329110,4,[161/k3→161/k1→161/k1→256/k1],0.311589,0.398066,false,weights,39
19,53,0.409089,797963,3,[161/k1→161/k1→512/k3],0.273200,0.398066,false,weights,0
19,54,0.411584,1543435,3,[161/k1→161/k1→1024/k3],0.260348,0.398066,false,weights,18
19,55,0.412354,562721,5,[161/k3→161/k1→161/k3→161/k1→256/k1],0.286786,0.398066,false,weights,60
19,56,0.411482,329110,4,[161/k3→161/k1→161/k1→256/k1],0.314811,0.398066,false,weights,39
19,57,0.411313,1031574,4,[161/k1→161/k1→161/k3→512/k3],0.300039,0.398066,false,add_layer,14
19,58,0.412547,440047,3,[161/k1→256/k3→161/k1],0.271969,0.398066,false,weights,3
19,59,0.412326,281363,3,[161/k1→161/k3→128/k1],0.286300,0.398066,false,weights,17
19,60,0.408721,797963,3,[161/k1→161/k1→512/k3],0.273086,0.398066,false,weights,0
19,61,0.412432,1031574,4,[161/k1→161/k3→161/k1→512/k3],0.282140,0.398066,false,weights,28
19,62,0.413816,562721,5,[161/k3→161/k1→161/k3→161/k1→256/k1],0.283501,0.398066,false,weights,60
19,63,0.412966,1543435,3,[161/k1→161/k1→1024/k3],0.268152,0.398066,false,weights,51
20,0,0.405020,494275,3,[161/k3→161/k3→161/k1],0.308833,0.398066,true,champion,40
20,1,0.414668,329110,4,[161/k3→161/k1→161/k1→256/k1],0.296821,0.398066,false,weights,52
20,2,0.415164,286907,3,[161/k1→161/k3→161/k1],0.274862,0.398066,false,weights,44
20,3,0.412961,797963,3,[161/k1→161/k1→512/k3],0.271088,0.398066,false,weights,2
20,4,0.412569,3158283,4,[161/k1→161/k1→512/k3→512/k3],0.276243,0.398066,false,add_layer,53
20,5,0.416318,562721,5,[161/k3→161/k1→161/k3→161/k1→256/k1],0.276113,0.398066,false,weights,55
20,6,0.414626,286907,3,[161/k1→161/k3→161/k1],0.272942,0.398066,false,weights,34
20,7,0.415493,329110,4,[161/k3→161/k1→161/k1→256/k1],0.296199,0.398066,false,weights,56
20,8,0.414272,281363,3,[161/k1→161/k3→128/k1],0.282188,0.398066,false,weights,13
20,9,0.413854,1543435,3,[161/k1→161/k1→1024/k3],0.253280,0.398066,false,weights,54
20,10,0.412304,797963,3,[161/k1→161/k1→512/k3],0.271925,0.398066,false,weights,48
20,11,0.410073,797963,3,[161/k1→161/k1→512/k3],0.274258,0.398066,false,resize_layer,54
20,12,0.414470,286907,3,[161/k1→161/k3→161/k1],0.273120,0.398066,false,weights,44
20,13,0.416187,440047,3,[161/k1→256/k3→161/k1],0.257392,0.398066,false,remove_layer,22
20,14,0.410161,797963,3,[161/k1→161/k1→512/k3],0.270534,0.398066,false,weights,60
20,15,0.415095,286907,3,[161/k1→161/k3→161/k1],0.277793,0.398066,false,remove_layer,34
20,16,0.412415,797963,3,[161/k1→161/k1→512/k3],0.270164,0.398066,false,weights,2
20,17,0.412634,797963,3,[161/k1→161/k1→512/k3],0.266710,0.398066,false,remove_layer,27
20,18,0.413801,824206,4,[161/k1→161/k1→161/k1→512/k3],0.306993,0.398066,false,add_layer,2
20,19,0.414114,588964,6,[161/k3→161/k1→161/k3→161/k1→161/k1→256/k1],0.293803,0.398066,false,add_layer,55
20,20,0.412917,1543435,3,[161/k1→161/k1→1024/k3],0.262398,0.398066,false,weights,39
20,21,0.404984,494275,3,[161/k3→161/k3→161/k1],0.314613,0.398066,false,weights,40
20,22,0.410151,1569678,4,[161/k1→161/k1→161/k1→1024/k3],0.311601,0.398066,false,add_layer,54
20,23,0.412504,797963,3,[161/k1→161/k1→512/k3],0.269658,0.398066,false,weights,2
20,24,0.412407,797963,3,[161/k1→161/k1→512/k3],0.272527,0.398066,false,remove_layer,48
20,25,0.415016,281363,3,[161/k1→161/k3→128/k1],0.275350,0.398066,false,weights,19
20,26,0.409111,520518,4,[161/k3→161/k1→161/k3→161/k1],0.372793,0.398066,false,add_layer,34
20,27,0.413829,1543435,3,[161/k1→161/k1→1024/k3],0.258293,0.398066,false,weights,54
20,28,0.414031,281363,3,[161/k1→161/k3→128/k1],0.279804,0.398066,false,weights,59
20,29,0.414979,286907,3,[161/k1→161/k3→161/k1],0.276207,0.398066,false,remove_layer,34
20,30,0.415075,286907,3,[161/k1→161/k3→161/k1],0.272194,0.398066,false,weights,5
20,31,0.414571,281363,3,[161/k1→161/k3→128/k1],0.284330,0.398066,false,weights,59
20,32,0.413916,1543435,3,[161/k1→161/k1→1024/k3],0.257210,0.398066,false,weights,28
20,33,0.411646,797963,3,[161/k1→161/k1→512/k3],0.269585,0.398066,false,weights,60
20,34,0.416103,329110,4,[161/k3→161/k1→161/k1→256/k1],0.300919,0.398066,false,weights,56
20,35,0.410574,520518,4,[161/k3→161/k1→161/k3→161/k1],0.357520,0.398066,false,remove_layer,55
20,36,0.414403,1543435,3,[161/k1→161/k1→1024/k3],0.257946,0.398066,false,weights,54
20,37,0.413435,286907,3,[161/k1→161/k3→161/k1],0.275430,0.398066,false,weights,44
20,38,0.415739,329110,4,[161/k3→161/k1→161/k1→256/k1],0.298963,0.398066,false,weights,56
20,39,0.415433,286907,3,[161/k1→161/k3→161/k1],0.273752,0.398066,false,weights,44
20,40,0.415258,281363,3,[161/k1→161/k3→128/k1],0.281165,0.398066,false,weights,19
20,41,0.417759,9637512,3,[161/k1→1024/k1→1024/k3],0.227454,0.398066,false,resize_layer,28
20,42,0.412361,797963,3,[161/k1→161/k1→512/k3],0.269452,0.398066,false,weights,15
20,43,0.414433,286907,3,[161/k1→161/k3→161/k1],0.277803,0.398066,false,weights,34
20,44,0.413999,286907,3,[161/k1→161/k3→161/k1],0.272641,0.398066,false,weights,34
20,45,0.430889,286907,3,[161/k1→161/k1→161/k3],0.368877,0.398066,false,remove_layer,57
20,46,0.416765,562721,5,[161/k3→161/k1→161/k3→161/k1→256/k1],0.278889,0.398066,false,weights,55
20,47,0.423983,1061131,4,[161/k1→161/k1→512/k3→512/k1],0.282968,0.398066,false,add_layer,53
20,48,0.411938,797963,3,[161/k1→161/k1→512/k3],0.273569,0.398066,false,weights,53
20,49,0.414154,286907,3,[161/k1→161/k3→161/k1],0.275221,0.398066,false,remove_layer,10
20,50,0.419294,562721,5,[161/k1→161/k3→161/k3→161/k1→256/k1],0.405878,0.398066,false,add_layer,11
20,51,0.419218,1678063,3,[1024/k1→161/k3→161/k1],0.246975,0.398066,false,resize_layer,5
20,52,0.411842,797963,3,[161/k1→161/k1→512/k3],0.267845,0.398066,false,remove_layer,60
20,53,0.414806,78959,3,[161/k1→32/k3→161/k1],0.355651,0.398066,false,resize_layer,34
20,54,0.411995,797963,3,[161/k1→161/k1→512/k3],0.268243,0.398066,false,weights,60
20,55,0.416249,536478,4,[161/k3→161/k3→161/k1→256/k1],0.264951,0.398066,false,weights,11
20,56,0.417470,313150,4,[161/k1→161/k3→161/k1→161/k1],0.298326,0.398066,false,add_layer,5
20,57,0.424896,1061131,4,[161/k1→161/k1→512/k3→512/k1],0.287994,0.398066,false,add_layer,2
20,58,0.413690,797963,3,[161/k1→161/k1→512/k3],0.266174,0.398066,false,remove_layer,15
20,59,0.415537,1543435,3,[161/k1→161/k1→1024/k3],0.252865,0.398066,false,weights,54
20,60,0.414838,536478,4,[161/k3→161/k3→161/k1→256/k1],0.265741,0.398066,false,weights,11
20,61,0.416498,536478,4,[161/k3→161/k3→161/k1→256/k1],0.267635,0.398066,false,weights,11
20,62,0.409390,1569678,4,[161/k1→161/k1→161/k1→1024/k3],0.315677,0.398066,false,add_layer,39
20,63,0.414207,1543435,3,[161/k1→161/k1→1024/k3],0.253964,0.398066,false,remove_layer,28
21,0,0.410425,494275,3,[161/k3→161/k3→161/k1],0.280075,0.398066,true,champion,21
21,1,0.427563,1061131,4,[161/k1→161/k1→512/k3→512/k1],0.279864,0.398066,false,add_layer,54
21,2,0.414259,797963,3,[161/k1→161/k1→512/k3],0.263227,0.398066,false,weights,23
21,3,0.404701,520518,4,[161/k3→161/k1→161/k3→161/k1],0.328587,0.398066,false,weights,26
21,4,0.414609,831627,4,[161/k1→161/k1→128/k3→512/k3],0.281098,0.398066,false,resize_layer,4
21,5,0.413534,797963,3,[161/k1→161/k1→512/k3],0.263929,0.398066,false,weights,33
21,6,0.669567,99083,3,[161/k1→161/k1→32/k3],0.649703,0.398066,false,resize_layer,24
21,7,0.413892,797963,3,[161/k1→161/k1→512/k3],0.259555,0.398066,false,weights,33
21,8,0.417339,3158283,4,[161/k1→161/k1→512/k3→512/k3],0.249624,0.398066,false,weights,4
21,9,0.409533,1543435,3,[161/k1→161/k1→1024/k3],0.274986,0.398066,false,remove_layer,62
21,10,0.414496,797963,3,[161/k1→161/k1→512/k3],0.305933,0.398066,false,remove_layer,4
21,11,0.413884,797963,3,[161/k1→161/k1→512/k3],0.262324,0.398066,false,weights,58
21,12,0.413517,797963,3,[161/k1→161/k1→512/k3],0.260753,0.398066,false,remove_layer,16
21,13,0.421743,3693960,3,[161/k1→768/k1→512/k3],0.220275,0.398066,false,resize_layer,48
21,14,0.416022,828743,3,[256/k1→161/k1→512/k3],0.255167,0.398066,false,resize_layer,24
21,15,0.411683,1569678,4,[161/k1→161/k1→161/k1→1024/k3],0.301434,0.398066,false,weights,62
21,16,0.420409,754129,5,[161/k3→161/k3→161/k1→161/k3→161/k1],0.313930,0.398066,false,add_layer,35
21,17,0.415006,1170699,3,[161/k1→161/k1→768/k3],0.261598,0.398066,false,resize_layer,42
21,18,0.415037,520518,4,[161/k3→161/k3→161/k1→161/k1],0.307878,0.398066,false,add_layer,21
21,19,0.412437,797963,3,[161/k1→161/k1→512/k3],0.261331,0.398066,false,weights,52
21,20,0.414621,797963,3,[161/k1→161/k1→512/k3],0.260158,0.398066,false,weights,48
21,21,0.414460,797963,3,[161/k1→161/k1→512/k3],0.257671,0.398066,false,weights,16
21,22,0.414036,797963,3,[161/k1→161/k1→512/k3],0.261653,0.398066,false,weights,17
21,23,0.416147,440047,3,[256/k1→161/k3→161/k1],0.255125,0.398066,false,resize_layer,37
21,24,0.414291,824206,4,[161/k1→161/k1→161/k1→512/k3],0.298243,0.398066,false,weights,18
21,25,0.413863,797963,3,[161/k1→161/k1→512/k3],0.261194,0.398066,false,weights,33
21,26,0.403038,286907,3,[161/k3→161/k1→161/k1],0.374179,0.398066,false,remove_layer,35
21,27,0.414029,797963,3,[161/k1→161/k1→512/k3],0.260892,0.398066,false,remove_layer,11
21,28,0.410822,824206,4,[161/k1→161/k1→161/k1→512/k3],0.306257,0.398066,false,resize_layer,62
21,29,0.411150,494275,3,[161/k3→161/k3→161/k1],0.285279,0.398066,false,remove_layer,21
21,30,0.423494,1386123,4,[161/k1→161/k1→512/k3→128/k3],0.285179,0.398066,false,resize_layer,4
21,31,0.413151,1543435,3,[161/k1→161/k1→1024/k3],0.256269,0.398066,false,weights,20
21,32,0.414620,797963,3,[161/k1→161/k1→512/k3],0.260003,0.398066,false,remove_layer,17
21,33,0.414525,797963,3,[161/k1→161/k1→512/k3],0.266102,0.398066,false,weights,16
21,34,0.414694,797963,3,[161/k1→161/k1→512/k3],0.260058,0.398066,false,weights,23
21,35,0.414097,797963,3,[161/k1→161/k1→512/k3],0.261578,0.398066,false,weights,17
21,36,0.412892,797963,3,[161/k1→161/k1→512/k3],0.263637,0.398066,false,weights,42
21,37,0.414147,797963,3,[161/k1→161/k1→512/k3],0.261100,0.398066,false,weights,23
21,38,0.411944,1569678,4,[161/k1→161/k1→161/k1→1024/k3],0.297386,0.398066,false,weights,22
21,39,0.413754,797963,3,[161/k1→161/k1→512/k3],0.260180,0.398066,false,weights,23
21,40,0.417002,520518,4,[161/k3→161/k3→161/k1→161/k1],0.307775,0.398066,false,add_layer,21
21,41,0.414202,797963,3,[161/k1→161/k1→512/k3],0.258949,0.398066,false,weights,48
21,42,0.412198,1569678,4,[161/k1→161/k1→161/k1→1024/k3],0.304072,0.398066,false,weights,22
21,43,0.417235,640520,3,[161/k1→128/k1→512/k3],0.278658,0.398066,false,resize_layer,16
21,44,0.411656,1569678,4,[161/k1→161/k1→161/k1→1024/k3],0.293537,0.398066,false,weights,22
21,45,0.416337,797963,3,[161/k1→161/k1→512/k3],0.263224,0.398066,false,remove_layer,58
21,46,0.414387,797963,3,[161/k1→161/k1→512/k3],0.259667,0.398066,false,remove_layer,54
21,47,0.413194,797963,3,[161/k1→161/k1→512/k3],0.259878,0.398066,false,weights,33
21,48,0.407505,1031574,4,[161/k3→161/k1→161/k1→512/k3],0.359900,0.398066,false,add_layer,17
21,49,0.413203,520518,4,[161/k3→161/k1→161/k3→161/k1],0.295904,0.398066,false,weights,35
21,50,0.412719,797963,3,[161/k1→161/k1→512/k3],0.263497,0.398066,false,weights,14
21,51,0.414045,797963,3,[161/k1→161/k1→512/k3],0.266990,0.398066,false,weights,11
21,52,0.415112,797963,3,[161/k1→161/k1→512/k3],0.268119,0.398066,false,weights,42
21,53,0.416436,797963,3,[161/k1→161/k1→512/k3],0.261694,0.398066,false,weights,3
21,54,0.414717,797963,3,[161/k1→161/k1→512/k3],0.264421,0.398066,false,weights,16
21,55,0.414179,797963,3,[161/k1→161/k1→512/k3],0.259347,0.398066,false,weights,17
21,56,0.411664,1569678,4,[161/k1→161/k1→161/k1→1024/k3],0.304086,0.398066,false,weights,22
21,57,0.414447,797963,3,[161/k1→161/k1→512/k3],0.264319,0.398066,false,remove_layer,16
21,58,0.412328,1569678,4,[161/k1→161/k1→161/k1→1024/k3],0.301152,0.398066,false,weights,62
21,59,0.413620,797963,3,[161/k1→161/k1→512/k3],0.261691,0.398066,false,weights,54
21,60,0.413792,797963,3,[161/k1→161/k1→512/k3],0.264000,0.398066,false,weights,33
21,61,0.414558,797963,3,[161/k1→161/k1→512/k3],0.258861,0.398066,false,remove_layer,54
21,62,0.415305,1543435,3,[161/k1→161/k1→1024/k3],0.258992,0.398066,false,weights,20
21,63,0.415860,797963,3,[161/k1→161/k1→512/k3],0.266437,0.398066,false,weights,3
22,0,0.405570,286907,3,[161/k3→161/k1→161/k1],0.328058,0.398066,true,champion,26
22,1,0.415061,1569678,4,[161/k1→161/k1→161/k1→1024/k3],0.290439,0.398066,false,weights,15
22,2,0.415530,797963,3,[161/k1→161/k1→512/k3],0.258352,0.398066,false,remove_layer,36
22,3,0.418723,2472584,3,[161/k1→512/k1→512/k3],0.228338,0.398066,false,resize_layer,50
22,4,0.415304,1569678,4,[161/k1→161/k1→161/k1→1024/k3],0.290023,0.398066,false,weights,15
22,5,0.415927,1057817,5,[161/k1→161/k1→161/k3→161/k1→512/k3],0.315072,0.398066,false,add_layer,28
22,6,0.427232,1061131,4,[161/k1→161/k1→512/k3→512/k1],0.279422,0.398066,false,add_layer,5
22,7,0.405778,1031574,4,[161/k3→161/k1→161/k1→512/k3],0.316098,0.398066,false,weights,48
22,8,0.418141,1803289,5,[161/k1→161/k1→161/k3→161/k1→1024/k3],0.311322,0.398066,false,add_layer,38
22,9,0.418579,7262731,4,[161/k1→161/k1→768/k1→1024/k3],0.268544,0.398066,false,resize_layer,56
22,10,0.419040,520518,4,[161/k3→161/k1→161/k3→161/k1],0.278465,0.398066,false,weights,49
22,11,0.414773,824206,4,[161/k1→161/k1→161/k1→512/k3],0.292221,0.398066,false,weights,28
22,12,0.415746,797963,3,[161/k1→161/k1→512/k3],0.256316,0.398066,false,weights,60
22,13,0.419196,824206,4,[161/k1→161/k1→161/k1→512/k3],0.414915,0.398066,false,add_layer,60
22,14,0.414556,824206,4,[161/k1→161/k1→161/k1→512/k3],0.293898,0.398066,false,weights,28
22,15,0.415604,797963,3,[161/k1→161/k1→512/k3],0.253509,0.398066,false,weights,36
22,16,0.417213,1569678,4,[161/k1→161/k1→161/k1→1024/k3],0.292627,0.398066,false,weights,58
22,17,0.413514,1543435,3,[161/k1→161/k1→1024/k3],0.261849,0.398066,false,weights,9
22,18,0.417376,640520,3,[161/k1→128/k1→512/k3],0.274697,0.398066,false,resize_layer,5
22,19,0.414340,1569678,4,[161/k1→161/k1→161/k1→1024/k3],0.285137,0.398066,false,weights,44
22,20,0.415229,797963,3,[161/k1→161/k1→512/k3],0.257879,0.398066,false,weights,5
22,21,0.414767,824206,4,[161/k1→161/k1→161/k1→512/k3],0.295003,0.398066,false,weights,28
22,22,0.463071,79539,3,[161/k1→161/k1→161/k1],0.457542,0.398066,false,remove_layer,38
22,23,0.413084,425227,3,[161/k1→161/k1→256/k3],0.277575,0.398066,false,resize_layer,47
22,24,0.417170,553243,3,[161/k3→161/k3→512/k1],0.248507,0.398066,false,resize_layer,0
22,25,0.413553,824206,4,[161/k1→161/k1→161/k1→512/k3],0.295868,0.398066,false,weights,28
22,26,0.416392,3158283,4,[161/k1→161/k1→512/k3→512/k3],0.265909,0.398066,false,add_layer,60
22,27,0.414522,1569678,4,[161/k1→161/k1→161/k1→1024/k3],0.286778,0.398066,false,weights,42
22,28,0.408754,1031574,4,[161/k3→161/k1→161/k1→512/k3],0.320903,0.398066,false,weights,48
22,29,0.414816,1569678,4,[161/k1→161/k1→161/k1→1024/k3],0.283606,0.398066,false,weights,56
22,30,0.413731,1543435,3,[161/k1→161/k1→1024/k3],0.249053,0.398066,false,remove_layer,31
22,31,0.412807,494275,3,[161/k3→161/k3→161/k1],0.267763,0.398066,false,weights,0
22,32,0.408817,520518,4,[161/k3→161/k1→161/k1→161/k3],0.324731,0.398066,false,add_layer,26
22,33,0.415388,1569678,4,[161/k1→161/k1→161/k1→1024/k3],0.290808,0.398066,false,weights,15
22,34,0.416330,1569678,4,[161/k1→161/k1→161/k1→1024/k3],0.291418,0.398066,false,weights,15
22,35,0.416798,797963,3,[161/k1→161/k1→512/k3],0.253526,0.398066,false,weights,47
22,36,0.416179,797963,3,[161/k1→161/k1→512/k3],0.258992,0.398066,false,weights,47
22,37,0.413868,3158283,4,[161/k1→161/k1→512/k3→512/k3],0.257889,0.398066,false,add_layer,39
22,38,0.414020,1569678,4,[161/k1→161/k1→161/k1→1024/k3],0.286653,0.398066,false,weights,44
22,39,0.414482,1569678,4,[161/k1→161/k1→161/k1→1024/k3],0.290243,0.398066,false,weights,44
22,40,0.415945,797963,3,[161/k1→161/k1→512/k3],0.255543,0.398066,false,remove_layer,12
22,41,0.417479,797963,3,[161/k1→161/k1→512/k3],0.254732,0.398066,false,weights,59
22,42,0.416233,797963,3,[161/k1→161/k1→512/k3],0.254167,0.398066,false,remove_layer,47
22,43,0.415364,797963,3,[161/k1→161/k1→512/k3],0.258650,0.398066,false,weights,19
22,44,0.413295,494275,3,[161/k3→161/k3→161/k1],0.261875,0.398066,false,weights,0
22,45,0.414896,797963,3,[161/k1→161/k1→512/k3],0.254446,0.398066,false,weights,12
22,46,0.415879,797963,3,[161/k1→161/k1→512/k3],0.254874,0.398066,false,weights,36
22,47,0.421385,364154,4,[64/k3→161/k1→161/k3→161/k1],0.388130,0.398066,false,resize_layer,3
22,48,0.413324,1543435,3,[161/k1→161/k1→1024/k3],0.258127,0.398066,false,weights,9
22,49,0.411379,824206,4,[161/k1→161/k1→161/k1→512/k3],0.306896,0.398066,false,add_layer,50
22,50,0.414987,494275,3,[161/k3→161/k3→161/k1],0.264674,0.398066,false,weights,0
22,51,0.414962,797963,3,[161/k1→161/k1→512/k3],0.256371,0.398066,false,weights,19
22,52,0.415623,1569678,4,[161/k1→161/k1→161/k1→1024/k3],0.286309,0.398066,false,weights,42
22,53,0.414939,1569678,4,[161/k1→161/k1→161/k1→1024/k3],0.286713,0.398066,false,weights,38
22,54,0.412525,494275,3,[161/k3→161/k3→161/k1],0.267912,0.398066,false,weights,0
22,55,0.408498,1031574,4,[161/k3→161/k1→161/k1→512/k3],0.319433,0.398066,false,weights,48
22,56,0.405065,1543435,3,[161/k1→161/k1→1024/k3],0.384686,0.398066,false,remove_layer,56
22,57,0.545554,145675,3,[161/k1→161/k1→64/k3],0.506240,0.398066,false,resize_layer,9
22,58,0.457575,79539,3,[161/k1→161/k1→161/k1],0.450572,0.398066,false,remove_layer,58
22,59,0.428326,1595921,5,[161/k1→161/k1→161/k1→161/k1→1024/k3],0.437269,0.398066,false,add_layer,44
22,60,0.420391,824206,4,[161/k1→161/k1→161/k1→512/k3],0.425217,0.398066,false,add_layer,50
22,61,0.417831,797963,3,[161/k1→161/k1→512/k3],0.256678,0.398066,false,weights,36
22,62,0.415140,1569678,4,[161/k1→161/k1→161/k1→1024/k3],0.289100,0.398066,false,weights,38
22,63,0.664883,99083,3,[161/k1→161/k1→32/k3],0.644331,0.398066,false,resize_layer,60
23,0,0.402130,1543435,3,[161/k1→161/k1→1024/k3],0.332299,0.398066,true,champion,56
23,1,0.415470,494275,3,[161/k3→161/k3→161/k1],0.251338,0.398066,false,weights,31
23,2,0.553194,145675,3,[161/k1→161/k1→64/k3],0.507294,0.398066,false,resize_layer,48
23,3,0.411603,1031574,4,[161/k3→161/k1→161/k1→512/k3],0.296708,0.398066,false,weights,55
23,4,0.401575,1543435,3,[161/k1→161/k1→1024/k3],0.332769,0.398066,false,weights,56
23,5,0.411816,1031574,4,[161/k3→161/k1→161/k1→512/k3],0.294360,0.398066,false,weights,55
23,6,0.411508,286907,3,[161/k3→161/k1→161/k1],0.306965,0.398066,false,weights,0
23,7,0.417293,824206,4,[161/k1→161/k1→161/k1→512/k3],0.287997,0.398066,false,weights,11
23,8,0.410846,1031574,4,[161/k3→161/k1→161/k1→512/k3],0.299907,0.398066,false,weights,7
23,9,0.427972,850449,5,[161/k1→161/k1→161/k1→161/k1→512/k3],0.437590,0.398066,false,add_layer,21
23,10,0.424485,1569678,4,[161/k1→161/k1→161/k1→1024/k3],0.420263,0.398066,false,add_layer,48
23,11,0.420428,3158283,4,[161/k1→161/k1→512/k3→512/k3],0.246094,0.398066,false,weights,37
23,12,0.452227,79539,3,[161/k1→161/k1→161/k1],0.450087,0.398066,false,remove_layer,14
23,13,0.418615,1569678,4,[161/k1→161/k1→161/k1→1024/k3],0.282011,0.398066,false,weights,29
23,14,0.418044,1569678,4,[161/k1→161/k1→161/k1→1024/k3],0.294955,0.398066,false,add_layer,48
23,15,0.418683,5518603,5,[161/k1→161/k1→512/k3→512/k3→512/k3],0.245241,0.398066,false,add_layer,37
23,16,0.415199,1595921,5,[161/k1→161/k1→161/k1→161/k1→1024/k3],0.324713,0.398066,false,add_layer,19
23,17,0.418909,1569678,4,[161/k1→161/k1→161/k1→1024/k3],0.281427,0.398066,false,weights,19
23,18,0.417705,494275,3,[161/k3→161/k3→161/k1],0.256497,0.398066,false,remove_layer,31
23,19,0.438781,1527882,4,[161/k1→32/k1→161/k1→1024/k3],0.395714,0.398066,false,resize_layer,27
23,20,0.417625,1569678,4,[161/k1→161/k1→161/k1→1024/k3],0.280031,0.398066,false,weights,38
23,21,0.415586,494275,3,[161/k3→161/k3→161/k1],0.252226,0.398066,false,weights,31
23,22,0.416560,824206,4,[161/k1→161/k1→161/k1→512/k3],0.285479,0.398066,false,weights,14
23,23,0.406544,1569678,4,[161/k1→161/k1→161/k1→1024/k3],0.377206,0.398066,false,add_layer,56
23,24,0.418696,520518,4,[161/k3→161/k3→161/k1→161/k1],0.280225,0.398066,false,add_layer,44
23,25,0.429433,2620302,5,[161/k1→161/k1→161/k1→1024/k3→1024/k1],0.299544,0.398066,false,add_layer,38
23,26,0.417363,1569678,4,[161/k1→161/k1→161/k1→1024/k3],0.278041,0.398066,false,weights,27
23,27,0.415295,494275,3,[161/k3→161/k3→161/k1],0.252580,0.398066,false,weights,44
23,28,0.408681,1031574,4,[161/k3→161/k1→161/k1→512/k3],0.304937,0.398066,false,weights,7
23,29,0.415325,494275,3,[161/k3→161/k1→161/k3],0.286744,0.398066,false,remove_layer,32
23,30,0.412032,1031574,4,[161/k3→161/k1→161/k1→512/k3],0.295503,0.398066,false,weights,55
23,31,0.420819,1803289,5,[161/k1→161/k1→161/k1→161/k3→1024/k3],0.299727,0.398066,false,add_layer,39
23,32,0.421923,11008910,5,[161/k1→161/k1→161/k1→1024/k3→1024/k3],0.284642,0.398066,false,add_layer,38
23,33,0.411259,286907,3,[161/k3→161/k1→161/k1],0.311876,0.398066,false,weights,0
23,34,0.409445,1031574,4,[161/k3→161/k1→161/k1→512/k3],0.301115,0.398066,false,weights,7
23,35,0.417006,824206,4,[161/k1→161/k1→161/k1→512/k3],0.285849,0.398066,false,weights,14
23,36,0.409904,1031574,4,[161/k3→161/k1→161/k1→512/k3],0.295474,0.398066,false,weights,7
23,37,0.418250,1543435,3,[161/k1→161/k1→1024/k3],0.255184,0.398066,false,weights,48
23,38,0.407393,797963,3,[161/k1→161/k1→512/k3],0.396868,0.398066,false,remove_layer,25
23,39,0.417269,1569678,4,[161/k1→161/k1→161/k1→1024/k3],0.276107,0.398066,false,weights,27
23,40,0.414190,797963,3,[161/k1→161/k1→512/k3],0.261831,0.398066,false,remove_layer,7
23,41,0.453672,782410,4,[32/k1→161/k1→161/k1→512/k3],0.440887,0.398066,false,resize_layer,49
23,42,0.417527,1569678,4,[161/k1→161/k1→161/k1→1024/k3],0.275599,0.398066,false,weights,29
23,43,0.413567,824206,4,[161/k1→161/k1→161/k1→512/k3],0.291667,0.398066,false,weights,49
23,44,0.418473,1569678,4,[161/k1→161/k1→161/k1→1024/k3],0.281530,0.398066,false,resize_layer,14
23,45,0.409376,1005331,3,[161/k3→161/k1→512/k3],0.283130,0.398066,false,remove_layer,55
23,46,0.416541,824206,4,[161/k1→161/k1→161/k1→512/k3],0.287555,0.398066,false,weights,21
23,47,0.411644,1031574,4,[161/k3→161/k1→161/k1→512/k3],0.299896,0.398066,false,weights,55
23,48,0.415215,1543435,3,[161/k1→161/k1→1024/k3],0.255062,0.398066,false,weights,17
23,49,0.454075,265102,4,[161/k1→161/k1→161/k1→128/k3],0.389297,0.398066,false,resize_layer,19
23,50,0.416088,494275,3,[161/k3→161/k3→161/k1],0.257039,0.398066,false,weights,44
23,51,0.416832,1543435,3,[161/k1→161/k1→1024/k3],0.255996,0.398066,false,weights,48
23,52,0.415906,1569678,4,[161/k1→161/k1→161/k1→1024/k3],0.280240,0.398066,false,weights,29
23,53,0.418954,1569678,4,[161/k1→161/k1→161/k1→1024/k3],0.274143,0.398066,false,weights,19
23,54,0.417173,1569678,4,[161/k1→161/k1→161/k1→1024/k3],0.284869,0.398066,false,weights,29
23,55,0.422709,1740103,3,[768/k1→161/k1→1024/k3],0.218294,0.398066,false,resize_layer,30
23,56,0.568834,265235,3,[161/k3→161/k1→32/k1],0.557762,0.398066,false,resize_layer,0
23,57,0.417373,1569678,4,[161/k1→161/k1→161/k1→1024/k3],0.282670,0.398066,false,weights,38
23,58,0.403461,1543435,3,[161/k1→161/k1→1024/k3],0.330292,0.398066,false,weights,56
23,59,0.417024,494275,3,[161/k3→161/k3→161/k1],0.256436,0.398066,false,weights,44
23,60,0.415011,797963,3,[161/k1→161/k1→512/k3],0.257560,0.398066,false,remove_layer,11
23,61,0.411637,1031574,4,[161/k3→161/k1→161/k1→512/k3],0.298930,0.398066,false,weights,55
23,62,0.410858,1031574,4,[161/k3→161/k1→161/k1→512/k3],0.303221,0.398066,false,weights,28
23,63,0.417293,494275,3,[161/k3→161/k3→161/k1],0.248812,0.398066,false,weights,54
24,0,0.405404,1543435,3,[161/k1→161/k1→1024/k3],0.306180,0.398066,true,champion,4
24,1,0.405975,1543435,3,[161/k1→161/k1→1024/k3],0.310341,0.398066,false,weights,58
24,2,0.416232,1238942,4,[161/k3→161/k1→161/k3→512/k3],0.282689,0.398066,false,add_layer,45
24,3,0.413474,1031574,4,[161/k3→161/k1→161/k1→512/k3],0.288209,0.398066,false,weights,28
24,4,0.419621,1543435,3,[161/k1→161/k1→1024/k3],0.244522,0.398066,false,weights,48
24,5,0.407972,1031574,4,[161/k3→161/k1→161/k1→512/k3],0.340103,0.398066,false,add_layer,40
24,6,0.404867,1543435,3,[161/k1→161/k1→1024/k3],0.305755,0.398066,false,remove_layer,58
24,7,0.413367,1031574,4,[161/k3→161/k1→161/k1→512/k3],0.283816,0.398066,false,weights,62
24,8,0.416318,2422730,4,[1024/k3→161/k1→161/k1→512/k3],0.266425,0.398066,false,resize_layer,3
24,9,0.428864,1294742,5,[161/k3→161/k1→161/k1→512/k3→512/k1],0.308090,0.398066,false,add_layer,34
24,10,0.417302,797963,3,[161/k1→161/k1→512/k3],0.249635,0.398066,false,remove_layer,60
24,11,0.416159,286907,3,[161/k3→161/k1→161/k1],0.295154,0.398066,false,weights,6
24,12,0.415357,1031574,4,[161/k3→161/k1→161/k1→512/k3],0.280397,0.398066,false,weights,62
24,13,0.414831,1057817,5,[161/k3→161/k1→161/k1→161/k1→512/k3],0.325390,0.398066,false,add_layer,5
24,14,0.419812,1829532,6,[161/k1→161/k1→161/k1→161/k3→161/k1→1024/k3],0.328103,0.398066,false,add_layer,16
24,15,0.416600,797963,3,[161/k1→161/k1→512/k3],0.252749,0.398066,false,weights,40
24,16,0.415752,1031574,4,[161/k3→161/k1→161/k1→512/k3],0.280311,0.398066,false,weights,3
24,17,0.399205,797963,3,[161/k1→161/k1→512/k3],0.351086,0.398066,false,weights,38
24,18,0.416390,494275,3,[161/k3→161/k3→161/k1],0.242542,0.398066,false,weights,27
24,19,0.404835,1543435,3,[161/k1→161/k1→1024/k3],0.303822,0.398066,false,weights,58
24,20,0.417891,1543435,3,[161/k1→161/k1→1024/k3],0.248406,0.398066,false,weights,48
24,21,0.416758,1031574,4,[161/k3→161/k1→161/k1→512/k3],0.284456,0.398066,false,weights,30
24,22,0.415539,824206,4,[161/k1→161/k1→161/k1→512/k3],0.287615,0.398066,false,weights,43
24,23,0.417544,494275,3,[161/k3→161/k3→161/k1],0.245472,0.398066,false,weights,27
24,24,0.413607,1005331,3,[161/k3→161/k1→512/k3],0.266247,0.398066,false,remove_layer,36
24,25,0.452363,1554125,5,[32/k1→161/k1→161/k1→161/k1→1024/k3],0.442387,0.398066,false,resize_layer,16
24,26,0.418260,1595921,5,[161/k1→161/k1→161/k1→161/k1→1024/k3],0.310860,0.398066,false,weights,16
24,27,0.412579,1005331,3,[161/k3→161/k1→512/k3],0.263301,0.398066,false,weights,45
24,28,0.405078,1543435,3,[161/k1→161/k1→1024/k3],0.302396,0.398066,false,remove_layer,4
24,29,0.413681,1404310,4,[161/k3→161/k1→161/k1→768/k3],0.285566,0.398066,false,resize_layer,28
24,30,0.398310,797963,3,[161/k1→161/k1→512/k3],0.350687,0.398066,false,weights,38
24,31,0.414196,1031574,4,[161/k3→161/k1→161/k1→512/k3],0.284391,0.398066,false,weights,34
24,32,0.416995,494275,3,[161/k3→161/k3→161/k1],0.244539,0.398066,false,remove_layer,27
24,33,0.409539,1595921,5,[161/k1→161/k1→161/k1→161/k1→1024/k3],0.391242,0.398066,false,add_layer,23
24,34,0.414181,1031574,4,[161/k3→161/k1→161/k1→512/k3],0.279931,0.398066,false,weights,8
24,35,0.406184,1569678,4,[161/k1→161/k1→161/k1→1024/k3],0.347395,0.398066,false,weights,23
24,36,0.414204,1031574,4,[161/k3→161/k1→161/k1→512/k3],0.284888,0.398066,false,weights,62
24,37,0.413931,1005331,3,[161/k3→161/k1→512/k3],0.263324,0.398066,false,weights,45
24,38,0.413190,1031574,4,[161/k3→161/k1→161/k1→512/k3],0.283121,0.398066,false,weights,30
24,39,0.405818,1031574,4,[161/k3→161/k1→161/k1→512/k3],0.354499,0.398066,false,add_layer,38
24,40,0.422604,813514,4,[128/k1→161/k1→161/k1→512/k3],0.300751,0.398066,false,resize_layer,43
24,41,0.414809,1031574,4,[161/k3→161/k1→161/k1→512/k3],0.285214,0.398066,false,weights,28
24,42,0.411047,1777046,4,[161/k3→161/k1→161/k1→1024/k3],0.346101,0.398066,false,add_layer,48
24,43,0.418507,828743,3,[256/k1→161/k1→512/k3],0.242658,0.398066,false,resize_layer,60
24,44,0.417589,1595921,5,[161/k1→161/k1→161/k1→161/k1→1024/k3],0.317018,0.398066,false,weights,16
24,45,0.417180,1595921,5,[161/k1→161/k1→161/k1→161/k1→1024/k3],0.306492,0.398066,false,weights,16
24,46,0.438226,286907,3,[161/k3→161/k1→161/k1],0.439158,0.398066,false,remove_layer,8
24,47,0.424361,978378,4,[128/k3→161/k1→161/k1→512/k3],0.305274,0.398066,false,resize_layer,34
24,48,0.416509,797963,3,[161/k1→161/k1→512/k3],0.266952,0.398066,false,remove_layer,47
24,49,0.413536,1031574,4,[161/k3→161/k1→161/k1→512/k3],0.286263,0.398066,false,weights,28
24,50,0.426047,823626,4,[32/k3→161/k1→161/k1→512/k3],0.439041,0.398066,false,resize_layer,30
24,51,0.415560,874131,4,[161/k3→161/k1→128/k1→512/k3],0.294306,0.398066,false,resize_layer,34
24,52,0.416595,1031574,4,[161/k3→161/k1→161/k1→512/k3],0.282748,0.398066,false,weights,47
24,53,0.420388,520518,4,[161/k3→161/k1→161/k3→161/k1],0.295877,0.398066,false,add_layer,33
24,54,0.420464,5148947,4,[161/k3→161/k1→1024/k1→512/k3],0.258509,0.398066,false,resize_layer,34
24,55,0.420291,2594059,4,[161/k1→161/k1→1024/k3→1024/k1],0.322136,0.398066,false,add_layer,0
24,56,0.415975,1000146,4,[161/k3→64/k1→161/k1→512/k3],0.336942,0.398066,false,resize_layer,30
24,57,0.420923,989778,4,[161/k3→32/k1→161/k1→512/k3],0.393150,0.398066,false,resize_layer,62
24,58,0.416759,494275,3,[161/k3→161/k3→161/k1],0.248111,0.398066,false,weights,27
24,59,0.417487,797963,3,[161/k1→161/k1→512/k3],0.257352,0.398066,false,remove_layer,40
24,60,0.417805,1595921,5,[161/k1→161/k1→161/k1→161/k1→1024/k3],0.311733,0.398066,false,weights,16
24,61,0.399279,797963,3,[161/k1→161/k1→512/k3],0.347118,0.398066,false,weights,38
24,62,0.415739,797963,3,[161/k1→161/k1→512/k3],0.255476,0.398066,false,weights,40
24,63,0.413596,1031574,4,[161/k3→161/k1→161/k1→512/k3],0.307491,0.398066,false,add_layer,45
25,0,0.400410,797963,3,[161/k1→161/k1→512/k3],0.319171,0.398066,true,champion,30
25,1,0.425956,2620302,5,[161/k1→161/k1→161/k1→1024/k3→1024/k1],0.348882,0.398066,false,add_layer,35
25,2,0.418148,1983815,3,[768/k3→161/k1→512/k3],0.238254,0.398066,false,resize_layer,27
25,3,0.425415,416115,4,[161/k3→161/k1→32/k1→512/k3],0.396042,0.398066,false,resize_layer,63
25,4,0.416608,1031574,4,[161/k3→161/k1→161/k1→512/k3],0.275563,0.398066,false,weights,49
25,5,0.408190,1543435,3,[161/k1→161/k1→1024/k3],0.294791,0.398066,false,weights,28
25,6,0.415976,1031574,4,[161/k3→161/k1→161/k1→512/k3],0.267715,0.398066,false,weights,31
25,7,0.419210,1458576,3,[161/k3→256/k1→512/k3],0.233959,0.398066,false,resize_layer,27
25,8,0.422966,568787,4,[161/k3→161/k1→64/k1→512/k3],0.310816,0.398066,false,resize_layer,31
25,9,0.409224,1543435,3,[161/k1→161/k1→1024/k3],0.288651,0.398066,false,weights,0
25,10,0.416869,1031574,4,[161/k3→161/k1→161/k1→512/k3],0.301738,0.398066,false,add_layer,24
25,11,0.407778,1057817,5,[161/k3→161/k1→161/k1→161/k1→512/k3],0.345064,0.398066,false,add_layer,39
25,12,0.420161,1005331,3,[161/k3→161/k1→512/k3],0.245147,0.398066,false,remove_layer,34
25,13,0.437146,286907,3,[161/k3→161/k1→161/k1],0.437999,0.398066,false,remove_layer,3
25,14,0.420428,1265185,5,[161/k3→161/k3→161/k1→161/k1→512/k3],0.299161,0.398066,false,add_layer,34
25,15,0.415846,1031574,4,[161/k3→161/k1→161/k1→512/k3],0.271850,0.398066,false,weights,7
25,16,0.408772,1031574,4,[161/k3→161/k1→161/k1→512/k3],0.305371,0.398066,false,weights,39
25,17,0.405543,335176,3,[161/k1→64/k1→512/k3],0.380827,0.398066,false,resize_layer,30
25,18,0.415302,1057817,5,[161/k3→161/k1→161/k1→161/k1→512/k3],0.316789,0.398066,false,add_layer,31
25,19,0.401080,797963,3,[161/k1→161/k1→512/k3],0.322702,0.398066,false,weights,61
25,20,0.437690,286907,3,[161/k3→161/k1→161/k1],0.441110,0.398066,false,remove_layer,38
25,21,0.417849,1031574,4,[161/k3→161/k1→161/k1→512/k3],0.265872,0.398066,false,weights,34
25,22,0.406283,1031574,4,[161/k3→161/k1→161/k1→512/k3],0.306768,0.398066,false,weights,39
25,23,0.417535,3365651,4,[161/k3→161/k1→512/k3→512/k3],0.267865,0.398066,false,add_layer,24
25,24,0.423285,2827670,5,[161/k3→161/k1→161/k1→1024/k3→1024/k1],0.334841,0.398066,false,add_layer,42
25,25,0.417846,1031574,4,[161/k3→161/k1→161/k1→512/k3],0.269819,0.398066,false,weights,3
25,26,0.401504,797963,3,[161/k1→161/k1→512/k3],0.323105,0.398066,false,remove_layer,17
25,27,0.408676,1031574,4,[161/k3→161/k1→161/k1→512/k3],0.308012,0.398066,false,weights,39
25,28,0.417021,1031574,4,[161/k3→161/k1→161/k1→512/k3],0.270413,0.398066,false,weights,31
25,29,0.419931,1393618,4,[161/k3→128/k1→161/k1→768/k3],0.280955,0.398066,false,resize_layer,29
25,30,0.418625,1031574,4,[161/k3→161/k1→161/k1→512/k3],0.270250,0.398066,false,weights,38
25,31,0.407197,1569678,4,[161/k1→161/k1→161/k1→1024/k3],0.329104,0.398066,false,weights,35
25,32,0.417439,1378067,3,[161/k3→161/k1→768/k3],0.250753,0.398066,false,resize_layer,24
25,33,0.408628,1543435,3,[161/k1→161/k1→1024/k3],0.286693,0.398066,false,weights,6
25,34,0.417946,824206,4,[161/k1→161/k1→161/k1→512/k3],0.418134,0.398066,false,add_layer,61
25,35,0.423650,1062354,4,[161/k3→256/k1→161/k1→512/k3],0.283074,0.398066,false,resize_layer,63
25,36,0.416739,1005331,3,[161/k3→161/k1→512/k3],0.249297,0.398066,false,weights,27
25,37,0.417311,1031574,4,[161/k3→161/k1→161/k1→512/k3],0.269569,0.398066,false,weights,38
25,38,0.417587,1532743,3,[128/k1→161/k1→1024/k3],0.323393,0.398066,false,resize_layer,0
25,39,0.410409,1057817,5,[161/k3→161/k1→161/k1→161/k1→512/k3],0.355459,0.398066,false,add_layer,5
25,40,0.400103,797963,3,[161/k1→161/k1→512/k3],0.325503,0.398066,false,weights,61
25,41,0.406128,1595921,5,[161/k1→161/k1→161/k1→161/k1→1024/k3],0.369862,0.398066,false,weights,33
25,42,0.419087,1005331,3,[161/k3→161/k1→512/k3],0.246853,0.398066,false,remove_layer,31
25,43,0.410196,1777046,4,[161/k3→161/k1→161/k1→1024/k3],0.309754,0.398066,false,weights,42
25,44,0.405784,1170699,3,[161/k1→161/k1→768/k3],0.293818,0.398066,false,resize_layer,28
25,45,0.407862,1543435,3,[161/k1→161/k1→1024/k3],0.287086,0.398066,false,weights,6
25,46,0.417989,1031574,4,[161/k3→161/k1→161/k1→512/k3],0.271291,0.398066,false,weights,34
25,47,0.436550,286907,3,[161/k3→161/k1→161/k1],0.440875,0.398066,false,remove_layer,31
25,48,0.420306,1595921,5,[161/k1→161/k1→161/k1→161/k1→1024/k3],0.429403,0.398066,false,add_layer,35
25,49,0.409101,1543435,3,[161/k1→161/k1→1024/k3],0.290041,0.398066,false,weights,0
25,50,0.399683,797963,3,[161/k1→161/k1→512/k3],0.323496,0.398066,false,weights,30
25,51,0.436770,286907,3,[161/k3→161/k1→161/k1],0.437378,0.398066,false,remove_layer,49
25,52,0.410563,1031574,4,[161/k3→161/k1→161/k1→512/k3],0.309640,0.398066,false,weights,39
25,53,0.419787,1031574,4,[161/k3→161/k1→161/k1→512/k3],0.271336,0.398066,false,weights,38
25,54,0.417991,1005331,3,[161/k3→161/k1→512/k3],0.250392,0.398066,false,weights,24
25,55,0.404626,1569678,4,[161/k1→161/k1→161/k1→1024/k3],0.338501,0.398066,false,add_layer,1
25,56,0.408470,1543435,3,[161/k1→161/k1→1024/k3],0.290018,0.398066,false,weights,28
25,57,0.400627,797963,3,[161/k1→161/k1→512/k3],0.319909,0.398066,false,weights,17
25,58,0.410118,1005331,3,[161/k3→161/k1→512/k3],0.264415,0.398066,false,remove_layer,63
25,59,0.437784,823626,4,[32/k3→161/k1→161/k1→512/k3],0.454596,0.398066,false,resize_layer,5
25,60,0.418884,1983815,3,[768/k3→161/k1→512/k3],0.234217,0.398066,false,resize_layer,27
25,61,0.427606,2620302,5,[161/k1→161/k1→161/k1→1024/k3→1024/k1],0.347710,0.398066,false,add_layer,35
25,62,0.415700,1057817,5,[161/k3→161/k1→161/k1→161/k1→512/k3],0.308147,0.398066,false,add_layer,38
25,63,0.400136,797963,3,[161/k1→161/k1→512/k3],0.321381,0.398066,false,remove_layer,61
