generation,individual,val_loss,n_params,n_layers,architecture,train_loss,best_ever,is_champion,mutation_type,parent_idx
1,0,0.501457,3887717,9,[32/k1→768/k3→64/k1→64/k1→768/k1→512/k3→32/k1→32/k1→64/k1],0.206214,0.407786,false,,
1,1,0.526242,9896325,8,[64/k3→64/k3→512/k3→1024/k1→1024/k1→768/k3→128/k3→64/k1],0.142261,0.407786,false,,
1,2,0.434284,14380805,10,[128/k1→32/k3→32/k3→1024/k3→512/k3→1024/k1→768/k3→512/k1→256/k1→512/k3],0.349150,0.407786,false,,
1,3,0.483973,4436805,10,[768/k3→512/k1→768/k1→32/k1→1024/k3→32/k1→1024/k1→256/k3→256/k3→64/k3],0.199003,0.407786,false,,
1,4,0.527623,1165765,6,[64/k3→768/k1→512/k1→512/k1→64/k3→256/k3],0.124356,0.407786,false,,
1,5,0.479428,9587077,9,[768/k1→768/k3→1024/k1→64/k1→1024/k3→256/k3→32/k1→512/k3→64/k3],0.239830,0.407786,false,,
1,6,0.467005,9967493,7,[768/k3→64/k3→64/k1→768/k3→768/k3→512/k3→128/k1],0.276195,0.407786,false,,
1,7,0.442462,820933,5,[512/k3→32/k1→1024/k1→64/k1→1024/k3],0.262149,0.407786,false,,
1,8,0.526013,14604549,8,[32/k3→256/k3→512/k3→512/k1→768/k1→768/k3→1024/k3→32/k3],0.182315,0.407786,false,,
1,9,0.480150,6673989,7,[64/k3→32/k3→512/k1→512/k1→1024/k3→1024/k1→64/k3],0.232854,0.407786,false,,
1,10,0.496985,1978821,10,[64/k1→512/k3→256/k1→32/k3→1024/k3→64/k1→64/k1→32/k3→1024/k1→1024/k1],0.216224,0.407786,false,,
1,11,0.476999,1600901,5,[768/k3→512/k1→128/k3→64/k1→768/k3],0.215504,0.407786,false,,
1,12,0.432619,2281669,7,[768/k3→256/k3→32/k1→64/k1→128/k1→512/k1→512/k1],0.267219,0.407786,false,,
1,13,0.413138,22725,4,[32/k1→64/k1→32/k3→32/k1],0.384318,0.407786,false,,
1,14,0.476359,1754053,6,[768/k3→64/k1→768/k3→64/k3→1024/k3→64/k1],0.210917,0.407786,false,,
1,15,0.438443,1610245,4,[768/k3→128/k3→256/k3→1024/k1],0.285701,0.407786,false,,
1,16,0.506123,1446469,9,[768/k1→32/k3→768/k3→1024/k1→64/k1→64/k3→64/k3→64/k3→256/k1],0.215647,0.407786,false,,
1,17,0.519530,991973,10,[32/k3→1024/k1→32/k1→32/k1→64/k3→256/k3→64/k3→32/k1→256/k1→256/k3],0.219613,0.407786,false,,
1,18,0.484195,3003653,10,[1024/k3→128/k3→768/k3→64/k1→128/k1→32/k1→768/k3→32/k1→512/k3→512/k1],0.225268,0.407786,false,,
1,19,0.431629,601925,4,[512/k1→1024/k1→32/k1→768/k1],0.266495,0.407786,false,,
1,20,0.502930,2823653,7,[32/k1→512/k1→512/k1→256/k3→128/k1→768/k3→64/k3],0.164726,0.407786,false,,
1,21,0.522049,905413,7,[64/k3→256/k3→1024/k1→32/k3→512/k1→32/k1→512/k3],0.200361,0.407786,false,,
1,22,0.461670,515589,5,[128/k1→64/k3→128/k1→256/k3→512/k1],0.212079,0.407786,false,,
1,23,0.475734,6407557,9,[1024/k3→768/k1→64/k3→32/k1→768/k1→128/k3→512/k1→768/k3→64/k3],0.256187,0.407786,false,,
1,24,0.514759,2275909,8,[256/k3→1024/k1→32/k3→1024/k3→32/k1→128/k1→768/k3→64/k3],0.301824,0.407786,false,,
1,25,0.485960,6370373,8,[768/k3→512/k1→32/k1→768/k1→512/k1→1024/k3→512/k1→256/k1],0.206876,0.407786,false,,
1,26,0.453808,394885,4,[128/k3→1024/k1→128/k1→768/k1],0.232160,0.407786,false,,
1,27,0.515669,2987301,9,[32/k3→1024/k3→512/k1→64/k1→1024/k1→256/k1→64/k3→1024/k3→1024/k1],0.208329,0.407786,false,,
1,28,0.483815,4217925,6,[64/k1→256/k1→1024/k3→64/k1→1024/k3→128/k3],0.217093,0.407786,false,,
1,29,0.548531,5222469,10,[1024/k1→64/k1→768/k1→256/k3→128/k1→1024/k3→128/k3→768/k3→32/k1→128/k1],0.160096,0.407786,false,,
1,30,0.499484,1120677,8,[128/k1→32/k3→128/k3→256/k1→256/k1→128/k1→768/k3→32/k1],0.151369,0.407786,false,,
1,31,0.410967,14564613,6,[256/k1→768/k3→512/k3→768/k1→768/k3→512/k3],0.369425,0.407786,false,,
1,32,0.485370,6073605,9,[256/k3→256/k3→512/k1→64/k3→768/k3→768/k1→512/k3→256/k1→128/k3],0.237324,0.407786,false,,
1,33,0.439822,2422021,5,[256/k3→256/k3→256/k1→512/k3→1024/k1],0.274205,0.407786,false,,
1,34,0.495934,1050277,9,[32/k3→512/k3→32/k1→768/k3→64/k1→64/k1→32/k1→256/k1→256/k3],0.216963,0.407786,false,,
1,35,0.439383,16280837,9,[512/k1→768/k3→256/k3→64/k1→768/k1→1024/k1→1024/k3→64/k1→1024/k3],0.304993,0.407786,false,,
1,36,0.407786,3168261,4,[512/k1→1024/k1→256/k1→1024/k3],0.308951,0.407786,false,,
1,37,0.428696,34153605,9,[512/k3→1024/k3→512/k3→1024/k3→64/k3→256/k3→1024/k1→1024/k3→1024/k3],0.395483,0.407786,false,,
1,38,0.522671,2508741,9,[64/k3→256/k1→768/k3→64/k3→128/k3→512/k1→64/k1→64/k3→768/k1],0.163894,0.407786,false,,
1,39,0.522765,3562309,9,[64/k1→256/k3→128/k3→256/k1→64/k3→256/k1→1024/k3→256/k1→128/k3],0.182627,0.407786,false,,
1,40,0.525316,10744261,10,[256/k3→512/k1→256/k1→128/k3→256/k1→256/k3→768/k3→768/k1→1024/k3→64/k1],0.169258,0.407786,false,,
1,41,0.455154,570437,7,[512/k1→32/k3→64/k3→64/k1→128/k3→128/k1→256/k3],0.264520,0.407786,false,,
1,42,0.458046,1741189,6,[1024/k3→128/k3→128/k1→256/k1→768/k1→128/k1],0.235788,0.407786,false,,
1,43,0.487919,2057509,9,[32/k1→1024/k1→64/k1→1024/k1→512/k1→64/k1→256/k1→512/k1→256/k3],0.194400,0.407786,false,,
1,44,0.530758,1474821,10,[128/k1→512/k1→1024/k1→128/k1→512/k1→128/k3→256/k1→32/k1→32/k3→1024/k1],0.094410,0.407786,false,,
1,45,0.440949,2646981,10,[512/k1→128/k3→768/k3→32/k3→32/k3→1024/k3→32/k3→128/k3→768/k1→256/k1],0.300783,0.407786,false,,
1,46,0.460616,7825541,9,[512/k3→512/k3→256/k3→1024/k3→128/k1→1024/k1→128/k3→64/k3→512/k3],0.286445,0.407786,false,,
1,47,0.445454,2703013,6,[32/k3→1024/k3→64/k3→64/k3→1024/k3→128/k3],0.296622,0.407786,false,,
1,48,0.443778,8339013,8,[768/k3→512/k1→512/k1→32/k1→768/k3→256/k1→768/k3→768/k3],0.265762,0.407786,false,,
1,49,0.425584,2161861,7,[1024/k1→32/k3→64/k3→768/k1→128/k3→256/k3→256/k3],0.332936,0.407786,false,,
1,50,0.450136,1174341,6,[768/k3→128/k3→128/k1→32/k1→128/k1→768/k1],0.255035,0.407786,false,,
1,51,0.411983,113157,5,[64/k3→128/k3→32/k1→128/k1→128/k1],0.320028,0.407786,false,,
1,52,0.456747,5402949,6,[32/k1→128/k1→32/k3→768/k1→768/k3→32/k1],0.289081,0.407786,false,,
1,53,0.503815,804581,8,[128/k3→256/k3→128/k1→32/k3→1024/k3→32/k1→256/k3→32/k1],0.162011,0.407786,false,,
1,54,0.409678,4767941,5,[64/k3→32/k1→32/k3→512/k1→1024/k3],0.369119,0.407786,false,,
1,55,0.493339,4026245,7,[256/k3→1024/k3→128/k1→512/k1→1024/k1→768/k1→128/k1],0.189527,0.407786,false,,
1,56,0.477624,1991109,5,[64/k1→512/k1→64/k1→256/k3→768/k3],0.261770,0.407786,false,,
1,57,0.466635,987749,6,[32/k1→128/k3→768/k3→32/k1→128/k1→256/k1],0.222681,0.407786,false,,
1,58,0.484710,2825477,8,[64/k1→128/k1→32/k1→64/k3→512/k3→256/k1→256/k3→768/k3],0.232547,0.407786,false,,
1,59,0.509252,2748133,6,[512/k3→256/k1→512/k1→256/k3→512/k3→32/k1],0.155238,0.407786,false,,
1,60,0.419163,10511877,5,[768/k1→1024/k3→512/k1→1024/k1→256/k3],0.320312,0.407786,false,,
1,61,0.504262,967045,6,[64/k3→768/k3→32/k3→128/k3→128/k3→768/k1],0.237110,0.407786,false,,
1,62,0.470568,10479685,10,[64/k3→256/k3→128/k3→1024/k1→256/k1→128/k3→128/k1→1024/k3→1024/k1→768/k3],0.301324,0.407786,false,,
1,63,0.490500,7464869,7,[32/k1→512/k3→512/k3→768/k3→1024/k1→64/k3→512/k1],0.216503,0.407786,false,,
2,0,0.496672,3168261,4,[512/k1→1024/k1→256/k1→1024/k3],0.218867,0.407786,true,champion,36
2,1,0.510446,2281669,7,[768/k3→256/k3→32/k1→64/k1→128/k1→512/k1→512/k1],0.138373,0.407786,false,weights,12
2,2,0.473739,113157,5,[64/k3→128/k3→32/k1→128/k1→128/k1],0.209363,0.407786,false,weights,51
2,3,0.436693,35204229,10,[512/k3→1024/k3→512/k3→1024/k3→1024/k1→64/k3→256/k3→1024/k1→1024/k3→1024/k3],0.329487,0.407786,false,add_layer,37
2,4,0.470890,2703013,6,[32/k3→1024/k3→64/k3→64/k3→1024/k3→128/k3],0.225802,0.407786,false,weights,47
2,5,0.465573,113157,5,[64/k3→128/k3→32/k1→128/k1→128/k1],0.218525,0.407786,false,weights,51
2,6,0.443014,22725,4,[32/k1→64/k1→32/k3→32/k1],0.300219,0.407786,false,weights,13
2,7,0.520602,8929349,9,[768/k3→512/k1→512/k1→32/k1→768/k3→256/k1→256/k3→768/k3→768/k3],0.149363,0.407786,false,add_layer,48
2,8,0.462035,820933,5,[512/k3→32/k1→1024/k1→64/k1→1024/k3],0.223168,0.407786,false,weights,7
2,9,0.524445,16280837,9,[512/k1→768/k3→256/k3→64/k1→768/k1→1024/k1→1024/k3→64/k1→1024/k3],0.153551,0.407786,false,weights,35
2,10,0.478070,5465221,8,[512/k3→256/k3→1024/k3→128/k1→1024/k1→128/k3→64/k3→512/k3],0.262305,0.407786,false,remove_layer,46
2,11,0.440473,572133,3,[512/k1→1024/k1→32/k1],0.290051,0.407786,false,remove_layer,19
2,12,0.507936,13725189,10,[128/k1→32/k3→32/k3→1024/k3→512/k3→1024/k1→768/k3→512/k1→128/k1→512/k3],0.221938,0.407786,false,resize_layer,2
2,13,0.457476,3168261,4,[512/k1→1024/k1→256/k1→1024/k3],0.224265,0.407786,false,weights,36
2,14,0.512850,1174341,6,[768/k3→128/k3→128/k1→32/k1→128/k1→768/k1],0.160801,0.407786,false,weights,50
2,15,0.445447,22725,4,[32/k1→64/k1→32/k3→32/k1],0.297622,0.407786,false,weights,13
2,16,0.503269,14380805,10,[128/k1→32/k3→32/k3→1024/k3→512/k3→1024/k1→768/k3→512/k1→256/k1→512/k3],0.235502,0.407786,false,weights,2
2,17,0.492445,9791365,10,[512/k1→128/k3→768/k3→1024/k3→32/k3→1024/k3→32/k3→128/k3→768/k1→256/k1],0.261801,0.407786,false,resize_layer,45
2,18,0.459450,34153605,9,[512/k3→1024/k3→512/k3→1024/k3→64/k3→256/k3→1024/k1→1024/k3→1024/k3],0.345206,0.407786,false,weights,37
2,19,0.472872,2422021,5,[256/k3→256/k3→256/k1→512/k3→1024/k1],0.166635,0.407786,false,weights,33
2,20,0.535834,1971077,6,[1024/k3→128/k3→128/k1→512/k1→768/k1→128/k1],0.135000,0.407786,false,resize_layer,42
2,21,0.518529,5381989,5,[32/k1→128/k1→32/k3→768/k1→768/k3],0.200218,0.407786,false,remove_layer,52
2,22,0.444107,22725,4,[32/k1→64/k1→32/k3→32/k1],0.293692,0.407786,false,weights,13
2,23,0.556376,6618245,8,[768/k3→512/k1→512/k1→32/k1→768/k3→32/k1→768/k3→768/k3],0.126454,0.407786,false,resize_layer,48
2,24,0.517364,2646981,10,[512/k1→128/k3→768/k3→32/k3→32/k3→1024/k3→32/k3→128/k3→768/k1→256/k1],0.197581,0.407786,false,weights,45
2,25,0.476720,3234309,5,[512/k1→1024/k1→256/k1→256/k1→1024/k3],0.190095,0.407786,false,add_layer,36
2,26,0.530442,14564613,6,[256/k1→768/k3→512/k3→768/k1→768/k3→512/k3],0.191414,0.407786,false,weights,31
2,27,0.508958,15431429,11,[128/k1→32/k3→32/k3→1024/k3→512/k3→1024/k1→1024/k1→768/k3→512/k1→256/k1→512/k3],0.246526,0.407786,false,add_layer,2
2,28,0.484465,15428869,9,[128/k1→32/k3→32/k3→1024/k3→512/k3→1024/k1→768/k3→512/k1→512/k3],0.235547,0.407786,false,remove_layer,2
2,29,0.505933,23491205,9,[512/k1→768/k3→256/k3→64/k1→768/k1→1024/k1→1024/k3→768/k1→1024/k3],0.257305,0.407786,false,resize_layer,35
2,30,0.492242,4804933,6,[64/k3→64/k3→32/k1→32/k3→512/k1→1024/k3],0.201818,0.407786,false,add_layer,54
2,31,0.467675,34219653,10,[512/k3→1024/k3→512/k3→1024/k3→64/k3→256/k3→256/k1→1024/k1→1024/k3→1024/k3],0.296786,0.407786,false,add_layer,37
2,32,0.529544,2930757,8,[512/k1→512/k3→32/k3→64/k3→64/k1→128/k3→128/k1→256/k3],0.157822,0.407786,false,add_layer,41
2,33,0.512596,10512452,6,[23/k1→768/k1→1024/k3→512/k1→1024/k1→256/k3],0.200241,0.407786,false,add_layer,60
2,34,0.491198,10185477,9,[128/k1→32/k3→32/k3→1024/k3→1024/k1→768/k3→512/k1→256/k1→512/k3],0.228818,0.407786,false,remove_layer,2
2,35,0.435569,1610245,4,[768/k3→128/k3→256/k3→1024/k1],0.248636,0.407786,false,weights,15
2,36,0.507285,8339013,8,[768/k3→512/k1→512/k1→32/k1→768/k3→256/k1→768/k3→768/k3],0.149733,0.407786,false,weights,48
2,37,0.473602,10511877,5,[768/k1→1024/k3→512/k1→1024/k1→256/k3],0.176894,0.407786,false,weights,60
2,38,0.495559,16871173,10,[512/k1→768/k3→256/k3→256/k3→64/k1→768/k1→1024/k1→1024/k3→64/k1→1024/k3],0.197110,0.407786,false,add_layer,35
2,39,0.502297,1174341,6,[768/k3→128/k3→128/k1→32/k1→128/k1→768/k1],0.159490,0.407786,false,weights,50
2,40,0.482023,601925,4,[512/k1→1024/k1→32/k1→768/k1],0.192609,0.407786,false,weights,19
2,41,0.553718,2375237,10,[512/k1→128/k3→768/k3→32/k3→32/k3→1024/k3→32/k3→128/k3→64/k1→256/k1],0.163823,0.407786,false,resize_layer,45
2,42,0.505662,14564613,6,[256/k1→768/k3→512/k3→768/k1→768/k3→512/k3],0.162620,0.407786,false,weights,31
2,43,0.522520,1174341,6,[768/k3→128/k3→128/k1→32/k1→128/k1→768/k1],0.145454,0.407786,false,weights,50
2,44,0.493843,1741189,6,[1024/k3→128/k3→128/k1→256/k1→768/k1→128/k1],0.129682,0.407786,false,weights,42
2,45,0.509068,2753477,7,[1024/k1→32/k3→64/k3→768/k1→128/k3→256/k3→512/k3],0.174789,0.407786,false,resize_layer,49
2,46,0.476292,113157,5,[64/k3→128/k3→32/k1→128/k1→128/k1],0.215328,0.407786,false,weights,51
2,47,0.486462,1174341,6,[768/k3→128/k3→128/k1→32/k1→128/k1→768/k1],0.163957,0.407786,false,weights,50
2,48,0.496018,1097605,4,[512/k1→1024/k1→256/k1→128/k3],0.155072,0.407786,false,resize_layer,36
2,49,0.468160,3168261,4,[512/k1→1024/k1→256/k1→1024/k3],0.230576,0.407786,false,weights,36
2,50,0.494666,8931845,9,[512/k3→512/k3→256/k3→1024/k3→128/k1→1024/k1→128/k3→256/k3→512/k3],0.241301,0.407786,false,resize_layer,46
2,51,0.458262,34157829,10,[512/k3→1024/k3→512/k3→1024/k3→64/k3→64/k1→256/k3→1024/k1→1024/k3→1024/k3],0.291256,0.407786,false,add_layer,37
2,52,0.551455,570437,7,[512/k1→32/k3→64/k3→64/k1→128/k3→128/k1→256/k3],0.140821,0.407786,false,weights,41
2,53,0.529284,9004677,8,[512/k3→512/k3→1024/k3→128/k1→1024/k1→128/k3→64/k3→512/k3],0.185944,0.407786,false,remove_layer,46
2,54,0.566025,570437,7,[512/k1→32/k3→64/k3→64/k1→128/k3→128/k1→256/k3],0.139832,0.407786,false,weights,41
2,55,0.460765,4767941,5,[64/k3→32/k1→32/k3→512/k1→1024/k3],0.240184,0.407786,false,weights,54
2,56,0.492407,1174341,6,[768/k3→128/k3→128/k1→32/k1→128/k1→768/k1],0.170133,0.407786,false,weights,50
2,57,0.515015,2281669,7,[768/k3→256/k3→32/k1→64/k1→128/k1→512/k1→512/k1],0.138455,0.407786,false,weights,12
2,58,0.515662,2161861,7,[1024/k1→32/k3→64/k3→768/k1→128/k3→256/k3→256/k3],0.183100,0.407786,false,weights,49
2,59,0.438559,1610245,4,[768/k3→128/k3→256/k3→1024/k1],0.245061,0.407786,false,weights,15
2,60,0.483693,10511877,5,[768/k1→1024/k3→512/k1→1024/k1→256/k3],0.198445,0.407786,false,weights,60
2,61,0.468684,795845,5,[512/k3→32/k1→768/k1→64/k1→1024/k3],0.211045,0.407786,false,resize_layer,7
2,62,0.515047,14052101,9,[128/k1→32/k3→32/k3→1024/k3→512/k3→1024/k1→768/k3→256/k1→512/k3],0.189519,0.407786,false,remove_layer,2
2,63,0.501361,14564613,6,[256/k1→768/k3→512/k3→768/k1→768/k3→512/k3],0.171218,0.407786,false,weights,31
3,0,0.464901,1610245,4,[768/k3→128/k3→256/k3→1024/k1],0.204349,0.402021,true,champion,35
3,1,0.541181,3824645,6,[512/k1→1024/k1→256/k1→256/k3→256/k1→1024/k3],0.108908,0.402021,false,add_layer,25
3,2,0.402021,591493,3,[128/k3→256/k3→1024/k1],0.328486,0.402021,false,remove_layer,59
3,3,0.523101,34157829,10,[512/k3→1024/k3→512/k3→1024/k3→64/k3→64/k1→256/k3→1024/k1→1024/k3→1024/k3],0.202951,0.402021,false,weights,51
3,4,0.499762,12673541,6,[512/k1→1024/k1→1024/k3→256/k1→256/k1→1024/k3],0.150530,0.402021,false,add_layer,25
3,5,0.422925,1419717,5,[1024/k3→128/k3→32/k1→128/k1→128/k1],0.322876,0.402021,false,resize_layer,46
3,6,0.503368,3168261,4,[512/k1→1024/k1→256/k1→1024/k3],0.154104,0.402021,false,weights,13
3,7,0.541489,2422021,5,[256/k3→256/k3→256/k1→512/k3→1024/k1],0.091261,0.402021,false,weights,19
3,8,0.520589,113157,5,[64/k3→128/k3→32/k1→128/k1→128/k1],0.172229,0.402021,false,weights,46
3,9,0.507117,5465221,8,[512/k3→256/k3→1024/k3→128/k1→1024/k1→128/k3→64/k3→512/k3],0.202249,0.402021,false,weights,10
3,10,0.458325,22725,4,[32/k1→64/k1→32/k3→32/k1],0.280962,0.402021,false,weights,6
3,11,0.509597,795845,5,[512/k3→32/k1→768/k1→64/k1→1024/k3],0.168547,0.402021,false,weights,61
3,12,0.535061,2422021,5,[256/k3→256/k3→256/k1→512/k3→1024/k1],0.091132,0.402021,false,weights,19
3,13,0.565903,1459461,5,[512/k1→1024/k1→256/k1→256/k1→256/k3],0.090904,0.402021,false,resize_layer,25
3,14,0.485471,15821829,6,[768/k1→768/k3→1024/k3→512/k1→1024/k1→256/k3],0.197093,0.402021,false,add_layer,37
3,15,0.519259,113157,5,[64/k3→128/k3→32/k1→128/k1→128/k1],0.172318,0.402021,false,weights,46
3,16,0.481571,33850949,10,[512/k3→1024/k3→512/k3→1024/k3→32/k3→256/k3→256/k1→1024/k1→1024/k3→1024/k3],0.236850,0.402021,false,resize_layer,31
3,17,0.512660,5465221,8,[512/k3→256/k3→1024/k3→128/k1→1024/k1→128/k3→64/k3→512/k3],0.194516,0.402021,false,weights,10
3,18,0.405278,2654725,3,[1024/k1→256/k1→1024/k3],0.338542,0.402021,false,remove_layer,13
3,19,0.533252,3234309,5,[512/k1→1024/k1→256/k1→256/k1→1024/k3],0.103611,0.402021,false,weights,25
3,20,0.521283,113157,5,[64/k3→128/k3→32/k1→128/k1→128/k1],0.172417,0.402021,false,weights,46
3,21,0.462848,23973,4,[32/k1→64/k1→32/k3→64/k1],0.276137,0.402021,false,resize_layer,15
3,22,0.529111,3234309,5,[512/k1→1024/k1→256/k1→256/k1→1024/k3],0.113077,0.402021,false,weights,25
3,23,0.475101,1610245,4,[768/k3→128/k3→256/k3→1024/k1],0.196129,0.402021,false,weights,35
3,24,0.414196,11333,3,[32/k1→32/k3→32/k1],0.399316,0.402021,false,remove_layer,6
3,25,0.433503,2199813,3,[768/k3→256/k3→1024/k1],0.277896,0.402021,false,remove_layer,59
3,26,0.507430,10511877,5,[768/k1→1024/k3→512/k1→1024/k1→256/k3],0.119927,0.402021,false,weights,37
3,27,0.449047,44741,4,[64/k3→32/k1→32/k3→512/k1],0.303441,0.402021,false,remove_layer,55
3,28,0.486271,1610245,4,[768/k3→128/k3→256/k3→1024/k1],0.193915,0.402021,false,weights,35
3,29,0.462309,22725,4,[32/k1→64/k1→32/k3→32/k1],0.277477,0.402021,false,weights,6
3,30,0.482518,572708,4,[23/k1→512/k1→1024/k1→32/k1],0.246486,0.402021,false,add_layer,11
3,31,0.483808,1610245,4,[768/k3→128/k3→256/k3→1024/k1],0.222356,0.402021,false,weights,35
3,32,0.525233,10511877,5,[768/k1→1024/k3→512/k1→1024/k1→256/k3],0.120517,0.402021,false,weights,37
3,33,0.483604,35204229,10,[512/k3→1024/k3→512/k3→1024/k3→1024/k1→64/k3→256/k3→1024/k1→1024/k3→1024/k3],0.236352,0.402021,false,weights,3
3,34,0.502510,581413,4,[512/k1→1024/k1→32/k1→32/k3],0.175986,0.402021,false,add_layer,11
3,35,0.479358,820933,5,[512/k3→32/k1→1024/k1→64/k1→1024/k3],0.183053,0.402021,false,weights,8
3,36,0.542080,2703013,6,[32/k3→1024/k3→64/k3→64/k3→1024/k3→128/k3],0.120295,0.402021,false,weights,4
3,37,0.457648,1330949,3,[512/k1→1024/k1→768/k1],0.214044,0.402021,false,remove_layer,40
3,38,0.493515,3168836,5,[23/k1→512/k1→1024/k1→256/k1→1024/k3],0.222669,0.402021,false,add_layer,49
3,39,0.419094,7234629,4,[512/k3→32/k1→768/k1→1024/k3],0.325252,0.402021,false,remove_layer,61
3,40,0.520707,3234309,5,[512/k1→1024/k1→256/k1→256/k1→1024/k3],0.115484,0.402021,false,weights,25
3,41,0.507001,3168261,4,[512/k1→1024/k1→256/k1→1024/k3],0.181757,0.402021,false,weights,49
3,42,0.510893,113157,5,[64/k3→128/k3→32/k1→128/k1→128/k1],0.170136,0.402021,false,weights,2
3,43,0.535963,260869,6,[64/k3→128/k3→32/k1→128/k1→128/k3→128/k1],0.129693,0.402021,false,add_layer,2
3,44,0.510724,130437,5,[64/k3→128/k3→32/k1→128/k1→256/k1],0.172534,0.402021,false,resize_layer,5
3,45,0.515932,3168261,4,[512/k1→1024/k1→256/k1→1024/k3],0.176734,0.402021,false,weights,49
3,46,0.524652,5465221,8,[512/k3→256/k3→1024/k3→128/k1→1024/k1→128/k3→64/k3→512/k3],0.189682,0.402021,false,weights,10
3,47,0.526041,3012357,6,[256/k3→256/k3→256/k3→256/k1→512/k3→1024/k1],0.097434,0.402021,false,add_layer,19
3,48,0.550774,1097605,4,[512/k1→1024/k1→256/k1→128/k3],0.145193,0.402021,false,resize_layer,49
3,49,0.480836,3168261,4,[512/k1→1024/k1→256/k1→1024/k3],0.170345,0.402021,false,weights,49
3,50,0.497640,4767941,5,[64/k3→32/k1→32/k3→512/k1→1024/k3],0.196146,0.402021,false,weights,55
3,51,0.491815,493189,5,[512/k3→32/k1→1024/k1→32/k1→1024/k3],0.174628,0.402021,false,resize_layer,8
3,52,0.418315,591493,3,[128/k3→256/k3→1024/k1],0.331463,0.402021,false,remove_layer,59
3,53,0.495636,34219653,10,[512/k3→1024/k3→512/k3→1024/k3→64/k3→256/k3→256/k1→1024/k1→1024/k3→1024/k3],0.228708,0.402021,false,weights,31
3,54,0.462946,22725,4,[32/k1→64/k1→32/k3→32/k1],0.276361,0.402021,false,weights,6
3,55,0.541227,2422021,5,[256/k3→256/k3→256/k1→512/k3→1024/k1],0.103963,0.402021,false,weights,19
3,56,0.509037,34219653,10,[512/k3→1024/k3→512/k3→1024/k3→64/k3→256/k3→256/k1→1024/k1→1024/k3→1024/k3],0.223442,0.402021,false,weights,31
3,57,0.423786,29606021,9,[1024/k3→512/k3→1024/k3→64/k3→256/k3→256/k1→1024/k1→1024/k3→1024/k3],0.357838,0.402021,false,remove_layer,31
3,58,0.484598,34157829,10,[512/k3→1024/k3→512/k3→1024/k3→64/k3→64/k1→256/k3→1024/k1→1024/k3→1024/k3],0.240400,0.402021,false,add_layer,18
3,59,0.507734,10511877,5,[768/k1→1024/k3→512/k1→1024/k1→256/k3],0.123696,0.402021,false,weights,37
3,60,0.486630,795845,5,[512/k3→32/k1→768/k1→64/k1→1024/k3],0.172315,0.402021,false,weights,61
3,61,0.539468,2422021,5,[256/k3→256/k3→256/k1→512/k3→1024/k1],0.095064,0.402021,false,weights,19
3,62,0.508553,10511877,5,[768/k1→1024/k3→512/k1→1024/k1→256/k3],0.117917,0.402021,false,weights,37
3,63,0.555911,2156293,5,[256/k3→256/k3→256/k1→512/k3→512/k1],0.060252,0.402021,false,resize_layer,19
4,0,0.423178,591493,3,[128/k3→256/k3→1024/k1],0.277902,0.398191,true,champion,2
4,1,0.534786,1615052,5,[23/k3→768/k3→128/k3→256/k3→1024/k1],0.159733,0.398191,false,add_layer,31
4,2,0.419991,591493,3,[128/k3→256/k3→1024/k1],0.276468,0.398191,false,weights,2
4,3,0.445842,59205,3,[512/k1→32/k1→768/k1],0.293075,0.398191,false,resize_layer,37
4,4,0.450455,1403077,4,[1024/k3→128/k3→32/k1→128/k1],0.282469,0.398191,false,remove_layer,5
4,5,0.530249,1610245,4,[768/k3→128/k3→256/k3→1024/k1],0.153812,0.398191,false,weights,31
4,6,0.531834,32844421,10,[512/k3→768/k3→512/k3→1024/k3→1024/k1→64/k3→256/k3→1024/k1→1024/k3→1024/k3],0.171710,0.398191,false,resize_layer,33
4,7,0.518717,820933,5,[512/k3→32/k1→1024/k1→64/k1→1024/k3],0.135042,0.398191,false,weights,35
4,8,0.475613,22725,4,[32/k1→64/k1→32/k3→32/k1],0.265791,0.398191,false,weights,10
4,9,0.416334,21349,3,[64/k1→32/k3→32/k1],0.387701,0.398191,false,remove_layer,10
4,10,0.464670,2654725,3,[1024/k1→256/k1→1024/k3],0.239071,0.398191,false,weights,18
4,11,0.481115,3245061,4,[1024/k1→256/k1→256/k3→1024/k3],0.221840,0.398191,false,add_layer,18
4,12,0.503591,1610245,4,[768/k3→128/k3→256/k3→1024/k1],0.139127,0.398191,false,weights,31
4,13,0.475459,22725,4,[32/k1→64/k1→32/k3→32/k1],0.264065,0.398191,false,weights,54
4,14,0.427246,591493,3,[128/k3→256/k3→1024/k1],0.271982,0.398191,false,weights,52
4,15,0.532677,2200581,5,[768/k3→128/k3→256/k3→256/k3→1024/k1],0.132631,0.398191,false,add_layer,31
4,16,0.465995,2654725,3,[1024/k1→256/k1→1024/k3],0.253063,0.398191,false,weights,18
4,17,0.450828,2654725,3,[1024/k1→256/k1→1024/k3],0.252442,0.398191,false,weights,18
4,18,0.497184,29408901,8,[1024/k3→512/k3→1024/k3→64/k3→256/k1→1024/k1→1024/k3→1024/k3],0.244305,0.398191,false,remove_layer,57
4,19,0.466521,1330949,3,[512/k1→1024/k1→768/k1],0.198834,0.398191,false,weights,37
4,20,0.525045,15821829,6,[768/k1→768/k3→1024/k3→512/k1→1024/k1→256/k3],0.087805,0.398191,false,weights,14
4,21,0.518774,12607493,5,[512/k1→1024/k1→256/k1→1024/k3→1024/k3],0.191621,0.398191,false,add_layer,49
4,22,0.418804,11333,3,[32/k1→32/k3→32/k1],0.333183,0.398191,false,weights,24
4,23,0.481649,22725,4,[32/k1→64/k1→32/k3→32/k1],0.261097,0.398191,false,weights,54
4,24,0.475691,22725,4,[32/k1→64/k1→32/k3→32/k1],0.266643,0.398191,false,weights,10
4,25,0.512316,35208453,11,[512/k3→1024/k3→512/k3→1024/k3→1024/k1→64/k3→64/k1→256/k3→1024/k1→1024/k3→1024/k3],0.178727,0.398191,false,add_layer,58
4,26,0.478786,23973,4,[32/k1→64/k1→32/k3→64/k1],0.259535,0.398191,false,weights,21
4,27,0.491820,572708,4,[23/k1→512/k1→1024/k1→32/k1],0.197546,0.398191,false,weights,30
4,28,0.477921,22725,4,[32/k1→64/k1→32/k3→32/k1],0.264385,0.398191,false,weights,29
4,29,0.437406,2199813,3,[768/k3→256/k3→1024/k1],0.243341,0.398191,false,weights,25
4,30,0.417544,11333,3,[32/k1→32/k3→32/k1],0.330458,0.398191,false,weights,24
4,31,0.480645,22725,4,[32/k1→64/k1→32/k3→32/k1],0.262400,0.398191,false,weights,10
4,32,0.419272,11333,3,[32/k1→32/k3→32/k1],0.329224,0.398191,false,weights,24
4,33,0.529119,820933,5,[512/k3→32/k1→1024/k1→64/k1→1024/k3],0.136654,0.398191,false,weights,35
4,34,0.483395,23813,5,[32/k1→32/k1→64/k1→32/k3→32/k1],0.260178,0.398191,false,add_layer,29
4,35,0.424754,591493,3,[128/k3→256/k3→1024/k1],0.275840,0.398191,false,weights,52
4,36,0.515577,572708,4,[23/k1→512/k1→1024/k1→32/k1],0.195189,0.398191,false,weights,30
4,37,0.417307,11333,3,[32/k1→32/k3→32/k1],0.332380,0.398191,false,weights,24
4,38,0.505201,1610245,4,[768/k3→128/k3→256/k3→1024/k1],0.156681,0.398191,false,weights,23
4,39,0.530075,33850949,10,[512/k3→1024/k3→512/k3→1024/k3→32/k3→256/k3→256/k1→1024/k1→1024/k3→1024/k3],0.157840,0.398191,false,weights,16
4,40,0.501514,43290181,11,[512/k3→1024/k3→512/k3→1024/k3→32/k3→256/k3→256/k1→1024/k1→1024/k3→1024/k3→1024/k3],0.232597,0.398191,false,add_layer,16
4,41,0.522170,35204229,10,[512/k3→1024/k3→512/k3→1024/k3→1024/k1→64/k3→256/k3→1024/k1→1024/k3→1024/k3],0.151799,0.398191,false,weights,33
4,42,0.513569,1610245,4,[768/k3→128/k3→256/k3→1024/k1],0.142313,0.398191,false,weights,23
4,43,0.475275,44741,4,[64/k3→32/k1→32/k3→512/k1],0.262817,0.398191,false,weights,27
4,44,0.418148,11333,3,[32/k1→32/k3→32/k1],0.332640,0.398191,false,weights,24
4,45,0.451273,2654725,3,[1024/k1→256/k1→1024/k3],0.233915,0.398191,false,weights,18
4,46,0.458270,28124293,9,[512/k3→512/k3→1024/k3→1024/k1→64/k3→256/k3→1024/k1→1024/k3→1024/k3],0.282761,0.398191,false,remove_layer,33
4,47,0.517939,572708,4,[23/k1→512/k1→1024/k1→32/k1],0.201944,0.398191,false,weights,30
4,48,0.510148,33850949,10,[512/k3→1024/k3→512/k3→1024/k3→32/k3→256/k3→256/k1→1024/k1→1024/k3→1024/k3],0.156972,0.398191,false,weights,16
4,49,0.486010,2654725,3,[1024/k1→256/k1→1024/k3],0.250556,0.398191,false,weights,18
4,50,0.521987,35204229,10,[512/k3→1024/k3→512/k3→1024/k3→1024/k1→64/k3→256/k3→1024/k1→1024/k3→1024/k3],0.193622,0.398191,false,weights,33
4,51,0.513254,820933,5,[512/k3→32/k1→1024/k1→64/k1→1024/k3],0.138237,0.398191,false,weights,35
4,52,0.398191,164997,2,[128/k3→1024/k1],0.344537,0.398191,false,remove_layer,52
4,53,0.509242,34157829,10,[512/k3→1024/k3→512/k3→1024/k3→64/k3→64/k1→256/k3→1024/k1→1024/k3→1024/k3],0.164227,0.398191,false,weights,58
4,54,0.451052,2654725,3,[1024/k1→256/k1→1024/k3],0.242919,0.398191,false,weights,18
4,55,0.505604,1610245,4,[768/k3→128/k3→256/k3→1024/k1],0.146502,0.398191,false,weights,0
4,56,0.476328,22725,4,[32/k1→64/k1→32/k3→32/k1],0.265063,0.398191,false,weights,29
4,57,0.417886,21349,3,[64/k1→32/k3→32/k1],0.387748,0.398191,false,remove_layer,54
4,58,0.512890,37564549,11,[512/k3→512/k3→1024/k3→512/k3→1024/k3→1024/k1→64/k3→256/k3→1024/k1→1024/k3→1024/k3],0.235680,0.398191,false,add_layer,33
4,59,0.424433,591493,3,[128/k3→256/k3→1024/k1],0.271760,0.398191,false,weights,52
4,60,0.488256,307909,5,[64/k3→32/k1→32/k3→512/k1→512/k1],0.235472,0.398191,false,add_layer,27
4,61,0.481564,22725,4,[32/k1→64/k1→32/k3→32/k1],0.264894,0.398191,false,weights,10
4,62,0.479722,22725,4,[32/k1→64/k1→32/k3→32/k1],0.263532,0.398191,false,weights,29
4,63,0.499874,1610245,4,[768/k3→128/k3→256/k3→1024/k1],0.141356,0.398191,false,weights,31
5,0,0.421167,164997,2,[128/k3→1024/k1],0.278107,0.396614,true,champion,52
5,1,0.428946,11333,3,[32/k1→32/k3→32/k1],0.319871,0.396614,false,weights,37
5,2,0.411288,323461,2,[128/k3→256/k3],0.309089,0.396614,false,remove_layer,59
5,3,0.445133,544261,2,[512/k1→1024/k1],0.239218,0.396614,false,remove_layer,19
5,4,0.490847,2582789,3,[768/k1→256/k1→1024/k3],0.187060,0.396614,false,resize_layer,16
5,5,0.472132,2654725,3,[1024/k1→256/k1→1024/k3],0.212841,0.396614,false,weights,16
5,6,0.453138,591493,3,[128/k3→256/k3→1024/k1],0.217250,0.396614,false,weights,35
5,7,0.492186,173317,3,[128/k3→64/k3→1024/k1],0.244460,0.396614,false,resize_layer,59
5,8,0.438289,21349,3,[64/k1→32/k3→32/k1],0.305500,0.396614,false,resize_layer,32
5,9,0.396614,322821,2,[256/k3→1024/k1],0.342125,0.396614,false,remove_layer,0
5,10,0.414441,289541,2,[1024/k1→256/k1],0.304788,0.396614,false,remove_layer,17
5,11,0.474340,2654725,3,[1024/k1→256/k1→1024/k3],0.201721,0.396614,false,weights,17
5,12,0.504246,28124293,9,[512/k3→512/k3→1024/k3→1024/k1→64/k3→256/k3→1024/k1→1024/k3→1024/k3],0.195576,0.396614,false,weights,46
5,13,0.428115,11333,3,[32/k1→32/k3→32/k1],0.320514,0.396614,false,weights,44
5,14,0.473437,22879365,8,[512/k3→512/k3→1024/k1→64/k3→256/k3→1024/k1→1024/k3→1024/k3],0.254487,0.396614,false,remove_layer,46
5,15,0.491936,44741,4,[64/k3→32/k1→32/k3→512/k1],0.241503,0.396614,false,weights,43
5,16,0.419386,12093957,4,[1024/k1→256/k1→1024/k3→1024/k3],0.303716,0.396614,false,add_layer,16
5,17,0.403108,51845,3,[64/k3→32/k3→512/k1],0.349797,0.396614,false,remove_layer,43
5,18,0.477018,2654725,3,[1024/k1→256/k1→1024/k3],0.196512,0.396614,false,weights,54
5,19,0.488702,2587077,4,[1024/k3→256/k3→32/k1→128/k1],0.202317,0.396614,false,resize_layer,4
5,20,0.500122,5276677,3,[1024/k1→512/k1→1024/k3],0.208210,0.396614,false,resize_layer,16
5,21,0.414194,323461,2,[128/k3→256/k3],0.310762,0.396614,false,remove_layer,0
5,22,0.483253,2654725,3,[1024/k1→256/k1→1024/k3],0.199795,0.396614,false,weights,17
5,23,0.425710,7941,2,[32/k3→32/k1],0.414828,0.396614,false,remove_layer,22
5,24,0.453762,591493,3,[128/k3→256/k3→1024/k1],0.215410,0.396614,false,weights,2
5,25,0.450830,591493,3,[128/k3→256/k3→1024/k1],0.223579,0.396614,false,weights,35
5,26,0.397093,9469957,2,[1024/k1→1024/k3],0.350584,0.396614,false,remove_layer,17
5,27,0.429957,2053,2,[32/k1→32/k1],0.431069,0.396614,false,remove_layer,37
5,28,0.456994,44613,3,[256/k1→32/k1→768/k1],0.267573,0.396614,false,resize_layer,3
5,29,0.435865,161573,3,[512/k1→32/k3→32/k1],0.305475,0.396614,false,resize_layer,37
5,30,0.443601,103621,3,[128/k3→32/k3→1024/k1],0.284879,0.396614,false,resize_layer,35
5,31,0.455214,591493,3,[128/k3→256/k3→1024/k1],0.223295,0.396614,false,weights,14
5,32,0.428468,11333,3,[32/k1→32/k3→32/k1],0.321073,0.396614,false,weights,37
5,33,0.402290,10245,2,[32/k1→32/k3],0.387754,0.396614,false,remove_layer,30
5,34,0.397469,322821,2,[256/k3→1024/k1],0.341127,0.396614,false,remove_layer,59
5,35,0.438489,21349,3,[64/k1→32/k3→32/k1],0.310560,0.396614,false,weights,9
5,36,0.445523,544261,2,[512/k1→1024/k1],0.239639,0.396614,false,remove_layer,19
5,37,0.478120,1403077,4,[1024/k3→128/k3→32/k1→128/k1],0.198643,0.396614,false,weights,4
5,38,0.428438,11333,3,[32/k1→32/k3→32/k1],0.320710,0.396614,false,weights,37
5,39,0.436656,21349,3,[64/k1→32/k3→32/k1],0.308390,0.396614,false,weights,57
5,40,0.483131,2654725,3,[1024/k1→256/k1→1024/k3],0.200355,0.396614,false,weights,17
5,41,0.430214,11333,3,[32/k1→32/k3→32/k1],0.318971,0.396614,false,weights,32
5,42,0.499977,3250437,4,[768/k3→256/k3→1024/k1→1024/k1],0.211223,0.396614,false,add_layer,29
5,43,0.428828,2053,2,[32/k1→32/k1],0.430678,0.396614,false,remove_layer,30
5,44,0.497778,28124293,9,[512/k3→512/k3→1024/k3→1024/k1→64/k3→256/k3→1024/k1→1024/k3→1024/k3],0.204157,0.396614,false,weights,46
5,45,0.472683,2654725,3,[1024/k1→256/k1→1024/k3],0.205064,0.396614,false,weights,45
5,46,0.481049,2199813,3,[768/k3→256/k3→1024/k1],0.173254,0.396614,false,weights,29
5,47,0.474197,2654725,3,[1024/k1→256/k1→1024/k3],0.230894,0.396614,false,weights,45
5,48,0.429494,11333,3,[32/k1→32/k3→32/k1],0.319834,0.396614,false,weights,37
5,49,0.469119,2654725,3,[1024/k1→256/k1→1024/k3],0.207533,0.396614,false,weights,17
5,50,0.471498,2654725,3,[1024/k1→256/k1→1024/k3],0.197539,0.396614,false,weights,17
5,51,0.474758,1403077,4,[1024/k3→128/k3→32/k1→128/k1],0.196575,0.396614,false,weights,4
5,52,0.451487,591493,3,[128/k3→256/k3→1024/k1],0.227916,0.396614,false,weights,35
5,53,0.433981,11333,3,[32/k1→32/k3→32/k1],0.315445,0.396614,false,weights,37
5,54,0.468305,2654725,3,[1024/k1→256/k1→1024/k3],0.199527,0.396614,false,weights,10
5,55,0.461817,591493,3,[128/k3→256/k3→1024/k1],0.210938,0.396614,false,weights,59
5,56,0.397467,322821,2,[256/k3→1024/k1],0.341127,0.396614,false,remove_layer,59
5,57,0.475542,2654725,3,[1024/k1→256/k1→1024/k3],0.198149,0.396614,false,weights,16
5,58,0.473278,2654725,3,[1024/k1→256/k1→1024/k3],0.199187,0.396614,false,weights,10
5,59,0.411964,411397,2,[512/k1→768/k1],0.305349,0.396614,false,remove_layer,19
5,60,0.445175,21349,3,[64/k1→32/k3→32/k1],0.308214,0.396614,false,weights,9
5,61,0.425365,83461,3,[32/k1→256/k3→32/k1],0.319927,0.396614,false,resize_layer,22
5,62,0.479446,2654725,3,[1024/k1→256/k1→1024/k3],0.190861,0.396614,false,weights,17
5,63,0.472094,1403077,4,[1024/k3→128/k3→32/k1→128/k1],0.204769,0.396614,false,weights,4
6,0,0.429599,322821,2,[256/k3→1024/k1],0.264112,0.396614,true,champion,9
6,1,0.433267,323461,2,[128/k3→256/k3],0.271040,0.396614,false,weights,2
6,2,0.403394,30725,1,[1024/k1],0.375421,0.396614,false,remove_layer,26
6,3,0.439285,323461,2,[128/k3→256/k3],0.280984,0.396614,false,weights,21
6,4,0.457488,92741,4,[32/k1→256/k3→32/k1→32/k3],0.281532,0.396614,false,add_layer,61
6,5,0.443204,51845,3,[64/k3→32/k3→512/k1],0.274440,0.396614,false,weights,17
6,6,0.436076,11333,3,[32/k1→32/k3→32/k1],0.312600,0.396614,false,weights,32
6,7,0.404808,7941,2,[32/k3→32/k1],0.356835,0.396614,false,weights,23
6,8,0.447152,51845,3,[64/k3→32/k3→512/k1],0.269410,0.396614,false,weights,17
6,9,0.421715,322821,2,[256/k3→1024/k1],0.289736,0.396614,false,weights,56
6,10,0.443494,12421,4,[32/k1→32/k3→32/k1→32/k1],0.309800,0.396614,false,add_layer,13
6,11,0.439778,11333,3,[32/k1→32/k3→32/k1],0.306768,0.396614,false,weights,53
6,12,0.404953,29413,2,[512/k1→32/k1],0.367304,0.396614,false,remove_layer,29
6,13,0.433185,330757,3,[32/k1→1024/k3→32/k1],0.310104,0.396614,false,resize_layer,48
6,14,0.443127,9469957,2,[1024/k1→1024/k3],0.255480,0.396614,false,weights,26
6,15,0.430104,164997,2,[128/k3→1024/k1],0.260038,0.396614,false,weights,0
6,16,0.413508,401733,3,[768/k3→32/k3→512/k1],0.309283,0.396614,false,resize_layer,17
6,17,0.433755,7941,2,[32/k3→32/k1],0.419684,0.396614,false,remove_layer,41
6,18,0.404407,10245,2,[32/k1→32/k3],0.349948,0.396614,false,weights,33
6,19,0.434525,164997,2,[128/k3→1024/k1],0.253960,0.396614,false,weights,0
6,20,0.447078,18909189,3,[1024/k1→1024/k3→1024/k3],0.280694,0.396614,false,add_layer,26
6,21,0.431426,164997,2,[128/k3→1024/k1],0.261100,0.396614,false,weights,0
6,22,0.435464,11333,3,[32/k1→32/k3→32/k1],0.312631,0.396614,false,weights,1
6,23,0.501602,13144581,5,[1024/k1→1024/k1→256/k1→1024/k3→1024/k3],0.124035,0.396614,false,add_layer,16
6,24,0.473028,913157,3,[256/k3→256/k3→1024/k1],0.212965,0.396614,false,add_layer,9
6,25,0.403957,2053,2,[32/k1→32/k1],0.376224,0.396614,false,weights,43
6,26,0.442547,11333,3,[32/k1→32/k3→32/k1],0.305059,0.396614,false,weights,53
6,27,0.474185,1340165,3,[1024/k1→1024/k1→256/k1],0.225404,0.396614,false,add_layer,10
6,28,0.420349,322821,2,[256/k3→1024/k1],0.285048,0.396614,false,weights,34
6,29,0.444447,86725,3,[64/k3→64/k3→512/k1],0.257932,0.396614,false,resize_layer,17
6,30,0.439425,330757,3,[32/k1→1024/k3→32/k1],0.321553,0.396614,false,resize_layer,41
6,31,0.420587,9604229,3,[128/k3→1024/k1→1024/k3],0.288240,0.396614,false,add_layer,0
6,32,0.404734,7685,1,[256/k1],0.394414,0.396614,false,remove_layer,10
6,33,0.428622,164997,2,[128/k3→1024/k1],0.261868,0.396614,false,weights,0
6,34,0.405308,54789,1,[256/k3],0.397173,0.396614,false,remove_layer,2
6,35,0.436567,11333,3,[32/k1→32/k3→32/k1],0.312162,0.396614,false,weights,38
6,36,0.432232,164997,2,[128/k3→1024/k1],0.257032,0.396614,false,weights,0
6,37,0.415244,10820,3,[23/k1→32/k1→32/k3],0.381219,0.396614,false,add_layer,33
6,38,0.433091,289541,2,[1024/k1→256/k1],0.265621,0.396614,false,weights,10
6,39,0.438921,11333,3,[32/k1→32/k3→32/k1],0.309818,0.396614,false,weights,38
6,40,0.436706,11333,3,[32/k1→32/k3→32/k1],0.311827,0.396614,false,weights,1
6,41,0.406506,2053,2,[32/k1→32/k1],0.375643,0.396614,false,weights,27
6,42,0.439734,11333,3,[32/k1→32/k3→32/k1],0.308754,0.396614,false,weights,32
6,43,0.425378,2628,3,[23/k1→32/k1→32/k1],0.404760,0.396614,false,add_layer,43
6,44,0.403822,7941,2,[32/k3→32/k1],0.358908,0.396614,false,weights,23
6,45,0.420080,322821,2,[256/k3→1024/k1],0.284206,0.396614,false,weights,34
6,46,0.441750,51845,3,[64/k3→32/k3→512/k1],0.274299,0.396614,false,weights,17
6,47,0.416621,31077,2,[128/k3→32/k1],0.368736,0.396614,false,resize_layer,0
6,48,0.426686,323461,2,[128/k3→256/k3],0.275610,0.396614,false,weights,21
6,49,0.432382,323461,2,[128/k3→256/k3],0.285176,0.396614,false,weights,21
6,50,0.404465,2053,2,[32/k1→32/k1],0.375534,0.396614,false,weights,43
6,51,0.447368,41381,3,[128/k1→32/k3→32/k1],0.293546,0.396614,false,resize_layer,1
6,52,0.444436,12421,4,[32/k1→32/k3→32/k1→32/k1],0.309428,0.396614,false,add_layer,41
6,53,0.420250,322821,2,[256/k3→1024/k1],0.281040,0.396614,false,weights,9
6,54,0.435577,11333,3,[32/k1→32/k3→32/k1],0.312735,0.396614,false,weights,1
6,55,0.436319,11333,3,[32/k1→32/k3→32/k1],0.311047,0.396614,false,weights,1
6,56,0.446407,20069,3,[32/k1→32/k3→256/k1],0.295711,0.396614,false,resize_layer,38
6,57,0.405217,5797,2,[32/k1→128/k1],0.351265,0.396614,false,resize_layer,27
6,58,0.439829,11333,3,[32/k1→32/k3→32/k1],0.310257,0.396614,false,weights,41
6,59,0.437937,11333,3,[32/k1→32/k3→32/k1],0.309164,0.396614,false,weights,53
6,60,0.435262,11333,3,[32/k1→32/k3→32/k1],0.313347,0.396614,false,weights,38
6,61,0.404478,10245,2,[32/k1→32/k3],0.346450,0.396614,false,weights,33
6,62,0.412093,2389733,3,[512/k1→512/k3→32/k1],0.307993,0.396614,false,resize_layer,29
6,63,0.433330,6853,1,[32/k3],0.433726,0.396614,false,remove_layer,33
7,0,0.405724,30725,1,[1024/k1],0.351311,0.396614,true,champion,2
7,1,0.401638,54789,1,[256/k3],0.351687,0.396614,false,weights,34
7,2,0.420542,10820,3,[23/k1→32/k1→32/k3],0.346010,0.396614,false,weights,37
7,3,0.407020,3301,2,[32/k1→64/k1],0.354843,0.396614,false,resize_layer,57
7,4,0.448010,965,1,[32/k1],0.451918,0.396614,false,remove_layer,61
7,5,0.402192,7685,1,[256/k1],0.363008,0.396614,false,remove_layer,32
7,6,0.428554,95877,2,[128/k3→512/k1],0.302614,0.396614,false,resize_layer,47
7,7,0.408814,5797,2,[32/k1→128/k1],0.344803,0.396614,false,weights,57
7,8,0.445937,2389733,3,[512/k1→512/k3→32/k1],0.285604,0.396614,false,weights,62
7,9,0.400997,7685,1,[256/k1],0.365338,0.396614,false,weights,32
7,10,0.411956,5797,2,[32/k1→128/k1],0.341419,0.396614,false,weights,57
7,11,0.446867,388869,3,[256/k3→256/k1→1024/k1],0.230815,0.396614,false,add_layer,9
7,12,0.408959,10245,2,[32/k1→32/k3],0.339834,0.396614,false,weights,18
7,13,0.445017,164997,2,[128/k3→1024/k1],0.234212,0.396614,false,weights,33
7,14,0.407841,7941,2,[32/k3→32/k1],0.348594,0.396614,false,weights,44
7,15,0.402189,7685,1,[256/k1],0.366223,0.396614,false,weights,32
7,16,0.464186,2389733,3,[512/k1→512/k3→32/k1],0.274283,0.396614,false,weights,62
7,17,0.457937,965,1,[32/k1],0.463940,0.396614,false,remove_layer,12
7,18,0.420202,10789,2,[32/k1→256/k1],0.332350,0.396614,false,resize_layer,50
7,19,0.401803,54789,1,[256/k3],0.350786,0.396614,false,weights,34
7,20,0.412066,2053,2,[32/k1→32/k1],0.358105,0.396614,false,weights,50
7,21,0.435556,322821,2,[256/k3→1024/k1],0.252306,0.396614,false,weights,45
7,22,0.438394,323461,2,[128/k3→256/k3],0.251006,0.396614,false,weights,48
7,23,0.419881,10820,3,[23/k1→32/k1→32/k3],0.345013,0.396614,false,weights,37
7,24,0.412078,2053,2,[32/k1→32/k1],0.357669,0.396614,false,weights,50
7,25,0.409059,10245,2,[32/k1→32/k3],0.338776,0.396614,false,weights,61
7,26,0.412046,5797,2,[32/k1→128/k1],0.340539,0.396614,false,weights,57
7,27,0.436446,322821,2,[256/k3→1024/k1],0.255952,0.396614,false,weights,45
7,28,0.408074,5797,2,[32/k1→128/k1],0.345371,0.396614,false,weights,57
7,29,0.411010,645125,2,[256/k3→256/k3],0.297806,0.396614,false,add_layer,34
7,30,0.404993,30725,1,[1024/k1],0.380830,0.396614,false,remove_layer,33
7,31,0.436027,9604229,3,[128/k3→1024/k1→1024/k3],0.244194,0.396614,false,weights,31
7,32,0.441801,322821,2,[256/k3→1024/k1],0.250307,0.396614,false,weights,28
7,33,0.438076,322821,2,[256/k3→1024/k1],0.262098,0.396614,false,weights,28
7,34,0.466335,181637,3,[128/k3→128/k1→1024/k1],0.215314,0.396614,false,add_layer,33
7,35,0.415275,2628,3,[23/k1→32/k1→32/k1],0.365587,0.396614,false,weights,43
7,36,0.439428,323461,2,[128/k3→256/k3],0.249370,0.396614,false,weights,48
7,37,0.400459,54789,1,[256/k3],0.353679,0.396614,false,weights,34
7,38,0.403287,7685,1,[256/k1],0.366828,0.396614,false,weights,32
7,39,0.434904,965,1,[32/k1],0.439029,0.396614,false,remove_layer,47
7,40,0.439930,323461,2,[128/k3→256/k3],0.249167,0.396614,false,weights,48
7,41,0.399711,164357,1,[768/k3],0.356236,0.396614,false,resize_layer,34
7,42,0.439863,2389733,3,[512/k1→512/k3→32/k1],0.274898,0.396614,false,weights,62
7,43,0.430987,322821,2,[256/k3→1024/k1],0.255759,0.396614,false,weights,53
7,44,0.419028,9604229,3,[128/k3→1024/k1→1024/k3],0.293988,0.396614,false,add_layer,33
7,45,0.444132,9604229,3,[128/k3→1024/k1→1024/k3],0.228011,0.396614,false,weights,31
7,46,0.429615,29413,2,[512/k1→32/k1],0.309461,0.396614,false,weights,12
7,47,0.408577,3845,1,[128/k1],0.399759,0.396614,false,remove_layer,57
7,48,0.462647,471173,3,[128/k3→128/k3→256/k3],0.209007,0.396614,false,add_layer,48
7,49,0.412179,2053,2,[32/k1→32/k1],0.358712,0.396614,false,weights,41
7,50,0.444759,164997,2,[128/k3→1024/k1],0.236062,0.396614,false,weights,33
7,51,0.414548,2628,3,[23/k1→32/k1→32/k1],0.365470,0.396614,false,weights,43
7,52,0.396742,123621,2,[512/k3→32/k1],0.374587,0.396614,false,remove_layer,62
7,53,0.410567,5797,2,[32/k1→128/k1],0.340767,0.396614,false,weights,57
7,54,0.413033,2053,2,[32/k1→32/k1],0.359851,0.396614,false,weights,25
7,55,0.454329,29988,3,[23/k1→512/k1→32/k1],0.332931,0.396614,false,add_layer,12
7,56,0.431358,322821,2,[256/k3→1024/k1],0.256738,0.396614,false,weights,53
7,57,0.427558,29413,2,[512/k1→32/k1],0.341583,0.396614,false,weights,12
7,58,0.445320,322821,2,[256/k3→1024/k1],0.254993,0.396614,false,weights,28
7,59,0.436567,322821,2,[256/k3→1024/k1],0.249076,0.396614,false,weights,45
7,60,0.408426,10245,2,[32/k1→32/k3],0.341128,0.396614,false,weights,18
7,61,0.421390,10820,3,[23/k1→32/k1→32/k3],0.373116,0.396614,false,add_layer,18
7,62,0.440550,638469,2,[512/k3→1024/k1],0.264956,0.396614,false,resize_layer,53
7,63,0.427829,120837,2,[256/k3→256/k1],0.284614,0.396614,false,resize_layer,9
8,0,0.421505,123621,2,[512/k3→32/k1],0.297121,0.396557,true,champion,52
8,1,0.428952,645125,2,[256/k3→256/k3],0.262462,0.396557,false,weights,29
8,2,0.404742,30725,1,[1024/k1],0.342695,0.396557,false,weights,0
8,3,0.421680,55364,2,[23/k1→256/k3],0.363695,0.396557,false,add_layer,37
8,4,0.402762,54789,1,[256/k3],0.340445,0.396557,false,weights,19
8,5,0.402814,54789,1,[256/k3],0.341877,0.396557,false,resize_layer,41
8,6,0.411520,6853,1,[32/k3],0.408680,0.396557,false,resize_layer,19
8,7,0.436626,123621,2,[512/k3→32/k1],0.315470,0.396557,false,weights,52
8,8,0.405483,30725,1,[1024/k1],0.341459,0.396557,false,weights,0
8,9,0.413393,10245,2,[32/k1→32/k3],0.334040,0.396557,false,weights,12
8,10,0.401383,54789,1,[256/k3],0.340828,0.396557,false,remove_layer,1
8,11,0.412160,10245,2,[32/k1→32/k3],0.335918,0.396557,false,weights,60
8,12,0.404979,30725,1,[1024/k1],0.343010,0.396557,false,weights,0
8,13,0.408366,12492,2,[23/k3→256/k1],0.356506,0.396557,false,add_layer,38
8,14,0.404441,30725,1,[1024/k1],0.361799,0.396557,false,weights,30
8,15,0.410994,645125,2,[256/k3→256/k3],0.303537,0.396557,false,add_layer,19
8,16,0.412037,5797,2,[32/k1→128/k1],0.340139,0.396557,false,weights,7
8,17,0.401708,7685,1,[256/k1],0.356783,0.396557,false,weights,9
8,18,0.405968,3845,1,[128/k1],0.393341,0.396557,false,resize_layer,0
8,19,0.411833,7941,2,[32/k3→32/k1],0.341986,0.396557,false,weights,14
8,20,0.405277,30725,1,[1024/k1],0.342831,0.396557,false,weights,0
8,21,0.419692,123621,2,[512/k3→32/k1],0.304466,0.396557,false,weights,52
8,22,0.402653,7685,1,[256/k1],0.354559,0.396557,false,weights,5
8,23,0.404132,30725,1,[1024/k1],0.363784,0.396557,false,weights,30
8,24,0.409178,3845,1,[128/k1],0.400110,0.396557,false,remove_layer,26
8,25,0.453139,349317,2,[256/k3→128/k3],0.260760,0.396557,false,resize_layer,29
8,26,0.413574,5797,2,[32/k1→128/k1],0.336242,0.396557,false,weights,53
8,27,0.404254,3845,1,[128/k1],0.375620,0.396557,false,weights,47
8,28,0.413442,5797,2,[32/k1→128/k1],0.335358,0.396557,false,weights,53
8,29,0.404330,3845,1,[128/k1],0.372986,0.396557,false,remove_layer,47
8,30,0.409216,3845,1,[128/k1],0.400827,0.396557,false,remove_layer,10
8,31,0.409216,3845,1,[128/k1],0.400827,0.396557,false,remove_layer,10
8,32,0.412685,5797,2,[32/k1→128/k1],0.338490,0.396557,false,weights,7
8,33,0.411838,6853,1,[32/k3],0.410023,0.396557,false,resize_layer,37
8,34,0.411225,240613,2,[768/k1→32/k3],0.352509,0.396557,false,resize_layer,12
8,35,0.413200,10245,2,[32/k1→32/k3],0.333921,0.396557,false,weights,12
8,36,0.414467,5797,2,[32/k1→128/k1],0.337415,0.396557,false,weights,7
8,37,0.412211,5797,2,[32/k1→128/k1],0.338095,0.396557,false,weights,26
8,38,0.411720,5797,2,[32/k1→128/k1],0.339788,0.396557,false,weights,7
8,39,0.401047,54789,1,[256/k3],0.342557,0.396557,false,weights,1
8,40,0.399891,164357,1,[768/k3],0.344838,0.396557,false,weights,41
8,41,0.396557,9469957,2,[1024/k1→1024/k3],0.374770,0.396557,false,add_layer,30
8,42,0.430364,124709,3,[512/k3→32/k1→32/k1],0.294226,0.396557,false,add_layer,52
8,43,0.401379,164357,1,[768/k3],0.342748,0.396557,false,weights,41
8,44,0.417002,160485,2,[512/k1→32/k3],0.339279,0.396557,false,resize_layer,12
8,45,0.400052,164357,1,[768/k3],0.346679,0.396557,false,weights,41
8,46,0.401384,54789,1,[256/k3],0.340828,0.396557,false,remove_layer,1
8,47,0.413688,11333,3,[32/k1→32/k3→32/k1],0.334675,0.396557,false,add_layer,20
8,48,0.413100,7941,2,[32/k3→32/k1],0.340320,0.396557,false,weights,14
8,49,0.411851,7941,2,[32/k3→32/k1],0.341218,0.396557,false,weights,14
8,50,0.409215,3845,1,[128/k1],0.400827,0.396557,false,remove_layer,10
8,51,0.399998,54789,1,[256/k3],0.384475,0.396557,false,remove_layer,29
8,52,0.401446,164357,1,[768/k3],0.342087,0.396557,false,resize_layer,19
8,53,0.422367,55364,2,[23/k1→256/k3],0.373442,0.396557,false,add_layer,1
8,54,0.437217,638469,2,[512/k3→1024/k1],0.313856,0.396557,false,resize_layer,52
8,55,0.419669,2053,2,[32/k1→32/k1],0.350675,0.396557,false,weights,20
8,56,0.402204,7685,1,[256/k1],0.354590,0.396557,false,weights,5
8,57,0.401604,7685,1,[256/k1],0.357052,0.396557,false,weights,38
8,58,0.401282,7685,1,[256/k1],0.354971,0.396557,false,weights,9
8,59,0.407852,3845,1,[128/k1],0.399974,0.396557,false,remove_layer,53
8,60,0.402536,7685,1,[256/k1],0.354736,0.396557,false,weights,5
8,61,0.400724,164357,1,[768/k3],0.345188,0.396557,false,weights,41
8,62,0.400786,164357,1,[768/k3],0.348231,0.396557,false,weights,41
8,63,0.412456,10245,2,[32/k1→32/k3],0.335778,0.396557,false,weights,60
9,0,0.442192,9469957,2,[1024/k1→1024/k3],0.250573,0.395408,true,champion,41
9,1,0.401118,164357,1,[768/k3],0.337256,0.395408,false,weights,40
9,2,0.403713,7685,1,[256/k1],0.344880,0.395408,false,remove_layer,58
9,3,0.405221,30725,1,[1024/k1],0.337216,0.395408,false,weights,2
9,4,0.405950,3845,1,[128/k1],0.368791,0.395408,false,remove_layer,29
9,5,0.402017,7685,1,[256/k1],0.348796,0.395408,false,weights,58
9,6,0.405971,3845,1,[128/k1],0.365801,0.395408,false,weights,29
9,7,0.401730,164357,1,[768/k3],0.336000,0.395408,false,weights,43
9,8,0.404541,15365,1,[512/k1],0.353589,0.395408,false,resize_layer,2
9,9,0.403819,7685,1,[256/k1],0.348623,0.395408,false,weights,60
9,10,0.419578,151557,2,[128/k1→128/k3],0.336869,0.395408,false,add_layer,27
9,11,0.404288,7685,1,[256/k1],0.346968,0.395408,false,weights,17
9,12,0.404788,54789,1,[256/k3],0.332662,0.395408,false,weights,4
9,13,0.409543,54789,1,[256/k3],0.330235,0.395408,false,remove_layer,10
9,14,0.400838,164357,1,[768/k3],0.341211,0.395408,false,remove_layer,61
9,15,0.400481,164357,1,[768/k3],0.338706,0.395408,false,weights,40
9,16,0.404309,54789,1,[256/k3],0.333065,0.395408,false,weights,4
9,17,0.401429,164357,1,[768/k3],0.338303,0.395408,false,weights,43
9,18,0.405427,7685,1,[256/k1],0.344533,0.395408,false,remove_layer,56
9,19,0.401196,54789,1,[256/k3],0.353449,0.395408,false,weights,51
9,20,0.401096,164357,1,[768/k3],0.338785,0.395408,false,weights,40
9,21,0.405524,30725,1,[1024/k1],0.353607,0.395408,false,weights,23
9,22,0.411204,59596,2,[23/k3→256/k3],0.348309,0.395408,false,add_layer,5
9,23,0.404994,54789,1,[256/k3],0.327910,0.395408,false,remove_layer,39
9,24,0.403554,54789,1,[256/k3],0.332449,0.395408,false,weights,46
9,25,0.404343,219141,1,[1024/k3],0.333242,0.395408,false,resize_layer,39
9,26,0.404857,15365,1,[512/k1],0.345327,0.395408,false,resize_layer,60
9,27,0.402554,7685,1,[256/k1],0.348225,0.395408,false,weights,58
9,28,0.402439,7685,1,[256/k1],0.350821,0.395408,false,weights,57
9,29,0.403090,54789,1,[256/k3],0.334955,0.395408,false,weights,10
9,30,0.403537,7685,1,[256/k1],0.349099,0.395408,false,weights,60
9,31,0.405786,30725,1,[1024/k1],0.335912,0.395408,false,weights,2
9,32,0.402990,54789,1,[256/k3],0.333709,0.395408,false,weights,39
9,33,0.403532,54789,1,[256/k3],0.334595,0.395408,false,remove_layer,5
9,34,0.405848,30725,1,[1024/k1],0.336826,0.395408,false,weights,2
9,35,0.403124,54789,1,[256/k3],0.335119,0.395408,false,weights,5
9,36,0.401217,164357,1,[768/k3],0.338340,0.395408,false,weights,61
9,37,0.403530,54789,1,[256/k3],0.334595,0.395408,false,remove_layer,5
9,38,0.404379,7685,1,[256/k1],0.346906,0.395408,false,weights,60
9,39,0.402786,54789,1,[256/k3],0.335302,0.395408,false,weights,46
9,40,0.395408,9469957,2,[1024/k1→1024/k3],0.365761,0.395408,false,add_layer,2
9,41,0.418966,755717,2,[768/k3→768/k1],0.301632,0.395408,false,add_layer,62
9,42,0.411397,755717,2,[768/k3→768/k1],0.299048,0.395408,false,add_layer,61
9,43,0.404814,164357,1,[768/k3],0.332069,0.395408,false,resize_layer,4
9,44,0.400169,164357,1,[768/k3],0.340533,0.395408,false,remove_layer,40
9,45,0.416099,6853,1,[32/k3],0.413326,0.395408,false,resize_layer,51
9,46,0.402933,7685,1,[256/k1],0.349268,0.395408,false,weights,17
9,47,0.414291,55364,2,[23/k1→256/k3],0.357553,0.395408,false,add_layer,51
9,48,0.403394,7685,1,[256/k1],0.349365,0.395408,false,weights,22
9,49,0.419913,151557,2,[128/k1→128/k3],0.307064,0.395408,false,add_layer,27
9,50,0.425703,9469957,2,[1024/k1→1024/k3],0.274996,0.395408,false,weights,41
9,51,0.431337,9469957,2,[1024/k1→1024/k3],0.269571,0.395408,false,weights,41
9,52,0.404594,164357,1,[768/k3],0.331768,0.395408,false,resize_layer,4
9,53,0.428958,31300,2,[23/k1→1024/k1],0.372757,0.395408,false,add_layer,14
9,54,0.400663,164357,1,[768/k3],0.339023,0.395408,false,weights,45
9,55,0.405322,30725,1,[1024/k1],0.354349,0.395408,false,weights,23
9,56,0.401392,164357,1,[768/k3],0.338419,0.395408,false,remove_layer,43
9,57,0.399589,54789,1,[256/k3],0.354560,0.395408,false,weights,51
9,58,0.403446,54789,1,[256/k3],0.334655,0.395408,false,weights,5
9,59,0.426063,55364,2,[23/k1→256/k3],0.365779,0.395408,false,add_layer,10
9,60,0.400345,54789,1,[256/k3],0.355011,0.395408,false,weights,51
9,61,0.403666,7685,1,[256/k1],0.350137,0.395408,false,weights,60
9,62,0.401200,164357,1,[768/k3],0.338730,0.395408,false,weights,62
9,63,0.404269,3845,1,[128/k1],0.369324,0.395408,false,remove_layer,27
10,0,0.499228,9469957,2,[1024/k1→1024/k3],0.306684,0.395408,true,champion,40
10,1,0.405536,164357,1,[768/k3],0.324903,0.395408,false,resize_layer,39
10,2,0.399302,54789,1,[256/k3],0.346113,0.395408,false,weights,57
10,3,0.399261,27397,1,[128/k3],0.353398,0.395408,false,resize_layer,35
10,4,0.400134,164357,1,[768/k3],0.346758,0.395408,false,resize_layer,57
10,5,0.413684,59596,2,[23/k3→256/k3],0.356101,0.395408,false,add_layer,39
10,6,0.416791,7104261,2,[768/k1→1024/k3],0.285718,0.395408,false,resize_layer,40
10,7,0.399484,13701,1,[64/k3],0.384504,0.395408,false,resize_layer,56
10,8,0.403638,54789,1,[256/k3],0.329748,0.395408,false,weights,39
10,9,0.397246,5474309,2,[768/k3→768/k3],0.333903,0.395408,false,add_layer,56
10,10,0.405160,7685,1,[256/k1],0.343081,0.395408,false,weights,48
10,11,0.405458,7685,1,[256/k1],0.343130,0.395408,false,weights,48
10,12,0.402408,164357,1,[768/k3],0.330150,0.395408,false,weights,36
10,13,0.403729,164357,1,[768/k3],0.332861,0.395408,false,weights,44
10,14,0.405490,7685,1,[256/k1],0.343080,0.395408,false,weights,46
10,15,0.451641,18909189,3,[1024/k1→1024/k3→1024/k3],0.323859,0.395408,false,add_layer,40
10,16,0.402331,164357,1,[768/k3],0.332436,0.395408,false,weights,20
10,17,0.401903,164357,1,[768/k3],0.332132,0.395408,false,weights,17
10,18,0.401631,164357,1,[768/k3],0.331273,0.395408,false,weights,56
10,19,0.410283,169164,2,[23/k3→768/k3],0.350750,0.395408,false,add_layer,20
10,20,0.401295,164357,1,[768/k3],0.333271,0.395408,false,weights,15
10,21,0.396479,5474309,2,[768/k3→768/k3],0.330458,0.395408,false,add_layer,15
10,22,0.399994,54789,1,[256/k3],0.345847,0.395408,false,weights,60
10,23,0.402509,164357,1,[768/k3],0.329254,0.395408,false,weights,7
10,24,0.401287,164357,1,[768/k3],0.332280,0.395408,false,weights,15
10,25,0.403582,7685,1,[256/k1],0.343560,0.395408,false,weights,27
10,26,0.421873,9469957,2,[1024/k1→1024/k3],0.268044,0.395408,false,weights,40
10,27,0.404596,7685,1,[256/k1],0.344136,0.395408,false,weights,46
10,28,0.402066,164357,1,[768/k3],0.332751,0.395408,false,weights,56
10,29,0.427682,164932,2,[23/k1→768/k3],0.362074,0.395408,false,add_layer,44
10,30,0.404527,54789,1,[256/k3],0.329403,0.395408,false,weights,29
10,31,0.399590,54789,1,[256/k3],0.347138,0.395408,false,weights,19
10,32,0.401447,164357,1,[768/k3],0.330489,0.395408,false,weights,54
10,33,0.404046,7685,1,[256/k1],0.341932,0.395408,false,remove_layer,5
10,34,0.402333,164357,1,[768/k3],0.330586,0.395408,false,weights,36
10,35,0.404215,54789,1,[256/k3],0.329006,0.395408,false,weights,32
10,36,0.402430,164357,1,[768/k3],0.329640,0.395408,false,weights,7
10,37,0.401824,164357,1,[768/k3],0.329850,0.395408,false,weights,56
10,38,0.400700,164357,1,[768/k3],0.334071,0.395408,false,weights,62
10,39,0.398646,27397,1,[128/k3],0.352618,0.395408,false,resize_layer,32
10,40,0.410476,169164,2,[23/k3→768/k3],0.346855,0.395408,false,add_layer,62
10,41,0.401639,164357,1,[768/k3],0.334126,0.395408,false,weights,62
10,42,0.402450,164357,1,[768/k3],0.330966,0.395408,false,weights,62
10,43,0.402939,3845,1,[128/k1],0.368691,0.395408,false,resize_layer,5
10,44,0.402036,164357,1,[768/k3],0.331260,0.395408,false,weights,56
10,45,0.402393,164357,1,[768/k3],0.330712,0.395408,false,weights,36
10,46,0.404903,219141,1,[1024/k3],0.326092,0.395408,false,resize_layer,39
10,47,0.404304,7685,1,[256/k1],0.342937,0.395408,false,weights,27
10,48,0.405269,54789,1,[256/k3],0.327325,0.395408,false,weights,35
10,49,0.404739,54789,1,[256/k3],0.329946,0.395408,false,weights,35
10,50,0.411152,169164,2,[23/k3→768/k3],0.351221,0.395408,false,add_layer,17
10,51,0.401424,164357,1,[768/k3],0.332718,0.395408,false,weights,20
10,52,0.428578,164357,1,[768/k3],0.335389,0.395408,false,remove_layer,17
10,53,0.405874,164357,1,[768/k3],0.329735,0.395408,false,weights,44
10,54,0.403768,54789,1,[256/k3],0.330562,0.395408,false,weights,39
10,55,0.404936,54789,1,[256/k3],0.328771,0.395408,false,weights,35
10,56,0.427560,164932,2,[23/k1→768/k3],0.372600,0.395408,false,add_layer,36
10,57,0.442970,755717,2,[768/k3→768/k1],0.314688,0.395408,false,add_layer,20
10,58,0.415330,645125,2,[256/k3→256/k3],0.280828,0.395408,false,add_layer,32
10,59,0.401996,164357,1,[768/k3],0.330825,0.395408,false,weights,17
10,60,0.401452,164357,1,[768/k3],0.330057,0.395408,false,weights,20
10,61,0.413115,59596,2,[23/k3→256/k3],0.354442,0.395408,false,add_layer,39
10,62,0.401877,164357,1,[768/k3],0.332222,0.395408,false,weights,36
10,63,0.411680,59596,2,[23/k3→256/k3],0.338244,0.395408,false,add_layer,39
11,0,0.429262,5474309,2,[768/k3→768/k3],0.263886,0.395408,true,champion,21
11,1,0.428287,5474309,2,[768/k3→768/k3],0.281762,0.395408,false,weights,21
11,2,0.403305,27397,1,[128/k3],0.342513,0.395408,false,weights,39
11,3,0.399203,54789,1,[256/k3],0.340577,0.395408,false,weights,2
11,4,0.400083,54789,1,[256/k3],0.340848,0.395408,false,weights,31
11,5,0.402484,27397,1,[128/k3],0.341370,0.395408,false,weights,3
11,6,0.403114,164357,1,[768/k3],0.324707,0.395408,false,weights,24
11,7,0.402883,164357,1,[768/k3],0.325627,0.395408,false,weights,28
11,8,0.402665,164357,1,[768/k3],0.326196,0.395408,false,weights,59
11,9,0.402788,164357,1,[768/k3],0.326394,0.395408,false,weights,16
11,10,0.401479,13701,1,[64/k3],0.360641,0.395408,false,weights,7
11,11,0.402520,164357,1,[768/k3],0.322639,0.395408,false,weights,60
11,12,0.401932,13701,1,[64/k3],0.359696,0.395408,false,weights,7
11,13,0.401957,164357,1,[768/k3],0.325849,0.395408,false,weights,51
11,14,0.400075,54789,1,[256/k3],0.341409,0.395408,false,weights,31
11,15,0.439635,5479116,3,[23/k3→768/k3→768/k3],0.293915,0.395408,false,add_layer,21
11,16,0.411220,164357,1,[768/k3],0.319545,0.395408,false,remove_layer,28
11,17,0.403165,27397,1,[128/k3],0.341738,0.395408,false,weights,39
11,18,0.403597,164357,1,[768/k3],0.322084,0.395408,false,weights,37
11,19,0.402534,164357,1,[768/k3],0.325559,0.395408,false,weights,60
11,20,0.403266,164357,1,[768/k3],0.324232,0.395408,false,weights,18
11,21,0.403547,164357,1,[768/k3],0.325925,0.395408,false,weights,17
11,22,0.402442,27397,1,[128/k3],0.342382,0.395408,false,weights,3
11,23,0.406563,164357,1,[768/k3],0.326452,0.395408,false,weights,17
11,24,0.405226,219141,1,[1024/k3],0.318991,0.395408,false,resize_layer,38
11,25,0.399333,54789,1,[256/k3],0.341822,0.395408,false,weights,2
11,26,0.401852,27397,1,[128/k3],0.343888,0.395408,false,weights,3
11,27,0.403705,164357,1,[768/k3],0.323086,0.395408,false,weights,41
11,28,0.402983,164357,1,[768/k3],0.327139,0.395408,false,weights,62
11,29,0.404930,164357,1,[768/k3],0.324937,0.395408,false,weights,59
11,30,0.400961,13701,1,[64/k3],0.361460,0.395408,false,weights,7
11,31,0.399961,54789,1,[256/k3],0.340637,0.395408,false,weights,2
11,32,0.403204,164357,1,[768/k3],0.324147,0.395408,false,weights,17
11,33,0.415229,5474309,2,[768/k3→768/k3],0.274111,0.395408,false,weights,21
11,34,0.404620,54789,1,[256/k3],0.331420,0.395408,false,resize_layer,51
11,35,0.403171,164357,1,[768/k3],0.323583,0.395408,false,weights,44
11,36,0.401798,164357,1,[768/k3],0.324857,0.395408,false,weights,60
11,37,0.399793,164357,1,[768/k3],0.388613,0.395408,false,remove_layer,21
11,38,0.402417,164357,1,[768/k3],0.327686,0.395408,false,weights,38
11,39,0.402825,164357,1,[768/k3],0.326568,0.395408,false,weights,38
11,40,0.406321,164357,1,[768/k3],0.319125,0.395408,false,remove_layer,16
11,41,0.402860,164357,1,[768/k3],0.325996,0.395408,false,weights,18
11,42,0.402406,27397,1,[128/k3],0.342150,0.395408,false,weights,3
11,43,0.402446,164357,1,[768/k3],0.326253,0.395408,false,weights,20
11,44,0.403060,164357,1,[768/k3],0.326003,0.395408,false,weights,16
11,45,0.402804,164357,1,[768/k3],0.324992,0.395408,false,weights,32
11,46,0.399906,54789,1,[256/k3],0.340822,0.395408,false,weights,22
11,47,0.404973,164357,1,[768/k3],0.322805,0.395408,false,weights,60
11,48,0.402723,27397,1,[128/k3],0.342520,0.395408,false,weights,39
11,49,0.400165,54789,1,[256/k3],0.340599,0.395408,false,weights,22
11,50,0.403773,164357,1,[768/k3],0.325580,0.395408,false,weights,28
11,51,0.404720,164357,1,[768/k3],0.327107,0.395408,false,weights,59
11,52,0.401704,54789,1,[256/k3],0.335524,0.395408,false,remove_layer,31
11,53,0.414364,5474309,2,[768/k3→768/k3],0.271463,0.395408,false,weights,9
11,54,0.403032,164357,1,[768/k3],0.325405,0.395408,false,weights,17
11,55,0.402357,164357,1,[768/k3],0.326801,0.395408,false,weights,28
11,56,0.399314,13701,1,[64/k3],0.384514,0.395408,false,resize_layer,41
11,57,0.403819,219141,1,[1024/k3],0.320643,0.395408,false,resize_layer,32
11,58,0.423827,55364,2,[23/k1→256/k3],0.370966,0.395408,false,add_layer,2
11,59,0.410550,59596,2,[23/k3→256/k3],0.339424,0.395408,false,add_layer,2
11,60,0.404127,164357,1,[768/k3],0.322238,0.395408,false,weights,18
11,61,0.402683,164357,1,[768/k3],0.325074,0.395408,false,weights,59
11,62,0.404650,164357,1,[768/k3],0.318549,0.395408,false,remove_layer,59
11,63,0.402508,27397,1,[128/k3],0.342017,0.395408,false,weights,39
12,0,0.404914,54789,1,[256/k3],0.330452,0.395408,true,champion,3
12,1,0.404667,109573,1,[512/k3],0.334806,0.395408,false,resize_layer,63
12,2,0.403514,164357,1,[768/k3],0.318099,0.395408,false,weights,13
12,3,0.402453,164357,1,[768/k3],0.321518,0.395408,false,weights,11
12,4,0.416249,755717,2,[768/k3→768/k1],0.281779,0.395408,false,add_layer,43
12,5,0.404491,27397,1,[128/k3],0.337474,0.395408,false,weights,42
12,6,0.401311,54789,1,[256/k3],0.334053,0.395408,false,weights,14
12,7,0.402587,13701,1,[64/k3],0.356666,0.395408,false,weights,30
12,8,0.407004,164357,1,[768/k3],0.317089,0.395408,false,remove_layer,38
12,9,0.404830,6853,1,[32/k3],0.382023,0.395408,false,resize_layer,10
12,10,0.402118,755717,2,[768/k3→768/k1],0.348146,0.395408,false,add_layer,37
12,11,0.401965,54789,1,[256/k3],0.361650,0.395408,false,resize_layer,37
12,12,0.404373,13701,1,[64/k3],0.353282,0.395408,false,weights,12
12,13,0.403712,219141,1,[1024/k3],0.331392,0.395408,false,resize_layer,14
12,14,0.402974,13701,1,[64/k3],0.355998,0.395408,false,weights,30
12,15,0.400345,54789,1,[256/k3],0.335975,0.395408,false,weights,49
12,16,0.399961,54789,1,[256/k3],0.337265,0.395408,false,weights,25
12,17,0.400431,54789,1,[256/k3],0.336979,0.395408,false,weights,31
12,18,0.415263,169164,2,[23/k3→768/k3],0.351324,0.395408,false,add_layer,11
12,19,0.403117,164357,1,[768/k3],0.320039,0.395408,false,weights,43
12,20,0.401026,54789,1,[256/k3],0.335628,0.395408,false,weights,14
12,21,0.401335,54789,1,[256/k3],0.335503,0.395408,false,weights,4
12,22,0.407568,59596,2,[23/k3→256/k3],0.348563,0.395408,false,add_layer,3
12,23,0.404912,27397,1,[128/k3],0.336472,0.395408,false,weights,63
12,24,0.402327,164357,1,[768/k3],0.322374,0.395408,false,weights,36
12,25,0.398377,164357,1,[768/k3],0.358677,0.395408,false,weights,37
12,26,0.400090,54789,1,[256/k3],0.336417,0.395408,false,weights,46
12,27,0.418983,55364,2,[23/k1→256/k3],0.366118,0.395408,false,add_layer,46
12,28,0.403592,164357,1,[768/k3],0.319009,0.395408,false,weights,55
12,29,0.401134,54789,1,[256/k3],0.334874,0.395408,false,weights,31
12,30,0.396211,5474309,2,[768/k3→768/k3],0.343624,0.395408,false,add_layer,43
12,31,0.401294,54789,1,[256/k3],0.335517,0.395408,false,weights,14
12,32,0.399040,164357,1,[768/k3],0.358484,0.395408,false,weights,37
12,33,0.403621,27397,1,[128/k3],0.338536,0.395408,false,weights,26
12,34,0.410444,59596,2,[23/k3→256/k3],0.342019,0.395408,false,add_layer,49
12,35,0.404574,27397,1,[128/k3],0.336748,0.395408,false,weights,63
12,36,0.402545,13701,1,[64/k3],0.356040,0.395408,false,weights,30
12,37,0.415712,120837,2,[256/k3→256/k1],0.301306,0.395408,false,add_layer,14
12,38,0.400973,54789,1,[256/k3],0.335231,0.395408,false,weights,4
12,39,0.426720,164932,2,[23/k1→768/k3],0.359824,0.395408,false,add_layer,13
12,40,0.403553,109573,1,[512/k3],0.326802,0.395408,false,resize_layer,52
12,41,0.403925,164357,1,[768/k3],0.321223,0.395408,false,weights,38
12,42,0.402035,54789,1,[256/k3],0.330263,0.395408,false,remove_layer,31
12,43,0.399948,54789,1,[256/k3],0.336613,0.395408,false,weights,25
12,44,0.400315,54789,1,[256/k3],0.336723,0.395408,false,weights,49
12,45,0.403208,164357,1,[768/k3],0.320112,0.395408,false,weights,36
12,46,0.415655,164357,1,[768/k3],0.317406,0.395408,false,remove_layer,55
12,47,0.425999,27972,2,[23/k1→128/k3],0.377042,0.395408,false,add_layer,26
12,48,0.400623,54789,1,[256/k3],0.337581,0.395408,false,weights,49
12,49,0.405874,164357,1,[768/k3],0.331500,0.395408,false,resize_layer,14
12,50,0.403814,13701,1,[64/k3],0.354992,0.395408,false,weights,10
12,51,0.414463,169164,2,[23/k3→768/k3],0.342423,0.395408,false,add_layer,43
12,52,0.404776,27397,1,[128/k3],0.337142,0.395408,false,weights,63
12,53,0.400908,54789,1,[256/k3],0.335661,0.395408,false,weights,4
12,54,0.403597,27397,1,[128/k3],0.338969,0.395408,false,weights,26
12,55,0.401020,13701,1,[64/k3],0.359881,0.395408,false,weights,56
12,56,0.404403,164357,1,[768/k3],0.316047,0.395408,false,weights,11
12,57,0.410915,59596,2,[23/k3→256/k3],0.347308,0.395408,false,add_layer,46
12,58,0.401123,54789,1,[256/k3],0.333814,0.395408,false,weights,52
12,59,0.402277,164357,1,[768/k3],0.320858,0.395408,false,weights,11
12,60,0.404869,164357,1,[768/k3],0.313438,0.395408,false,remove_layer,11
12,61,0.419376,55364,2,[23/k1→256/k3],0.367383,0.395408,false,add_layer,49
12,62,0.402987,13701,1,[64/k3],0.355261,0.395408,false,remove_layer,10
12,63,0.401426,54789,1,[256/k3],0.335201,0.395408,false,weights,49
13,0,0.456999,5474309,2,[768/k3→768/k3],0.248819,0.395408,true,champion,30
13,1,0.411724,645125,2,[256/k3→256/k3],0.287552,0.395408,false,add_layer,21
13,2,0.400969,54789,1,[256/k3],0.332893,0.395408,false,weights,31
13,3,0.401551,54789,1,[256/k3],0.331783,0.395408,false,weights,21
13,4,0.399851,13701,1,[64/k3],0.380966,0.395408,false,resize_layer,43
13,5,0.402714,164357,1,[768/k3],0.318095,0.395408,false,weights,59
13,6,0.494733,5474309,2,[768/k3→768/k3],0.283092,0.395408,false,weights,30
13,7,0.404344,6853,1,[32/k3],0.382228,0.395408,false,resize_layer,55
13,8,0.405432,54789,1,[256/k3],0.324490,0.395408,false,remove_layer,6
13,9,0.437479,1347077,3,[768/k3→768/k1→768/k1],0.251917,0.395408,false,add_layer,10
13,10,0.402232,54789,1,[256/k3],0.331273,0.395408,false,weights,53
13,11,0.400968,54789,1,[256/k3],0.332761,0.395408,false,weights,53
13,12,0.402277,54789,1,[256/k3],0.330876,0.395408,false,weights,38
13,13,0.407592,164357,1,[768/k3],0.354204,0.395408,false,weights,25
13,14,0.400149,54789,1,[256/k3],0.353105,0.395408,false,resize_layer,25
13,15,0.403699,54789,1,[256/k3],0.327938,0.395408,false,remove_layer,48
13,16,0.401567,54789,1,[256/k3],0.334164,0.395408,false,weights,48
13,17,0.418737,5474309,2,[768/k3→768/k3],0.265125,0.395408,false,weights,30
13,18,0.409423,59596,2,[23/k3→256/k3],0.347176,0.395408,false,add_layer,48
13,19,0.401478,54789,1,[256/k3],0.331104,0.395408,false,weights,38
13,20,0.427400,55364,2,[23/k1→256/k3],0.375065,0.395408,false,add_layer,44
13,21,0.422903,461125,2,[64/k3→768/k3],0.292818,0.395408,false,resize_layer,30
13,22,0.402406,54789,1,[256/k3],0.330538,0.395408,false,weights,6
13,23,0.431899,7297285,2,[1024/k3→768/k3],0.252759,0.395408,false,resize_layer,30
13,24,0.403605,13701,1,[64/k3],0.354768,0.395408,false,remove_layer,55
13,25,0.403895,164357,1,[768/k3],0.316865,0.395408,false,weights,59
13,26,0.400944,54789,1,[256/k3],0.332222,0.395408,false,weights,15
13,27,0.426703,55364,2,[23/k1→256/k3],0.369070,0.395408,false,add_layer,16
13,28,0.402932,219141,1,[1024/k3],0.328511,0.395408,false,resize_layer,15
13,29,0.401422,54789,1,[256/k3],0.329925,0.395408,false,weights,38
13,30,0.401526,54789,1,[256/k3],0.330780,0.395408,false,weights,21
13,31,0.402880,13701,1,[64/k3],0.355212,0.395408,false,weights,55
13,32,0.426046,55364,2,[23/k1→256/k3],0.356772,0.395408,false,add_layer,20
13,33,0.402059,54789,1,[256/k3],0.330657,0.395408,false,weights,48
13,34,0.418417,50693,2,[64/k3→64/k3],0.306080,0.395408,false,add_layer,55
13,35,0.401227,54789,1,[256/k3],0.331051,0.395408,false,weights,58
13,36,0.401802,54789,1,[256/k3],0.330363,0.395408,false,weights,44
13,37,0.401283,54789,1,[256/k3],0.331352,0.395408,false,weights,43
13,38,0.401870,54789,1,[256/k3],0.330006,0.395408,false,weights,58
13,39,0.408481,109573,1,[512/k3],0.327527,0.395408,false,resize_layer,38
13,40,0.401736,54789,1,[256/k3],0.332068,0.395408,false,weights,48
13,41,0.398897,164357,1,[768/k3],0.346507,0.395408,false,weights,32
13,42,0.448784,756292,3,[23/k1→768/k3→768/k1],0.314441,0.395408,false,add_layer,10
13,43,0.401659,54789,1,[256/k3],0.331330,0.395408,false,weights,53
13,44,0.401543,54789,1,[256/k3],0.329185,0.395408,false,weights,38
13,45,0.401635,54789,1,[256/k3],0.334221,0.395408,false,weights,48
13,46,0.430938,3703045,2,[768/k3→512/k3],0.262314,0.395408,false,resize_layer,30
13,47,0.402879,164357,1,[768/k3],0.317231,0.395408,false,weights,59
13,48,0.402676,54789,1,[256/k3],0.327343,0.395408,false,remove_layer,43
13,49,0.401101,54789,1,[256/k3],0.331631,0.395408,false,weights,16
13,50,0.401137,54789,1,[256/k3],0.333975,0.395408,false,weights,15
13,51,0.411733,59596,2,[23/k3→256/k3],0.346400,0.395408,false,add_layer,38
13,52,0.399104,164357,1,[768/k3],0.346244,0.395408,false,weights,32
13,53,0.399987,54789,1,[256/k3],0.351425,0.395408,false,weights,11
13,54,0.402435,54789,1,[256/k3],0.329413,0.395408,false,weights,53
13,55,0.398834,164357,1,[768/k3],0.346919,0.395408,false,weights,25
13,56,0.403672,164357,1,[768/k3],0.317338,0.395408,false,weights,59
13,57,0.402089,54789,1,[256/k3],0.329718,0.395408,false,weights,42
13,58,0.401114,54789,1,[256/k3],0.331212,0.395408,false,weights,26
13,59,0.401029,54789,1,[256/k3],0.333625,0.395408,false,weights,16
13,60,0.407304,645125,2,[256/k3→256/k3],0.297428,0.395408,false,add_layer,15
13,61,0.402161,54789,1,[256/k3],0.329783,0.395408,false,weights,6
13,62,0.403542,13701,1,[64/k3],0.354962,0.395408,false,weights,55
13,63,0.402592,54789,1,[256/k3],0.331647,0.395408,false,weights,31
14,0,0.401511,164357,1,[768/k3],0.328925,0.395408,true,champion,55
14,1,0.406896,54789,1,[256/k3],0.322014,0.395408,false,remove_layer,30
14,2,0.402938,54789,1,[256/k3],0.325119,0.395408,false,remove_layer,50
14,3,0.401717,54789,1,[256/k3],0.329143,0.395408,false,weights,58
14,4,0.403397,109573,1,[512/k3],0.323334,0.395408,false,resize_layer,58
14,5,0.402751,54789,1,[256/k3],0.327242,0.395408,false,weights,2
14,6,0.402698,54789,1,[256/k3],0.327478,0.395408,false,weights,11
14,7,0.402793,54789,1,[256/k3],0.328868,0.395408,false,weights,2
14,8,0.402271,54789,1,[256/k3],0.327089,0.395408,false,weights,19
14,9,0.399457,13701,1,[64/k3],0.380420,0.395408,false,resize_layer,11
14,10,0.402198,54789,1,[256/k3],0.330059,0.395408,false,weights,45
14,11,0.401890,54789,1,[256/k3],0.329486,0.395408,false,weights,40
14,12,0.402859,54789,1,[256/k3],0.328092,0.395408,false,weights,11
14,13,0.401620,54789,1,[256/k3],0.329660,0.395408,false,weights,50
14,14,0.400787,54789,1,[256/k3],0.345185,0.395408,false,weights,14
14,15,0.412609,59596,2,[23/k3→256/k3],0.346895,0.395408,false,add_layer,40
14,16,0.402635,54789,1,[256/k3],0.326249,0.395408,false,weights,44
14,17,0.402933,54789,1,[256/k3],0.324252,0.395408,false,remove_layer,26
14,18,0.402517,54789,1,[256/k3],0.326197,0.395408,false,weights,29
14,19,0.397994,164357,1,[768/k3],0.341936,0.395408,false,weights,41
14,20,0.403195,54789,1,[256/k3],0.326831,0.395408,false,weights,11
14,21,0.398959,13701,1,[64/k3],0.380013,0.395408,false,resize_layer,49
14,22,0.414146,120837,2,[256/k3→256/k1],0.304109,0.395408,false,add_layer,49
14,23,0.399051,164357,1,[768/k3],0.339341,0.395408,false,weights,55
14,24,0.400623,54789,1,[256/k3],0.343779,0.395408,false,remove_layer,53
14,25,0.404183,54789,1,[256/k3],0.322812,0.395408,false,remove_layer,19
14,26,0.399777,164357,1,[768/k3],0.337412,0.395408,false,weights,52
14,27,0.401608,54789,1,[256/k3],0.331276,0.395408,false,weights,50
14,28,0.402029,54789,1,[256/k3],0.328128,0.395408,false,weights,49
14,29,0.404077,54789,1,[256/k3],0.323725,0.395408,false,remove_layer,35
14,30,0.412055,59596,2,[23/k3→256/k3],0.348306,0.395408,false,add_layer,29
14,31,0.413734,59596,2,[23/k3→256/k3],0.342402,0.395408,false,add_layer,11
14,32,0.414396,120837,2,[256/k3→256/k1],0.302265,0.395408,false,add_layer,59
14,33,0.408922,120837,2,[256/k3→256/k1],0.315132,0.395408,false,add_layer,14
14,34,0.416926,55364,2,[23/k1→256/k3],0.360250,0.395408,false,add_layer,14
14,35,0.401979,54789,1,[256/k3],0.328171,0.395408,false,weights,29
14,36,0.402947,54789,1,[256/k3],0.327720,0.395408,false,weights,11
14,37,0.403580,219141,1,[1024/k3],0.325764,0.395408,false,resize_layer,16
14,38,0.411882,645125,2,[256/k3→256/k3],0.287455,0.395408,false,add_layer,45
14,39,0.399677,164357,1,[768/k3],0.340469,0.395408,false,weights,55
14,40,0.399677,164357,1,[768/k3],0.337308,0.395408,false,weights,52
14,41,0.402475,54789,1,[256/k3],0.327421,0.395408,false,weights,40
14,42,0.402784,54789,1,[256/k3],0.328932,0.395408,false,weights,40
14,43,0.402942,54789,1,[256/k3],0.326095,0.395408,false,weights,35
14,44,0.402906,54789,1,[256/k3],0.327644,0.395408,false,weights,30
14,45,0.425990,55364,2,[23/k1→256/k3],0.356768,0.395408,false,add_layer,44
14,46,0.401752,54789,1,[256/k3],0.329159,0.395408,false,weights,37
14,47,0.401118,54789,1,[256/k3],0.329997,0.395408,false,weights,59
14,48,0.400394,13701,1,[64/k3],0.362474,0.395408,false,weights,4
14,49,0.401195,54789,1,[256/k3],0.330700,0.395408,false,weights,50
14,50,0.400694,164357,1,[768/k3],0.338213,0.395408,false,weights,52
14,51,0.416914,120837,2,[256/k3→256/k1],0.296897,0.395408,false,add_layer,29
14,52,0.413325,6853,1,[32/k3],0.410134,0.395408,false,resize_layer,3
14,53,0.400509,13701,1,[64/k3],0.360237,0.395408,false,weights,4
14,54,0.410032,645125,2,[256/k3→256/k3],0.283592,0.395408,false,add_layer,35
14,55,0.406144,54789,1,[256/k3],0.327314,0.395408,false,weights,59
14,56,0.401732,54789,1,[256/k3],0.327477,0.395408,false,weights,44
14,57,0.399985,164357,1,[768/k3],0.338584,0.395408,false,weights,41
14,58,0.403986,54789,1,[256/k3],0.325125,0.395408,false,remove_layer,59
14,59,0.422747,55364,2,[23/k1→256/k3],0.366785,0.395408,false,add_layer,16
14,60,0.399183,164357,1,[768/k3],0.340220,0.395408,false,weights,55
14,61,0.399783,164357,1,[768/k3],0.338862,0.395408,false,weights,52
14,62,0.401957,54789,1,[256/k3],0.330706,0.395408,false,weights,50
14,63,0.401787,54789,1,[256/k3],0.330000,0.395408,false,weights,2
15,0,0.399845,164357,1,[768/k3],0.328769,0.395177,true,champion,19
15,1,0.398773,164357,1,[768/k3],0.333817,0.395177,false,weights,40
15,2,0.400211,164357,1,[768/k3],0.334181,0.395177,false,weights,40
15,3,0.399727,54789,1,[256/k3],0.339929,0.395177,false,weights,14
15,4,0.402298,54789,1,[256/k3],0.326839,0.395177,false,weights,27
15,5,0.402252,54789,1,[256/k3],0.324988,0.395177,false,weights,56
15,6,0.400600,164357,1,[768/k3],0.326773,0.395177,false,weights,0
15,7,0.399230,164357,1,[768/k3],0.334898,0.395177,false,weights,26
15,8,0.403959,54789,1,[256/k3],0.325038,0.395177,false,weights,49
15,9,0.403236,54789,1,[256/k3],0.324638,0.395177,false,weights,47
15,10,0.399737,164357,1,[768/k3],0.331481,0.395177,false,weights,57
15,11,0.403704,54789,1,[256/k3],0.325128,0.395177,false,weights,46
15,12,0.403032,54789,1,[256/k3],0.324902,0.395177,false,remove_layer,49
15,13,0.412645,6853,1,[32/k3],0.409382,0.395177,false,resize_layer,56
15,14,0.399308,54789,1,[256/k3],0.339821,0.395177,false,weights,14
15,15,0.402268,164357,1,[768/k3],0.327315,0.395177,false,remove_layer,39
15,16,0.400278,13701,1,[64/k3],0.358876,0.395177,false,weights,9
15,17,0.402608,54789,1,[256/k3],0.325143,0.395177,false,weights,56
15,18,0.402395,54789,1,[256/k3],0.325652,0.395177,false,weights,3
15,19,0.402193,6853,1,[32/k3],0.387658,0.395177,false,resize_layer,48
15,20,0.400246,54789,1,[256/k3],0.336461,0.395177,false,weights,24
15,21,0.400583,164357,1,[768/k3],0.333074,0.395177,false,weights,61
15,22,0.399843,164357,1,[768/k3],0.328769,0.395177,false,remove_layer,19
15,23,0.403514,54789,1,[256/k3],0.323815,0.395177,false,weights,13
15,24,0.399186,164357,1,[768/k3],0.333781,0.395177,false,weights,60
15,25,0.403906,54789,1,[256/k3],0.325421,0.395177,false,weights,27
15,26,0.399167,27397,1,[128/k3],0.369290,0.395177,false,resize_layer,60
15,27,0.399267,27397,1,[128/k3],0.367605,0.395177,false,resize_layer,0
15,28,0.411657,120837,2,[256/k3→256/k1],0.305961,0.395177,false,add_layer,24
15,29,0.399478,164357,1,[768/k3],0.333081,0.395177,false,weights,40
15,30,0.415849,120837,2,[256/k3→256/k1],0.296749,0.395177,false,add_layer,13
15,31,0.401212,219141,1,[1024/k3],0.336251,0.395177,false,resize_layer,24
15,32,0.400613,164357,1,[768/k3],0.331058,0.395177,false,weights,26
15,33,0.399127,27397,1,[128/k3],0.369210,0.395177,false,resize_layer,61
15,34,0.399936,164357,1,[768/k3],0.333756,0.395177,false,weights,57
15,35,0.420765,55364,2,[23/k1→256/k3],0.358497,0.395177,false,add_layer,46
15,36,0.400028,27397,1,[128/k3],0.369963,0.395177,false,resize_layer,57
15,37,0.421908,164932,2,[23/k1→768/k3],0.355978,0.395177,false,add_layer,61
15,38,0.400102,54789,1,[256/k3],0.338147,0.395177,false,weights,14
15,39,0.403522,54789,1,[256/k3],0.324622,0.395177,false,weights,63
15,40,0.402104,13701,1,[64/k3],0.356564,0.395177,false,remove_layer,53
15,41,0.403026,54789,1,[256/k3],0.324902,0.395177,false,remove_layer,49
15,42,0.399486,164357,1,[768/k3],0.333776,0.395177,false,weights,23
15,43,0.401206,13701,1,[64/k3],0.358028,0.395177,false,remove_layer,9
15,44,0.403030,54789,1,[256/k3],0.324901,0.395177,false,remove_layer,49
15,45,0.399752,164357,1,[768/k3],0.333132,0.395177,false,weights,19
15,46,0.402677,164357,1,[768/k3],0.327402,0.395177,false,remove_layer,39
15,47,0.399797,164357,1,[768/k3],0.333046,0.395177,false,weights,26
15,48,0.423077,50693,2,[64/k3→64/k3],0.303826,0.395177,false,add_layer,53
15,49,0.398582,54789,1,[256/k3],0.339063,0.395177,false,weights,14
15,50,0.408221,169164,2,[23/k3→768/k3],0.335274,0.395177,false,add_layer,60
15,51,0.402962,54789,1,[256/k3],0.324911,0.395177,false,weights,47
15,52,0.402916,54789,1,[256/k3],0.325497,0.395177,false,weights,47
15,53,0.401210,164357,1,[768/k3],0.325885,0.395177,false,remove_layer,40
15,54,0.407219,169164,2,[23/k3→768/k3],0.340071,0.395177,false,add_layer,61
15,55,0.399365,164357,1,[768/k3],0.336752,0.395177,false,weights,19
15,56,0.404078,54789,1,[256/k3],0.322845,0.395177,false,remove_layer,27
15,57,0.402318,164357,1,[768/k3],0.327326,0.395177,false,remove_layer,39
15,58,0.402585,54789,1,[256/k3],0.325047,0.395177,false,weights,3
15,59,0.402624,54789,1,[256/k3],0.324943,0.395177,false,weights,3
15,60,0.402434,54789,1,[256/k3],0.325080,0.395177,false,weights,56
15,61,0.402416,54789,1,[256/k3],0.326380,0.395177,false,weights,3
15,62,0.400627,164357,1,[768/k3],0.331208,0.395177,false,weights,26
15,63,0.395177,5474309,2,[768/k3→768/k3],0.350455,0.395177,false,add_layer,57
16,0,0.441911,5474309,2,[768/k3→768/k3],0.253263,0.395177,true,champion,63
16,1,0.401657,54789,1,[256/k3],0.330040,0.395177,false,remove_layer,3
16,2,0.400734,164357,1,[768/k3],0.327526,0.395177,false,weights,45
16,3,0.400942,164357,1,[768/k3],0.328581,0.395177,false,weights,2
16,4,0.400373,164357,1,[768/k3],0.327655,0.395177,false,weights,34
16,5,0.400333,109573,1,[512/k3],0.332590,0.395177,false,resize_layer,2
16,6,0.399796,54789,1,[256/k3],0.334654,0.395177,false,weights,38
16,7,0.401818,164357,1,[768/k3],0.325577,0.395177,false,weights,2
16,8,0.404325,645125,2,[256/k3→256/k3],0.300986,0.395177,false,add_layer,14
16,9,0.411232,120837,2,[256/k3→256/k1],0.305090,0.395177,false,add_layer,38
16,10,0.400918,27397,1,[128/k3],0.352680,0.395177,false,weights,26
16,11,0.401194,54789,1,[256/k3],0.328217,0.395177,false,remove_layer,49
16,12,0.402255,27397,1,[128/k3],0.350234,0.395177,false,weights,36
16,13,0.416145,175109,2,[128/k3→128/k3],0.291738,0.395177,false,add_layer,26
16,14,0.401986,109573,1,[512/k3],0.329720,0.395177,false,resize_layer,14
16,15,0.402399,13701,1,[64/k3],0.353578,0.395177,false,weights,16
16,16,0.402186,164357,1,[768/k3],0.319786,0.395177,false,remove_layer,34
16,17,0.409294,169164,2,[23/k3→768/k3],0.337595,0.395177,false,add_layer,29
16,18,0.400659,164357,1,[768/k3],0.328558,0.395177,false,weights,2
16,19,0.408493,164357,1,[768/k3],0.320053,0.395177,false,remove_layer,24
16,20,0.399728,164357,1,[768/k3],0.326449,0.395177,false,weights,0
16,21,0.401095,32204,2,[23/k3→128/k3],0.352174,0.395177,false,add_layer,26
16,22,0.400842,54789,1,[256/k3],0.333606,0.395177,false,weights,38
16,23,0.402082,13701,1,[64/k3],0.354601,0.395177,false,remove_layer,16
16,24,0.401842,164357,1,[768/k3],0.319950,0.395177,false,remove_layer,10
16,25,0.400582,164357,1,[768/k3],0.329113,0.395177,false,weights,29
16,26,0.404359,164357,1,[768/k3],0.319589,0.395177,false,remove_layer,45
16,27,0.400685,164357,1,[768/k3],0.326409,0.395177,false,weights,47
16,28,0.404289,54789,1,[256/k3],0.351046,0.395177,false,resize_layer,34
16,29,0.400710,164357,1,[768/k3],0.326784,0.395177,false,weights,7
16,30,0.400515,54789,1,[256/k3],0.334640,0.395177,false,weights,3
16,31,0.400577,27397,1,[128/k3],0.351252,0.395177,false,weights,26
16,32,0.401114,13701,1,[64/k3],0.389254,0.395177,false,resize_layer,10
16,33,0.402276,164357,1,[768/k3],0.322295,0.395177,false,remove_layer,29
16,34,0.410301,164357,1,[768/k3],0.319642,0.395177,false,remove_layer,24
16,35,0.400149,164357,1,[768/k3],0.330529,0.395177,false,weights,47
16,36,0.409067,169164,2,[23/k3→768/k3],0.346805,0.395177,false,add_layer,29
16,37,0.399982,54789,1,[256/k3],0.334370,0.395177,false,weights,14
16,38,0.402175,164357,1,[768/k3],0.319790,0.395177,false,remove_layer,34
16,39,0.402598,164357,1,[768/k3],0.321266,0.395177,false,remove_layer,47
16,40,0.399683,164357,1,[768/k3],0.329136,0.395177,false,weights,1
16,41,0.400016,164357,1,[768/k3],0.328326,0.395177,false,weights,10
16,42,0.399577,54789,1,[256/k3],0.336738,0.395177,false,weights,3
16,43,0.402107,13701,1,[64/k3],0.354800,0.395177,false,weights,16
16,44,0.402273,164357,1,[768/k3],0.322295,0.395177,false,remove_layer,29
16,45,0.399371,164357,1,[768/k3],0.327120,0.395177,false,weights,22
16,46,0.408767,59596,2,[23/k3→256/k3],0.344540,0.395177,false,add_layer,38
16,47,0.399903,164357,1,[768/k3],0.331352,0.395177,false,weights,55
16,48,0.401143,164357,1,[768/k3],0.325503,0.395177,false,weights,34
16,49,0.399388,54789,1,[256/k3],0.333945,0.395177,false,weights,49
16,50,0.402603,13701,1,[64/k3],0.353927,0.395177,false,weights,16
16,51,0.400032,27397,1,[128/k3],0.369545,0.395177,false,resize_layer,10
16,52,0.400307,164357,1,[768/k3],0.328572,0.395177,false,weights,47
16,53,0.399295,54789,1,[256/k3],0.335839,0.395177,false,weights,3
16,54,0.401865,27397,1,[128/k3],0.355981,0.395177,false,weights,26
16,55,0.400561,164357,1,[768/k3],0.325515,0.395177,false,weights,22
16,56,0.401836,54789,1,[256/k3],0.328970,0.395177,false,remove_layer,38
16,57,0.401659,54789,1,[256/k3],0.330040,0.395177,false,remove_layer,3
16,58,0.401889,54789,1,[256/k3],0.329487,0.395177,false,remove_layer,14
16,59,0.401180,27397,1,[128/k3],0.350076,0.395177,false,weights,36
16,60,0.400763,164357,1,[768/k3],0.329491,0.395177,false,weights,2
16,61,0.403660,645125,2,[256/k3→256/k3],0.302722,0.395177,false,add_layer,49
16,62,0.400194,54789,1,[256/k3],0.335770,0.395177,false,weights,3
16,63,0.400900,54789,1,[256/k3],0.332344,0.395177,false,weights,20
17,0,0.403116,54789,1,[256/k3],0.327433,0.393803,true,champion,53
17,1,0.401180,164357,1,[768/k3],0.324268,0.393803,false,weights,18
17,2,0.411426,120837,2,[256/k3→256/k1],0.303417,0.393803,false,add_layer,42
17,3,0.403702,164357,1,[768/k3],0.316441,0.393803,false,remove_layer,52
17,4,0.399999,54789,1,[256/k3],0.332045,0.393803,false,weights,42
17,5,0.400576,164357,1,[768/k3],0.323491,0.393803,false,weights,41
17,6,0.412060,120837,2,[256/k3→256/k1],0.301411,0.393803,false,add_layer,6
17,7,0.408517,755717,2,[768/k3→768/k1],0.300021,0.393803,false,add_layer,35
17,8,0.401149,164357,1,[768/k3],0.320183,0.393803,false,weights,45
17,9,0.400862,13701,1,[64/k3],0.388336,0.393803,false,resize_layer,29
17,10,0.400067,54789,1,[256/k3],0.331807,0.393803,false,weights,53
17,11,0.401718,54789,1,[256/k3],0.328308,0.393803,false,remove_layer,42
17,12,0.401816,164357,1,[768/k3],0.322839,0.393803,false,weights,27
17,13,0.400045,54789,1,[256/k3],0.331894,0.393803,false,weights,30
17,14,0.405703,645125,2,[256/k3→256/k3],0.296621,0.393803,false,add_layer,37
17,15,0.399596,54789,1,[256/k3],0.331150,0.393803,false,weights,37
17,16,0.402757,164357,1,[768/k3],0.313591,0.393803,false,remove_layer,20
17,17,0.401096,164357,1,[768/k3],0.322395,0.393803,false,weights,41
17,18,0.430389,164932,2,[23/k1→768/k3],0.369439,0.393803,false,add_layer,52
17,19,0.404329,54789,1,[256/k3],0.325896,0.393803,false,remove_layer,53
17,20,0.394371,5474309,2,[768/k3→768/k3],0.359808,0.393803,false,add_layer,27
17,21,0.403789,219141,1,[1024/k3],0.320846,0.393803,false,resize_layer,5
17,22,0.400919,54789,1,[256/k3],0.329385,0.393803,false,weights,49
17,23,0.400092,54789,1,[256/k3],0.330706,0.393803,false,weights,42
17,24,0.405131,54789,1,[256/k3],0.324278,0.393803,false,remove_layer,37
17,25,0.405181,164357,1,[768/k3],0.317029,0.393803,false,remove_layer,29
17,26,0.425973,164932,2,[23/k1→768/k3],0.363650,0.393803,false,add_layer,52
17,27,0.421677,164932,2,[23/k1→768/k3],0.348491,0.393803,false,add_layer,40
17,28,0.400104,54789,1,[256/k3],0.332392,0.393803,false,weights,42
17,29,0.406646,32204,2,[23/k3→128/k3],0.346768,0.393803,false,add_layer,31
17,30,0.413892,169164,2,[23/k3→768/k3],0.332623,0.393803,false,add_layer,35
17,31,0.401639,164357,1,[768/k3],0.320861,0.393803,false,weights,4
17,32,0.400983,164357,1,[768/k3],0.321137,0.393803,false,weights,45
17,33,0.410600,59596,2,[23/k3→256/k3],0.342830,0.393803,false,add_layer,53
17,34,0.399369,54789,1,[256/k3],0.332073,0.393803,false,weights,30
17,35,0.400949,54789,1,[256/k3],0.330432,0.393803,false,weights,42
17,36,0.401054,164357,1,[768/k3],0.322469,0.393803,false,weights,4
17,37,0.401277,54789,1,[256/k3],0.331650,0.393803,false,weights,62
17,38,0.401765,164357,1,[768/k3],0.323837,0.393803,false,weights,25
17,39,0.399977,164357,1,[768/k3],0.323133,0.393803,false,weights,20
17,40,0.408497,164357,1,[768/k3],0.318886,0.393803,false,remove_layer,4
17,41,0.405324,54789,1,[256/k3],0.326382,0.393803,false,remove_layer,49
17,42,0.402541,27397,1,[128/k3],0.351341,0.393803,false,weights,51
17,43,0.401037,164357,1,[768/k3],0.321530,0.393803,false,weights,45
17,44,0.400394,54789,1,[256/k3],0.330864,0.393803,false,weights,62
17,45,0.400810,109573,1,[512/k3],0.325992,0.393803,false,weights,5
17,46,0.405014,54789,1,[256/k3],0.324801,0.393803,false,remove_layer,49
17,47,0.401809,109573,1,[512/k3],0.325099,0.393803,false,weights,5
17,48,0.412068,169164,2,[23/k3→768/k3],0.336288,0.393803,false,add_layer,2
17,49,0.401245,164357,1,[768/k3],0.324876,0.393803,false,weights,52
17,50,0.402874,54789,1,[256/k3],0.325821,0.393803,false,remove_layer,49
17,51,0.414397,169164,2,[23/k3→768/k3],0.328516,0.393803,false,add_layer,25
17,52,0.401570,27397,1,[128/k3],0.351922,0.393803,false,weights,51
17,53,0.415799,164357,1,[768/k3],0.322678,0.393803,false,remove_layer,47
17,54,0.401903,27397,1,[128/k3],0.351810,0.393803,false,weights,51
17,55,0.393803,5474309,2,[768/k3→768/k3],0.359029,0.393803,false,add_layer,4
17,56,0.399696,54789,1,[256/k3],0.331551,0.393803,false,weights,42
17,57,0.401670,54789,1,[256/k3],0.330015,0.393803,false,weights,53
17,58,0.401877,164357,1,[768/k3],0.318534,0.393803,false,weights,41
17,59,0.400111,54789,1,[256/k3],0.332071,0.393803,false,weights,42
17,60,0.404747,164357,1,[768/k3],0.318283,0.393803,false,remove_layer,40
17,61,0.411493,169164,2,[23/k3→768/k3],0.333491,0.393803,false,add_layer,2
17,62,0.401653,164357,1,[768/k3],0.324545,0.393803,false,weights,25
17,63,0.401301,54789,1,[256/k3],0.331321,0.393803,false,weights,62
18,0,0.428450,5474309,2,[768/k3→768/k3],0.252406,0.393803,true,champion,55
18,1,0.410510,59596,2,[23/k3→256/k3],0.335169,0.393803,false,add_layer,4
18,2,0.429341,1828357,2,[256/k3→768/k3],0.277113,0.393803,false,resize_layer,20
18,3,0.408867,114380,2,[23/k3→512/k3],0.344004,0.393803,false,add_layer,45
18,4,0.441681,5474309,2,[768/k3→768/k3],0.279869,0.393803,false,weights,55
18,5,0.402849,164357,1,[768/k3],0.312754,0.393803,false,remove_layer,5
18,6,0.400086,219141,1,[1024/k3],0.363700,0.393803,false,resize_layer,9
18,7,0.402331,164357,1,[768/k3],0.316370,0.393803,false,weights,32
18,8,0.401599,54789,1,[256/k3],0.327453,0.393803,false,weights,15
18,9,0.400276,54789,1,[256/k3],0.329204,0.393803,false,weights,28
18,10,0.400123,27397,1,[128/k3],0.367047,0.393803,false,resize_layer,43
18,11,0.403067,109573,1,[512/k3],0.322216,0.393803,false,resize_layer,44
18,12,0.401365,54789,1,[256/k3],0.325934,0.393803,false,weights,56
18,13,0.411336,164357,1,[768/k3],0.317517,0.393803,false,weights,1
18,14,0.403534,54789,1,[256/k3],0.322219,0.393803,false,remove_layer,35
18,15,0.434536,164932,2,[23/k1→768/k3],0.370080,0.393803,false,add_layer,8
18,16,0.406216,645125,2,[256/k3→256/k3],0.297258,0.393803,false,add_layer,4
18,17,0.402670,164357,1,[768/k3],0.317383,0.393803,false,weights,17
18,18,0.401925,164357,1,[768/k3],0.319132,0.393803,false,weights,39
18,19,0.407656,645125,2,[256/k3→256/k3],0.294593,0.393803,false,add_layer,28
18,20,0.401210,164357,1,[768/k3],0.318157,0.393803,false,weights,32
18,21,0.394967,5474309,2,[768/k3→768/k3],0.360984,0.393803,false,add_layer,5
18,22,0.491961,5474309,2,[768/k3→768/k3],0.260512,0.393803,false,weights,55
18,23,0.400626,54789,1,[256/k3],0.328000,0.393803,false,weights,56
18,24,0.403415,54789,1,[256/k3],0.322772,0.393803,false,remove_layer,10
18,25,0.401611,13701,1,[64/k3],0.388575,0.393803,false,resize_layer,39
18,26,0.448216,6065669,3,[768/k3→768/k1→768/k3],0.238194,0.393803,false,add_layer,20
18,27,0.401369,54789,1,[256/k3],0.327820,0.393803,false,weights,35
18,28,0.412347,59596,2,[23/k3→256/k3],0.340171,0.393803,false,add_layer,15
18,29,0.402575,54789,1,[256/k3],0.325146,0.393803,false,weights,13
18,30,0.400612,164357,1,[768/k3],0.317860,0.393803,false,weights,8
18,31,0.401814,54789,1,[256/k3],0.326142,0.393803,false,weights,44
18,32,0.402775,164357,1,[768/k3],0.314963,0.393803,false,weights,17
18,33,0.430667,5479116,3,[23/k3→768/k3→768/k3],0.271057,0.393803,false,add_layer,55
18,34,0.402442,164357,1,[768/k3],0.323395,0.393803,false,resize_layer,13
18,35,0.424554,55364,2,[23/k1→256/k3],0.358081,0.393803,false,add_layer,35
18,36,0.400489,54789,1,[256/k3],0.328150,0.393803,false,weights,23
18,37,0.400807,54789,1,[256/k3],0.328209,0.393803,false,weights,34
18,38,0.402349,54789,1,[256/k3],0.324780,0.393803,false,weights,22
18,39,0.401143,54789,1,[256/k3],0.328235,0.393803,false,weights,10
18,40,0.417654,164357,1,[768/k3],0.319022,0.393803,false,remove_layer,32
18,41,0.407045,5474309,2,[768/k3→768/k3],0.316149,0.393803,false,weights,55
18,42,0.401114,54789,1,[256/k3],0.327860,0.393803,false,weights,56
18,43,0.401373,164357,1,[768/k3],0.317182,0.393803,false,weights,43
18,44,0.416654,164357,1,[768/k3],0.321648,0.393803,false,remove_layer,43
18,45,0.401088,54789,1,[256/k3],0.327430,0.393803,false,weights,23
18,46,0.406372,54789,1,[256/k3],0.326677,0.393803,false,weights,59
18,47,0.402028,54789,1,[256/k3],0.325857,0.393803,false,weights,22
18,48,0.402479,54789,1,[256/k3],0.322909,0.393803,false,remove_layer,34
18,49,0.400840,164357,1,[768/k3],0.315907,0.393803,false,weights,39
18,50,0.401383,54789,1,[256/k3],0.326802,0.393803,false,weights,34
18,51,0.400182,164357,1,[768/k3],0.321297,0.393803,false,weights,17
18,52,0.409470,164357,1,[768/k3],0.325454,0.393803,false,resize_layer,4
18,53,0.401671,164357,1,[768/k3],0.318772,0.393803,false,weights,36
18,54,0.401595,109573,1,[512/k3],0.322652,0.393803,false,weights,45
18,55,0.402068,164357,1,[768/k3],0.315914,0.393803,false,weights,43
18,56,0.401518,54789,1,[256/k3],0.327501,0.393803,false,weights,28
18,57,0.401787,54789,1,[256/k3],0.326567,0.393803,false,weights,15
18,58,0.400462,54789,1,[256/k3],0.327412,0.393803,false,weights,23
18,59,0.401074,54789,1,[256/k3],0.328589,0.393803,false,weights,59
18,60,0.401355,13701,1,[64/k3],0.362392,0.393803,false,weights,9
18,61,0.401343,54789,1,[256/k3],0.327712,0.393803,false,weights,4
18,62,0.401943,54789,1,[256/k3],0.325028,0.393803,false,weights,15
18,63,0.401457,54789,1,[256/k3],0.326189,0.393803,false,weights,35
19,0,0.438292,5474309,2,[768/k3→768/k3],0.253733,0.393245,true,champion,21
19,1,0.410152,59596,2,[23/k3→256/k3],0.341843,0.393245,false,add_layer,36
19,2,0.402277,164357,1,[768/k3],0.313021,0.393245,false,weights,51
19,3,0.404317,54789,1,[256/k3],0.319261,0.393245,false,remove_layer,56
19,4,0.403754,164357,1,[768/k3],0.307479,0.393245,false,remove_layer,43
19,5,0.416350,27972,2,[23/k1→128/k3],0.369550,0.393245,false,add_layer,10
19,6,0.425293,55364,2,[23/k1→256/k3],0.352080,0.393245,false,add_layer,39
19,7,0.400852,27397,1,[128/k3],0.349878,0.393245,false,weights,10
19,8,0.402056,13701,1,[64/k3],0.357946,0.393245,false,weights,60
19,9,0.401025,54789,1,[256/k3],0.324673,0.393245,false,weights,23
19,10,0.401003,54789,1,[256/k3],0.324354,0.393245,false,weights,45
19,11,0.402889,54789,1,[256/k3],0.322939,0.393245,false,weights,50
19,12,0.421859,55364,2,[23/k1→256/k3],0.360911,0.393245,false,add_layer,56
19,13,0.399066,27397,1,[128/k3],0.348023,0.393245,false,resize_layer,59
19,14,0.402451,54789,1,[256/k3],0.323368,0.393245,false,weights,50
19,15,0.402261,54789,1,[256/k3],0.324807,0.393245,false,weights,39
19,16,0.414993,5474309,2,[768/k3→768/k3],0.268143,0.393245,false,weights,21
19,17,0.417116,120837,2,[256/k3→256/k1],0.292422,0.393245,false,add_layer,9
19,18,0.415705,120837,2,[256/k3→256/k1],0.296738,0.393245,false,add_layer,37
19,19,0.401781,13701,1,[64/k3],0.358581,0.393245,false,remove_layer,60
19,20,0.402227,54789,1,[256/k3],0.323943,0.393245,false,weights,9
19,21,0.402516,54789,1,[256/k3],0.322699,0.393245,false,weights,27
19,22,0.402798,27397,1,[128/k3],0.346225,0.393245,false,weights,10
19,23,0.403471,54789,1,[256/k3],0.322118,0.393245,false,weights,56
19,24,0.403749,164357,1,[768/k3],0.307478,0.393245,false,remove_layer,43
19,25,0.402079,54789,1,[256/k3],0.324572,0.393245,false,weights,9
19,26,0.401126,54789,1,[256/k3],0.325568,0.393245,false,weights,23
19,27,0.404151,54789,1,[256/k3],0.318088,0.393245,false,remove_layer,12
19,28,0.401872,13701,1,[64/k3],0.357739,0.393245,false,weights,60
19,29,0.416067,120837,2,[256/k3→256/k1],0.295866,0.393245,false,add_layer,37
19,30,0.405742,645125,2,[256/k3→256/k3],0.299547,0.393245,false,add_layer,36
19,31,0.401286,54789,1,[256/k3],0.325882,0.393245,false,weights,59
19,32,0.402338,164357,1,[768/k3],0.315631,0.393245,false,weights,51
19,33,0.401982,54789,1,[256/k3],0.324641,0.393245,false,weights,36
19,34,0.414540,59596,2,[23/k3→256/k3],0.347275,0.393245,false,add_layer,27
19,35,0.419371,6853,1,[32/k3],0.418554,0.393245,false,resize_layer,49
19,36,0.402943,164357,1,[768/k3],0.310386,0.393245,false,weights,49
19,37,0.406884,645125,2,[256/k3→256/k3],0.294180,0.393245,false,add_layer,56
19,38,0.406641,645125,2,[256/k3→256/k3],0.293780,0.393245,false,add_layer,9
19,39,0.402368,54789,1,[256/k3],0.324342,0.393245,false,weights,39
19,40,0.401756,164357,1,[768/k3],0.314673,0.393245,false,weights,20
19,41,0.402883,54789,1,[256/k3],0.323520,0.393245,false,weights,27
19,42,0.398297,27397,1,[128/k3],0.348510,0.393245,false,resize_layer,9
19,43,0.404017,219141,1,[1024/k3],0.319454,0.393245,false,resize_layer,56
19,44,0.402228,164357,1,[768/k3],0.349333,0.393245,false,resize_layer,10
19,45,0.400999,54789,1,[256/k3],0.324451,0.393245,false,weights,12
19,46,0.399916,219141,1,[1024/k3],0.354379,0.393245,false,weights,6
19,47,0.402786,13701,1,[64/k3],0.356620,0.393245,false,weights,60
19,48,0.401435,54789,1,[256/k3],0.325176,0.393245,false,weights,59
19,49,0.417995,120837,2,[256/k3→256/k1],0.293126,0.393245,false,add_layer,12
19,50,0.401990,54789,1,[256/k3],0.325154,0.393245,false,weights,39
19,51,0.402162,54789,1,[256/k3],0.324280,0.393245,false,weights,59
19,52,0.413057,59596,2,[23/k3→256/k3],0.348301,0.393245,false,add_layer,27
19,53,0.400403,54789,1,[256/k3],0.324973,0.393245,false,weights,58
19,54,0.405242,54789,1,[256/k3],0.318113,0.393245,false,remove_layer,50
19,55,0.407849,645125,2,[256/k3→256/k3],0.290775,0.393245,false,add_layer,9
19,56,0.398276,219141,1,[1024/k3],0.355694,0.393245,false,weights,6
19,57,0.401597,27397,1,[128/k3],0.347116,0.393245,false,weights,10
19,58,0.403004,54789,1,[256/k3],0.323068,0.393245,false,weights,50
19,59,0.402073,54789,1,[256/k3],0.324506,0.393245,false,weights,59
19,60,0.398864,219141,1,[1024/k3],0.352303,0.393245,false,weights,6
19,61,0.393245,5474309,2,[768/k3→768/k3],0.351418,0.393245,false,add_layer,51
19,62,0.400985,54789,1,[256/k3],0.323776,0.393245,false,weights,12
19,63,0.402688,164357,1,[768/k3],0.311556,0.393245,false,weights,43
20,0,0.425151,5474309,2,[768/k3→768/k3],0.249038,0.393245,true,champion,61
20,1,0.399926,27397,1,[128/k3],0.339074,0.393245,false,weights,42
20,2,0.403029,27397,1,[128/k3],0.341743,0.393245,false,weights,7
20,3,0.402098,54789,1,[256/k3],0.321092,0.393245,false,weights,9
20,4,0.403704,54789,1,[256/k3],0.319245,0.393245,false,weights,33
20,5,0.402303,54789,1,[256/k3],0.321061,0.393245,false,weights,48
20,6,0.401836,54789,1,[256/k3],0.323099,0.393245,false,weights,50
20,7,0.399884,219141,1,[1024/k3],0.341500,0.393245,false,weights,46
20,8,0.403645,9658373,2,[1024/k3→1024/k3],0.334023,0.393245,false,add_layer,60
20,9,0.404635,54789,1,[256/k3],0.318103,0.393245,false,weights,25
20,10,0.402887,27397,1,[128/k3],0.342393,0.393245,false,weights,57
20,11,0.403879,54789,1,[256/k3],0.319183,0.393245,false,weights,31
20,12,0.402578,13701,1,[64/k3],0.354220,0.393245,false,weights,28
20,13,0.403090,164357,1,[768/k3],0.310082,0.393245,false,weights,40
20,14,0.398859,219141,1,[1024/k3],0.343920,0.393245,false,weights,56
20,15,0.405000,219141,1,[1024/k3],0.304570,0.393245,false,resize_layer,40
20,16,0.418640,120837,2,[256/k3→256/k1],0.291543,0.393245,false,add_layer,25
20,17,0.402559,54789,1,[256/k3],0.321183,0.393245,false,weights,53
20,18,0.402984,27397,1,[128/k3],0.340392,0.393245,false,weights,57
20,19,0.402807,54789,1,[256/k3],0.321281,0.393245,false,weights,33
20,20,0.411724,1269765,2,[1024/k3→1024/k1],0.313873,0.393245,false,add_layer,46
20,21,0.418419,120837,2,[256/k3→256/k1],0.292196,0.393245,false,add_layer,25
20,22,0.402291,27397,1,[128/k3],0.343894,0.393245,false,weights,7
20,23,0.411126,5474309,2,[768/k3→768/k3],0.280233,0.393245,false,weights,61
20,24,0.428376,164932,2,[23/k1→768/k3],0.348345,0.393245,false,add_layer,40
20,25,0.398825,219141,1,[1024/k3],0.346048,0.393245,false,weights,46
20,26,0.399878,219141,1,[1024/k3],0.337266,0.393245,false,remove_layer,56
20,27,0.403365,13701,1,[64/k3],0.353439,0.393245,false,weights,19
20,28,0.405644,32204,2,[23/k3→128/k3],0.354291,0.393245,false,add_layer,57
20,29,0.403401,164357,1,[768/k3],0.309084,0.393245,false,weights,40
20,30,0.401948,54789,1,[256/k3],0.321999,0.393245,false,weights,59
20,31,0.404151,27397,1,[128/k3],0.340819,0.393245,false,remove_layer,57
20,32,0.402805,54789,1,[256/k3],0.321827,0.393245,false,weights,26
20,33,0.401423,54789,1,[256/k3],0.321603,0.393245,false,weights,59
20,34,0.402670,54789,1,[256/k3],0.320248,0.393245,false,weights,62
20,35,0.400294,27397,1,[128/k3],0.338505,0.393245,false,weights,42
20,36,0.402067,54789,1,[256/k3],0.322104,0.393245,false,weights,31
20,37,0.405531,54789,1,[256/k3],0.320872,0.393245,false,remove_layer,25
20,38,0.402663,13701,1,[64/k3],0.353681,0.393245,false,weights,28
20,39,0.410123,645125,2,[256/k3→256/k3],0.286882,0.393245,false,add_layer,26
20,40,0.402336,54789,1,[256/k3],0.320845,0.393245,false,weights,9
20,41,0.403076,13701,1,[64/k3],0.353297,0.393245,false,weights,28
20,42,0.401878,54789,1,[256/k3],0.322434,0.393245,false,weights,31
20,43,0.402730,13701,1,[64/k3],0.354062,0.393245,false,weights,8
20,44,0.402743,13701,1,[64/k3],0.352771,0.393245,false,remove_layer,19
20,45,0.402128,27397,1,[128/k3],0.342646,0.393245,false,weights,57
20,46,0.402087,27397,1,[128/k3],0.342485,0.393245,false,weights,57
20,47,0.403893,54789,1,[256/k3],0.317777,0.393245,false,remove_layer,9
20,48,0.426517,55364,2,[23/k1→256/k3],0.361695,0.393245,false,add_layer,26
20,49,0.403687,54789,1,[256/k3],0.317917,0.393245,false,remove_layer,48
20,50,0.398830,219141,1,[1024/k3],0.344955,0.393245,false,weights,46
20,51,0.404763,54789,1,[256/k3],0.316227,0.393245,false,remove_layer,10
20,52,0.424020,55364,2,[23/k1→256/k3],0.359471,0.393245,false,add_layer,33
20,53,0.413637,6853,1,[32/k3],0.411273,0.393245,false,resize_layer,26
20,54,0.400555,27397,1,[128/k3],0.340031,0.393245,false,weights,13
20,55,0.399493,27397,1,[128/k3],0.340263,0.393245,false,weights,42
20,56,0.439133,175109,2,[128/k3→128/k3],0.278107,0.393245,false,add_layer,42
20,57,0.416485,120837,2,[256/k3→256/k1],0.296466,0.393245,false,add_layer,33
20,58,0.441970,1269765,2,[1024/k3→1024/k1],0.317446,0.393245,false,add_layer,46
20,59,0.402979,54789,1,[256/k3],0.318198,0.393245,false,remove_layer,53
20,60,0.402775,164357,1,[768/k3],0.309896,0.393245,false,weights,40
20,61,0.402314,54789,1,[256/k3],0.322142,0.393245,false,weights,33
20,62,0.402655,54789,1,[256/k3],0.320487,0.393245,false,weights,33
20,63,0.419788,27972,2,[23/k1→128/k3],0.372746,0.393245,false,add_layer,7
21,0,0.400436,219141,1,[1024/k3],0.330722,0.393245,true,champion,25
21,1,0.403228,27397,1,[128/k3],0.332352,0.393245,false,remove_layer,54
21,2,0.420782,120837,2,[256/k3→256/k1],0.287298,0.393245,false,add_layer,42
21,3,0.403373,27397,1,[128/k3],0.338865,0.393245,false,weights,45
21,4,0.398918,219141,1,[1024/k3],0.336108,0.393245,false,weights,14
21,5,0.404202,54789,1,[256/k3],0.335376,0.393245,false,resize_layer,22
21,6,0.401737,27397,1,[128/k3],0.335794,0.393245,false,weights,54
21,7,0.405686,54789,1,[256/k3],0.335448,0.393245,false,resize_layer,46
21,8,0.399150,219141,1,[1024/k3],0.336808,0.393245,false,weights,7
21,9,0.397843,219141,1,[1024/k3],0.338560,0.393245,false,weights,14
21,10,0.401102,27397,1,[128/k3],0.332144,0.393245,false,remove_layer,55
21,11,0.403231,27397,1,[128/k3],0.332352,0.393245,false,remove_layer,54
21,12,0.402180,54789,1,[256/k3],0.319122,0.393245,false,weights,5
21,13,0.402417,54789,1,[256/k3],0.320324,0.393245,false,weights,30
21,14,0.405521,219141,1,[1024/k3],0.316718,0.393245,false,resize_layer,6
21,15,0.404059,109573,1,[512/k3],0.334449,0.393245,false,resize_layer,46
21,16,0.400640,27397,1,[128/k3],0.335490,0.393245,false,weights,55
21,17,0.409309,32204,2,[23/k3→128/k3],0.352960,0.393245,false,add_layer,35
21,18,0.405070,219141,1,[1024/k3],0.314938,0.393245,false,resize_layer,36
21,19,0.401548,27397,1,[128/k3],0.334645,0.393245,false,weights,54
21,20,0.418321,120837,2,[256/k3→256/k1],0.293997,0.393245,false,add_layer,17
21,21,0.404228,54789,1,[256/k3],0.335300,0.393245,false,resize_layer,22
21,22,0.403187,54789,1,[256/k3],0.318119,0.393245,false,weights,42
21,23,0.400442,54789,1,[256/k3],0.345307,0.393245,false,resize_layer,7
21,24,0.402587,54789,1,[256/k3],0.318493,0.393245,false,weights,62
21,25,0.401977,27397,1,[128/k3],0.335931,0.393245,false,weights,54
21,26,0.401628,27397,1,[128/k3],0.333765,0.393245,false,remove_layer,35
21,27,0.403182,54789,1,[256/k3],0.318431,0.393245,false,weights,42
21,28,0.406059,1269765,2,[1024/k3→1024/k1],0.308000,0.393245,false,add_layer,14
21,29,0.404328,54789,1,[256/k3],0.335266,0.393245,false,resize_layer,22
21,30,0.403793,54789,1,[256/k3],0.318653,0.393245,false,weights,61
21,31,0.405816,54789,1,[256/k3],0.313060,0.393245,false,remove_layer,5
21,32,0.403338,54789,1,[256/k3],0.317462,0.393245,false,weights,3
21,33,0.403203,27397,1,[128/k3],0.338855,0.393245,false,weights,45
21,34,0.403141,54789,1,[256/k3],0.317728,0.393245,false,weights,5
21,35,0.403680,54789,1,[256/k3],0.318304,0.393245,false,weights,36
21,36,0.402903,27397,1,[128/k3],0.339111,0.393245,false,weights,45
21,37,0.398933,219141,1,[1024/k3],0.336157,0.393245,false,weights,7
21,38,0.402725,27397,1,[128/k3],0.339462,0.393245,false,weights,45
21,39,0.433870,1269765,2,[1024/k3→1024/k1],0.311375,0.393245,false,add_layer,25
21,40,0.402450,54789,1,[256/k3],0.320314,0.393245,false,weights,6
21,41,0.399248,219141,1,[1024/k3],0.336962,0.393245,false,weights,7
21,42,0.399087,27397,1,[128/k3],0.344581,0.393245,false,resize_layer,3
21,43,0.399211,219141,1,[1024/k3],0.337222,0.393245,false,weights,7
21,44,0.404416,13701,1,[64/k3],0.349643,0.393245,false,remove_layer,12
21,45,0.404144,54789,1,[256/k3],0.316022,0.393245,false,remove_layer,42
21,46,0.401574,27397,1,[128/k3],0.335851,0.393245,false,weights,54
21,47,0.414828,59596,2,[23/k3→256/k3],0.345946,0.393245,false,add_layer,5
21,48,0.400739,27397,1,[128/k3],0.334071,0.393245,false,weights,35
21,49,0.401379,27397,1,[128/k3],0.335007,0.393245,false,weights,1
21,50,0.399635,219141,1,[1024/k3],0.334693,0.393245,false,weights,26
21,51,0.403974,54789,1,[256/k3],0.317959,0.393245,false,weights,36
21,52,0.404139,54789,1,[256/k3],0.315955,0.393245,false,weights,40
21,53,0.403236,54789,1,[256/k3],0.318240,0.393245,false,weights,3
21,54,0.402472,54789,1,[256/k3],0.318696,0.393245,false,weights,5
21,55,0.398987,219141,1,[1024/k3],0.339412,0.393245,false,weights,7
21,56,0.404815,54789,1,[256/k3],0.313777,0.393245,false,remove_layer,3
21,57,0.400248,27397,1,[128/k3],0.336120,0.393245,false,weights,55
21,58,0.403300,54789,1,[256/k3],0.318885,0.393245,false,weights,42
21,59,0.402235,27397,1,[128/k3],0.333913,0.393245,false,weights,54
21,60,0.404140,54789,1,[256/k3],0.316022,0.393245,false,remove_layer,42
21,61,0.404666,54789,1,[256/k3],0.317085,0.393245,false,weights,61
21,62,0.402602,54789,1,[256/k3],0.317979,0.393245,false,weights,40
21,63,0.404085,54789,1,[256/k3],0.316298,0.393245,false,weights,33
22,0,0.402864,219141,1,[1024/k3],0.324150,0.391793,true,champion,9
22,1,0.403550,27397,1,[128/k3],0.328237,0.391793,false,remove_layer,49
22,2,0.402223,164357,1,[768/k3],0.327108,0.391793,false,resize_layer,10
22,3,0.400119,27397,1,[128/k3],0.332929,0.391793,false,weights,57
22,4,0.395243,9658373,2,[1024/k3→1024/k3],0.354708,0.391793,false,add_layer,8
22,5,0.416473,44037,2,[128/k3→128/k1],0.311779,0.391793,false,add_layer,25
22,6,0.400086,219141,1,[1024/k3],0.331301,0.391793,false,weights,37
22,7,0.391793,9658373,2,[1024/k3→1024/k3],0.358942,0.391793,false,add_layer,0
22,8,0.402214,164357,1,[768/k3],0.325464,0.391793,false,resize_layer,50
22,9,0.403117,27397,1,[128/k3],0.329538,0.391793,false,weights,26
22,10,0.398557,219141,1,[1024/k3],0.334579,0.391793,false,weights,8
22,11,0.404888,54789,1,[256/k3],0.315355,0.391793,false,weights,13
22,12,0.432567,55364,2,[23/k1→256/k3],0.366990,0.391793,false,add_layer,13
22,13,0.399448,219141,1,[1024/k3],0.332950,0.391793,false,weights,8
22,14,0.401280,27397,1,[128/k3],0.332217,0.391793,false,weights,49
22,15,0.402230,27397,1,[128/k3],0.331759,0.391793,false,weights,16
22,16,0.399075,219141,1,[1024/k3],0.332666,0.391793,false,weights,55
22,17,0.403835,54789,1,[256/k3],0.329454,0.391793,false,resize_layer,25
22,18,0.399466,219141,1,[1024/k3],0.332063,0.391793,false,weights,41
22,19,0.401940,27397,1,[128/k3],0.333014,0.391793,false,weights,25
22,20,0.399849,219141,1,[1024/k3],0.330792,0.391793,false,weights,8
22,21,0.400845,219141,1,[1024/k3],0.321859,0.391793,false,remove_layer,0
22,22,0.402108,164357,1,[768/k3],0.327100,0.391793,false,resize_layer,10
22,23,0.401601,27397,1,[128/k3],0.329518,0.391793,false,weights,10
22,24,0.401810,27397,1,[128/k3],0.333242,0.391793,false,weights,46
22,25,0.437387,175109,2,[128/k3→128/k3],0.282688,0.391793,false,add_layer,25
22,26,0.400752,54789,1,[256/k3],0.338576,0.391793,false,weights,23
22,27,0.399790,219141,1,[1024/k3],0.332091,0.391793,false,weights,37
22,28,0.400299,219141,1,[1024/k3],0.329961,0.391793,false,weights,50
22,29,0.404368,27397,1,[128/k3],0.328383,0.391793,false,remove_layer,19
22,30,0.400745,27397,1,[128/k3],0.336680,0.391793,false,weights,42
22,31,0.392779,9658373,2,[1024/k3→1024/k3],0.354849,0.391793,false,add_layer,9
22,32,0.401046,27397,1,[128/k3],0.332465,0.391793,false,weights,57
22,33,0.401542,27397,1,[128/k3],0.331773,0.391793,false,weights,57
22,34,0.402260,27397,1,[128/k3],0.332453,0.391793,false,weights,46
22,35,0.402046,27397,1,[128/k3],0.332674,0.391793,false,weights,46
22,36,0.419672,175109,2,[128/k3→128/k3],0.285001,0.391793,false,add_layer,59
22,37,0.400639,219141,1,[1024/k3],0.327682,0.391793,false,weights,41
22,38,0.399182,219141,1,[1024/k3],0.334466,0.391793,false,weights,41
22,39,0.404086,27397,1,[128/k3],0.328983,0.391793,false,remove_layer,6
22,40,0.404630,54789,1,[256/k3],0.315045,0.391793,false,weights,12
22,41,0.403332,27397,1,[128/k3],0.331371,0.391793,false,remove_layer,46
22,42,0.401914,27397,1,[128/k3],0.329866,0.391793,false,weights,48
22,43,0.401097,27397,1,[128/k3],0.335836,0.391793,false,weights,42
22,44,0.402068,27397,1,[128/k3],0.332806,0.391793,false,weights,6
22,45,0.401944,27397,1,[128/k3],0.331636,0.391793,false,weights,49
22,46,0.401255,13701,1,[64/k3],0.359253,0.391793,false,resize_layer,4
22,47,0.399800,219141,1,[1024/k3],0.332861,0.391793,false,weights,55
22,48,0.424090,27972,2,[23/k1→128/k3],0.370146,0.391793,false,add_layer,10
22,49,0.399951,27397,1,[128/k3],0.338437,0.391793,false,weights,42
22,50,0.402177,27397,1,[128/k3],0.331186,0.391793,false,weights,48
22,51,0.406521,54789,1,[256/k3],0.334650,0.391793,false,weights,23
22,52,0.400389,219141,1,[1024/k3],0.325536,0.391793,false,weights,0
22,53,0.400787,27397,1,[128/k3],0.336958,0.391793,false,weights,42
22,54,0.399491,219141,1,[1024/k3],0.330622,0.391793,false,weights,37
22,55,0.402567,219141,1,[1024/k3],0.321036,0.391793,false,remove_layer,50
22,56,0.398573,219141,1,[1024/k3],0.331122,0.391793,false,weights,9
22,57,0.398867,219141,1,[1024/k3],0.332728,0.391793,false,weights,41
22,58,0.431156,219716,2,[23/k1→1024/k3],0.373562,0.391793,false,add_layer,41
22,59,0.427915,27972,2,[23/k1→128/k3],0.368643,0.391793,false,add_layer,10
22,60,0.401315,27397,1,[128/k3],0.331789,0.391793,false,weights,49
22,61,0.400650,219141,1,[1024/k3],0.324415,0.391793,false,weights,0
22,62,0.399684,27397,1,[128/k3],0.343916,0.391793,false,resize_layer,13
22,63,0.412504,32204,2,[23/k3→128/k3],0.352101,0.391793,false,add_layer,49
23,0,0.416464,9658373,2,[1024/k3→1024/k3],0.270675,0.391793,true,champion,7
23,1,0.399568,219141,1,[1024/k3],0.386419,0.391793,false,remove_layer,31
23,2,0.398901,219141,1,[1024/k3],0.329492,0.391793,false,weights,10
23,3,0.423536,9658373,2,[1024/k3→1024/k3],0.278958,0.391793,false,weights,7
23,4,0.399150,219141,1,[1024/k3],0.330049,0.391793,false,weights,10
23,5,0.455421,9658373,2,[1024/k3→1024/k3],0.310336,0.391793,false,weights,31
23,6,0.402165,27397,1,[128/k3],0.331083,0.391793,false,weights,30
23,7,0.428014,9658373,2,[1024/k3→1024/k3],0.276425,0.391793,false,weights,4
23,8,0.436838,219716,2,[23/k1→1024/k3],0.371438,0.391793,false,add_layer,61
23,9,0.418851,27972,2,[23/k1→128/k3],0.369163,0.391793,false,add_layer,62
23,10,0.401578,27397,1,[128/k3],0.333619,0.391793,false,weights,49
23,11,0.401626,219141,1,[1024/k3],0.321268,0.391793,false,remove_layer,37
23,12,0.411902,223948,2,[23/k3→1024/k3],0.355098,0.391793,false,add_layer,20
23,13,0.420491,44037,2,[128/k3→128/k1],0.306191,0.391793,false,add_layer,62
23,14,0.422692,175109,2,[128/k3→128/k3],0.276859,0.391793,false,add_layer,49
23,15,0.399755,219141,1,[1024/k3],0.327567,0.391793,false,weights,16
23,16,0.416194,1269765,2,[1024/k3→1024/k1],0.287817,0.391793,false,add_layer,54
23,17,0.422433,9658373,2,[1024/k3→1024/k3],0.271216,0.391793,false,weights,4
23,18,0.401148,219141,1,[1024/k3],0.323696,0.391793,false,weights,13
23,19,0.400426,219141,1,[1024/k3],0.325515,0.391793,false,weights,37
23,20,0.471840,10708997,3,[1024/k3→1024/k1→1024/k3],0.210223,0.391793,false,add_layer,7
23,21,0.412536,1269765,2,[1024/k3→1024/k1],0.291332,0.391793,false,add_layer,54
23,22,0.410893,223948,2,[23/k3→1024/k3],0.351245,0.391793,false,add_layer,6
23,23,0.400334,219141,1,[1024/k3],0.326542,0.391793,false,weights,54
23,24,0.399678,219141,1,[1024/k3],0.330701,0.391793,false,weights,10
23,25,0.399224,219141,1,[1024/k3],0.327197,0.391793,false,weights,56
23,26,0.399895,219141,1,[1024/k3],0.328312,0.391793,false,weights,10
23,27,0.394367,9658373,2,[1024/k3→1024/k3],0.355361,0.391793,false,add_layer,28
23,28,0.411428,1269765,2,[1024/k3→1024/k1],0.295363,0.391793,false,add_layer,6
23,29,0.401176,27397,1,[128/k3],0.336571,0.391793,false,weights,62
23,30,0.419039,7245573,2,[768/k3→1024/k3],0.301454,0.391793,false,resize_layer,7
23,31,0.402610,109573,1,[512/k3],0.329442,0.391793,false,resize_layer,49
23,32,0.399266,219141,1,[1024/k3],0.327704,0.391793,false,weights,37
23,33,0.402317,219141,1,[1024/k3],0.320756,0.391793,false,remove_layer,47
23,34,0.402405,27397,1,[128/k3],0.332051,0.391793,false,weights,30
23,35,0.400030,219141,1,[1024/k3],0.326776,0.391793,false,weights,6
23,36,0.399897,219141,1,[1024/k3],0.326287,0.391793,false,weights,18
23,37,0.399874,219141,1,[1024/k3],0.329025,0.391793,false,weights,6
23,38,0.400797,27397,1,[128/k3],0.330711,0.391793,false,weights,3
23,39,0.412486,219141,1,[1024/k3],0.321112,0.391793,false,weights,61
23,40,0.400201,219141,1,[1024/k3],0.325699,0.391793,false,weights,57
23,41,0.401703,54789,1,[256/k3],0.331607,0.391793,false,weights,26
23,42,0.417293,44037,2,[128/k3→128/k1],0.306921,0.391793,false,add_layer,62
23,43,0.406382,219141,1,[1024/k3],0.321014,0.391793,false,remove_layer,57
23,44,0.400887,27397,1,[128/k3],0.330062,0.391793,false,weights,3
23,45,0.401066,219141,1,[1024/k3],0.326823,0.391793,false,weights,57
23,46,0.401536,54789,1,[256/k3],0.333464,0.391793,false,resize_layer,62
23,47,0.402303,219141,1,[1024/k3],0.320758,0.391793,false,remove_layer,47
23,48,0.402299,219141,1,[1024/k3],0.320758,0.391793,false,remove_layer,47
23,49,0.409363,223948,2,[23/k3→1024/k3],0.352414,0.391793,false,add_layer,54
23,50,0.401487,54789,1,[256/k3],0.327063,0.391793,false,resize_layer,3
23,51,0.400245,219141,1,[1024/k3],0.327695,0.391793,false,weights,20
23,52,0.401363,54789,1,[256/k3],0.334218,0.391793,false,weights,26
23,53,0.423527,9658373,2,[1024/k3→1024/k3],0.278371,0.391793,false,weights,7
23,54,0.400091,219141,1,[1024/k3],0.327288,0.391793,false,weights,18
23,55,0.404230,219141,1,[1024/k3],0.320459,0.391793,false,remove_layer,16
23,56,0.399683,219141,1,[1024/k3],0.338678,0.391793,false,remove_layer,7
23,57,0.401106,27397,1,[128/k3],0.329992,0.391793,false,weights,3
23,58,0.407126,219141,1,[1024/k3],0.319526,0.391793,false,weights,28
23,59,0.401501,27397,1,[128/k3],0.334272,0.391793,false,weights,62
23,60,0.402352,219141,1,[1024/k3],0.322755,0.391793,false,weights,28
23,61,0.399522,219141,1,[1024/k3],0.329010,0.391793,false,weights,18
23,62,0.395599,9658373,2,[1024/k3→1024/k3],0.359501,0.391793,false,add_layer,16
23,63,0.400212,219141,1,[1024/k3],0.326369,0.391793,false,weights,57
24,0,0.422078,9658373,2,[1024/k3→1024/k3],0.269833,0.391793,true,champion,27
24,1,0.402627,27397,1,[128/k3],0.327476,0.391793,false,weights,44
24,2,0.411790,223948,2,[23/k3→1024/k3],0.345503,0.391793,false,add_layer,23
24,3,0.404066,219141,1,[1024/k3],0.320258,0.391793,false,remove_layer,2
24,4,0.400815,219141,1,[1024/k3],0.324709,0.391793,false,weights,15
24,5,0.402021,13701,1,[64/k3],0.358975,0.391793,false,resize_layer,36
24,6,0.412991,223948,2,[23/k3→1024/k3],0.347749,0.391793,false,add_layer,45
24,7,0.432565,9658373,2,[1024/k3→1024/k3],0.257766,0.391793,false,weights,62
24,8,0.401766,219141,1,[1024/k3],0.320551,0.391793,false,weights,63
24,9,0.401684,27397,1,[128/k3],0.327693,0.391793,false,weights,44
24,10,0.412188,109573,1,[512/k3],0.342221,0.391793,false,resize_layer,45
24,11,0.401508,219141,1,[1024/k3],0.319596,0.391793,false,weights,51
24,12,0.402182,219141,1,[1024/k3],0.322625,0.391793,false,remove_layer,56
24,13,0.399951,219141,1,[1024/k3],0.322899,0.391793,false,weights,25
24,14,0.392953,9658373,2,[1024/k3→1024/k3],0.363198,0.391793,false,add_layer,51
24,15,0.400057,219141,1,[1024/k3],0.326324,0.391793,false,weights,2
24,16,0.401139,27397,1,[128/k3],0.327920,0.391793,false,weights,44
24,17,0.400703,219141,1,[1024/k3],0.320189,0.391793,false,weights,63
24,18,0.401487,219141,1,[1024/k3],0.323356,0.391793,false,weights,51
24,19,0.401810,219141,1,[1024/k3],0.320362,0.391793,false,weights,45
24,20,0.405314,219141,1,[1024/k3],0.313906,0.391793,false,remove_layer,24
24,21,0.433419,219716,2,[23/k1→1024/k3],0.368513,0.391793,false,add_layer,15
24,22,0.401834,27397,1,[128/k3],0.327440,0.391793,false,weights,38
24,23,0.401317,219141,1,[1024/k3],0.324170,0.391793,false,weights,61
24,24,0.399753,219141,1,[1024/k3],0.386950,0.391793,false,remove_layer,27
24,25,0.444325,1269765,2,[1024/k3→1024/k1],0.293880,0.391793,false,add_layer,37
24,26,0.399989,219141,1,[1024/k3],0.324024,0.391793,false,weights,35
24,27,0.433460,219716,2,[23/k1→1024/k3],0.366740,0.391793,false,add_layer,61
24,28,0.432209,219716,2,[23/k1→1024/k3],0.368169,0.391793,false,add_layer,4
24,29,0.400492,219141,1,[1024/k3],0.329495,0.391793,false,weights,56
24,30,0.399819,219141,1,[1024/k3],0.325882,0.391793,false,weights,4
24,31,0.401084,219141,1,[1024/k3],0.320377,0.391793,false,weights,15
24,32,0.400943,219141,1,[1024/k3],0.321863,0.391793,false,weights,61
24,33,0.401241,219141,1,[1024/k3],0.321618,0.391793,false,weights,63
24,34,0.413976,223948,2,[23/k3→1024/k3],0.347629,0.391793,false,add_layer,25
24,35,0.402164,27397,1,[128/k3],0.349474,0.391793,false,resize_layer,51
24,36,0.400939,219141,1,[1024/k3],0.320065,0.391793,false,weights,32
24,37,0.415846,32204,2,[23/k3→128/k3],0.352062,0.391793,false,add_layer,44
24,38,0.401798,54789,1,[256/k3],0.338723,0.391793,false,resize_layer,19
24,39,0.401902,27397,1,[128/k3],0.328182,0.391793,false,weights,38
24,40,0.401216,27397,1,[128/k3],0.328334,0.391793,false,weights,38
24,41,0.402252,219141,1,[1024/k3],0.323149,0.391793,false,remove_layer,56
24,42,0.401558,219141,1,[1024/k3],0.321268,0.391793,false,weights,19
24,43,0.401530,27397,1,[128/k3],0.348871,0.391793,false,resize_layer,40
24,44,0.404292,219141,1,[1024/k3],0.313339,0.391793,false,remove_layer,54
24,45,0.401685,219141,1,[1024/k3],0.318232,0.391793,false,weights,63
24,46,0.400588,219141,1,[1024/k3],0.324740,0.391793,false,weights,35
24,47,0.426176,9658373,2,[1024/k3→1024/k3],0.287061,0.391793,false,weights,62
24,48,0.400926,219141,1,[1024/k3],0.321929,0.391793,false,weights,15
24,49,0.435716,9658373,2,[1024/k3→1024/k3],0.270654,0.391793,false,weights,27
24,50,0.401765,219141,1,[1024/k3],0.320297,0.391793,false,weights,19
24,51,0.400770,219141,1,[1024/k3],0.322609,0.391793,false,weights,40
24,52,0.405316,219141,1,[1024/k3],0.313954,0.391793,false,remove_layer,24
24,53,0.447456,804293,2,[1024/k3→64/k3],0.262564,0.391793,false,resize_layer,27
24,54,0.400610,219141,1,[1024/k3],0.321748,0.391793,false,weights,25
24,55,0.401272,219141,1,[1024/k3],0.320651,0.391793,false,weights,25
24,56,0.414116,32204,2,[23/k3→128/k3],0.344086,0.391793,false,add_layer,38
24,57,0.399900,219141,1,[1024/k3],0.363398,0.391793,false,weights,1
24,58,0.401645,54789,1,[256/k3],0.342130,0.391793,false,resize_layer,56
24,59,0.400909,219141,1,[1024/k3],0.322960,0.391793,false,weights,63
24,60,0.400500,219141,1,[1024/k3],0.324645,0.391793,false,weights,51
24,61,0.400473,219141,1,[1024/k3],0.321960,0.391793,false,weights,25
24,62,0.402141,13701,1,[64/k3],0.358960,0.391793,false,resize_layer,40
24,63,0.401873,27397,1,[128/k3],0.349257,0.391793,false,resize_layer,19
25,0,0.428219,9658373,2,[1024/k3→1024/k3],0.244555,0.391774,true,champion,14
25,1,0.401148,219141,1,[1024/k3],0.321363,0.391774,false,weights,30
25,2,0.398944,219141,1,[1024/k3],0.349241,0.391774,false,weights,57
25,3,0.391774,9658373,2,[1024/k3→1024/k3],0.359480,0.391774,false,add_layer,13
25,4,0.401732,219141,1,[1024/k3],0.318923,0.391774,false,weights,51
25,5,0.400308,13701,1,[64/k3],0.365331,0.391774,false,resize_layer,16
25,6,0.400956,219141,1,[1024/k3],0.320985,0.391774,false,weights,15
25,7,0.436505,219716,2,[23/k1→1024/k3],0.371015,0.391774,false,add_layer,31
25,8,0.412950,1269765,2,[1024/k3→1024/k1],0.289617,0.391774,false,add_layer,61
25,9,0.404470,219141,1,[1024/k3],0.309101,0.391774,false,remove_layer,33
25,10,0.402238,219141,1,[1024/k3],0.317807,0.391774,false,weights,13
25,11,0.414199,223948,2,[23/k3→1024/k3],0.348942,0.391774,false,add_layer,33
25,12,0.403175,219141,1,[1024/k3],0.315599,0.391774,false,weights,59
25,13,0.402082,219141,1,[1024/k3],0.315307,0.391774,false,weights,61
25,14,0.426439,804293,2,[1024/k3→64/k3],0.266973,0.391774,false,resize_layer,14
25,15,0.428712,219716,2,[23/k1→1024/k3],0.364351,0.391774,false,add_layer,55
25,16,0.401143,219141,1,[1024/k3],0.322468,0.391774,false,weights,30
25,17,0.404104,219141,1,[1024/k3],0.313920,0.391774,false,remove_layer,4
25,18,0.412886,1269765,2,[1024/k3→1024/k1],0.291723,0.391774,false,add_layer,59
25,19,0.403155,219141,1,[1024/k3],0.312506,0.391774,false,weights,51
25,20,0.404363,219141,1,[1024/k3],0.311221,0.391774,false,remove_layer,55
25,21,0.402221,219141,1,[1024/k3],0.316131,0.391774,false,weights,55
25,22,0.401728,219141,1,[1024/k3],0.317108,0.391774,false,weights,55
25,23,0.403943,27397,1,[128/k3],0.322223,0.391774,false,remove_layer,16
25,24,0.399773,219141,1,[1024/k3],0.360038,0.391774,false,weights,24
25,25,0.404607,219141,1,[1024/k3],0.351922,0.391774,false,remove_layer,24
25,26,0.400893,219141,1,[1024/k3],0.319444,0.391774,false,weights,61
25,27,0.400598,219141,1,[1024/k3],0.318377,0.391774,false,weights,55
25,28,0.403786,54789,1,[256/k3],0.322073,0.391774,false,resize_layer,16
25,29,0.400472,219141,1,[1024/k3],0.321567,0.391774,false,weights,4
25,30,0.401942,219141,1,[1024/k3],0.318395,0.391774,false,weights,60
25,31,0.403644,54789,1,[256/k3],0.343763,0.391774,false,resize_layer,31
25,32,0.402318,27397,1,[128/k3],0.325491,0.391774,false,weights,16
25,33,0.400305,219141,1,[1024/k3],0.348468,0.391774,false,weights,57
25,34,0.401484,219141,1,[1024/k3],0.318389,0.391774,false,weights,33
25,35,0.402554,219141,1,[1024/k3],0.318087,0.391774,false,weights,46
25,36,0.403223,54789,1,[256/k3],0.337866,0.391774,false,resize_layer,32
25,37,0.401093,219141,1,[1024/k3],0.321942,0.391774,false,weights,30
25,38,0.404461,219141,1,[1024/k3],0.309101,0.391774,false,remove_layer,33
25,39,0.426318,219716,2,[23/k1→1024/k3],0.361317,0.391774,false,add_layer,33
25,40,0.401077,219141,1,[1024/k3],0.320331,0.391774,false,weights,33
25,41,0.416378,223948,2,[23/k3→1024/k3],0.352294,0.391774,false,add_layer,48
25,42,0.403023,219141,1,[1024/k3],0.314250,0.391774,false,weights,36
25,43,0.401141,219141,1,[1024/k3],0.320548,0.391774,false,weights,46
25,44,0.401754,219141,1,[1024/k3],0.317100,0.391774,false,weights,13
25,45,0.401957,219141,1,[1024/k3],0.316483,0.391774,false,weights,33
25,46,0.404362,219141,1,[1024/k3],0.311221,0.391774,false,remove_layer,55
25,47,0.402362,219141,1,[1024/k3],0.319499,0.391774,false,weights,4
25,48,0.401579,109573,1,[512/k3],0.323516,0.391774,false,resize_layer,13
25,49,0.401806,219141,1,[1024/k3],0.321977,0.391774,false,weights,29
25,50,0.401903,219141,1,[1024/k3],0.318481,0.391774,false,weights,59
25,51,0.401613,219141,1,[1024/k3],0.320285,0.391774,false,weights,59
25,52,0.401998,219141,1,[1024/k3],0.318128,0.391774,false,weights,59
25,53,0.416916,223948,2,[23/k3→1024/k3],0.354621,0.391774,false,add_layer,31
25,54,0.428450,219716,2,[23/k1→1024/k3],0.365825,0.391774,false,add_layer,31
25,55,0.400646,219141,1,[1024/k3],0.320145,0.391774,false,weights,26
25,56,0.399083,219141,1,[1024/k3],0.359426,0.391774,false,weights,24
25,57,0.404382,219141,1,[1024/k3],0.310150,0.391774,false,remove_layer,32
25,58,0.402079,219141,1,[1024/k3],0.318942,0.391774,false,weights,60
25,59,0.399458,219141,1,[1024/k3],0.350860,0.391774,false,weights,57
25,60,0.401844,27397,1,[128/k3],0.326545,0.391774,false,weights,40
25,61,0.400864,219141,1,[1024/k3],0.319317,0.391774,false,weights,33
25,62,0.407049,6853,1,[32/k3],0.391665,0.391774,false,resize_layer,26
25,63,0.403131,219141,1,[1024/k3],0.312497,0.391774,false,remove_layer,30
26,0,0.438402,9658373,2,[1024/k3→1024/k3],0.248914,0.391774,true,champion,3
26,1,0.402641,219141,1,[1024/k3],0.313185,0.391774,false,weights,61
26,2,0.400325,219141,1,[1024/k3],0.347939,0.391774,false,remove_layer,56
26,3,0.402057,219141,1,[1024/k3],0.316585,0.391774,false,weights,1
26,4,0.399152,9658373,2,[1024/k3→1024/k3],0.356025,0.391774,false,add_layer,59
26,5,0.401740,219141,1,[1024/k3],0.316205,0.391774,false,weights,16
26,6,0.415831,14276,2,[23/k1→64/k3],0.378623,0.391774,false,add_layer,5
26,7,0.393268,9658373,2,[1024/k3→1024/k3],0.364700,0.391774,false,add_layer,43
26,8,0.400370,109573,1,[512/k3],0.320568,0.391774,false,remove_layer,48
26,9,0.403275,219141,1,[1024/k3],0.311726,0.391774,false,weights,27
26,10,0.399709,109573,1,[512/k3],0.324912,0.391774,false,resize_layer,26
26,11,0.415124,1269765,2,[1024/k3→1024/k1],0.284900,0.391774,false,add_layer,44
26,12,0.400455,109573,1,[512/k3],0.320029,0.391774,false,weights,48
26,13,0.400891,13701,1,[64/k3],0.351219,0.391774,false,weights,5
26,14,0.410963,219141,1,[1024/k3],0.315459,0.391774,false,remove_layer,51
26,15,0.405000,219141,1,[1024/k3],0.307330,0.391774,false,remove_layer,44
26,16,0.406856,6853,1,[32/k3],0.391170,0.391774,false,resize_layer,48
26,17,0.404386,219141,1,[1024/k3],0.310786,0.391774,false,weights,61
26,18,0.400519,13701,1,[64/k3],0.352398,0.391774,false,weights,5
26,19,0.402000,219141,1,[1024/k3],0.315024,0.391774,false,weights,55
26,20,0.400344,219141,1,[1024/k3],0.318803,0.391774,false,weights,55
26,21,0.455293,9658373,2,[1024/k3→1024/k3],0.276126,0.391774,false,weights,3
26,22,0.436672,219716,2,[23/k1→1024/k3],0.372315,0.391774,false,add_layer,6
26,23,0.401591,13701,1,[64/k3],0.351400,0.391774,false,weights,5
26,24,0.401603,219141,1,[1024/k3],0.315392,0.391774,false,weights,22
26,25,0.402558,1269765,2,[1024/k3→1024/k1],0.315445,0.391774,false,add_layer,2
26,26,0.402967,219141,1,[1024/k3],0.313999,0.391774,false,weights,51
26,27,0.403779,219141,1,[1024/k3],0.312872,0.391774,false,weights,61
26,28,0.403105,219141,1,[1024/k3],0.311443,0.391774,false,weights,44
26,29,0.414088,1269765,2,[1024/k3→1024/k1],0.288002,0.391774,false,add_layer,34
26,30,0.400789,13701,1,[64/k3],0.352957,0.391774,false,weights,5
26,31,0.402170,219141,1,[1024/k3],0.314136,0.391774,false,weights,26
26,32,0.419960,9658373,2,[1024/k3→1024/k3],0.260801,0.391774,false,weights,3
26,33,0.405073,219141,1,[1024/k3],0.309512,0.391774,false,remove_layer,1
26,34,0.430355,219716,2,[23/k1→1024/k3],0.359148,0.391774,false,add_layer,34
26,35,0.411814,1269765,2,[1024/k3→1024/k1],0.292462,0.391774,false,add_layer,55
26,36,0.402691,219141,1,[1024/k3],0.311929,0.391774,false,weights,27
26,37,0.402708,219141,1,[1024/k3],0.316779,0.391774,false,weights,29
26,38,0.402456,219141,1,[1024/k3],0.313088,0.391774,false,weights,55
26,39,0.400116,219141,1,[1024/k3],0.340854,0.391774,false,weights,59
26,40,0.400938,164357,1,[768/k3],0.350436,0.391774,false,resize_layer,5
26,41,0.400571,219141,1,[1024/k3],0.388197,0.391774,false,remove_layer,3
26,42,0.401872,13701,1,[64/k3],0.348923,0.391774,false,weights,5
26,43,0.402194,219141,1,[1024/k3],0.317237,0.391774,false,weights,16
26,44,0.402003,219141,1,[1024/k3],0.330543,0.391774,false,remove_layer,59
26,45,0.429061,219716,2,[23/k1→1024/k3],0.361193,0.391774,false,add_layer,16
26,46,0.403193,219141,1,[1024/k3],0.314206,0.391774,false,weights,44
26,47,0.403584,219141,1,[1024/k3],0.313108,0.391774,false,weights,16
26,48,0.408389,223948,2,[23/k3→1024/k3],0.349708,0.391774,false,add_layer,2
26,49,0.403091,109573,1,[512/k3],0.325645,0.391774,false,resize_layer,37
26,50,0.417392,223948,2,[23/k3→1024/k3],0.353723,0.391774,false,add_layer,22
26,51,0.401976,13701,1,[64/k3],0.358869,0.391774,false,resize_layer,51
26,52,0.401417,13701,1,[64/k3],0.352267,0.391774,false,weights,5
26,53,0.414380,1269765,2,[1024/k3→1024/k1],0.284930,0.391774,false,add_layer,37
26,54,0.400669,219141,1,[1024/k3],0.340296,0.391774,false,weights,33
26,55,0.400454,109573,1,[512/k3],0.320583,0.391774,false,weights,48
26,56,0.401615,219141,1,[1024/k3],0.316343,0.391774,false,weights,1
26,57,0.400390,109573,1,[512/k3],0.345473,0.391774,false,resize_layer,24
26,58,0.405469,219141,1,[1024/k3],0.313264,0.391774,false,weights,29
26,59,0.401771,219141,1,[1024/k3],0.316153,0.391774,false,weights,61
26,60,0.437956,9658373,2,[1024/k3→1024/k3],0.276388,0.391774,false,weights,3
26,61,0.400786,219141,1,[1024/k3],0.342067,0.391774,false,weights,59
26,62,0.402369,219141,1,[1024/k3],0.316746,0.391774,false,weights,6
26,63,0.395825,9658373,2,[1024/k3→1024/k3],0.369160,0.391774,false,add_layer,34
27,0,0.450825,9658373,2,[1024/k3→1024/k3],0.264140,0.391774,true,champion,7
27,1,0.402652,109573,1,[512/k3],0.314985,0.391774,false,weights,55
27,2,0.405079,219141,1,[1024/k3],0.306097,0.391774,false,remove_layer,56
27,3,0.416179,4936197,2,[1024/k3→512/k3],0.271873,0.391774,false,resize_layer,4
27,4,0.401105,219141,1,[1024/k3],0.334027,0.391774,false,weights,39
27,5,0.403092,219141,1,[1024/k3],0.312012,0.391774,false,weights,5
27,6,0.393079,9658373,2,[1024/k3→1024/k3],0.357961,0.391774,false,add_layer,56
27,7,0.403189,164357,1,[768/k3],0.312199,0.391774,false,resize_layer,8
27,8,0.401370,13701,1,[64/k3],0.369126,0.391774,false,resize_layer,57
27,9,0.402300,27397,1,[128/k3],0.347542,0.391774,false,resize_layer,5
27,10,0.400726,219141,1,[1024/k3],0.335191,0.391774,false,weights,61
27,11,0.400995,109573,1,[512/k3],0.317832,0.391774,false,weights,10
27,12,0.400208,219141,1,[1024/k3],0.339969,0.391774,false,weights,2
27,13,0.402088,13701,1,[64/k3],0.348832,0.391774,false,weights,52
27,14,0.405890,219141,1,[1024/k3],0.303399,0.391774,false,remove_layer,5
27,15,0.403347,109573,1,[512/k3],0.313151,0.391774,false,weights,12
27,16,0.402487,109573,1,[512/k3],0.314762,0.391774,false,weights,55
27,17,0.401903,219141,1,[1024/k3],0.331951,0.391774,false,weights,54
27,18,0.406885,6853,1,[32/k3],0.398375,0.391774,false,resize_layer,2
27,19,0.402913,109573,1,[512/k3],0.312398,0.391774,false,weights,12
27,20,0.406371,219141,1,[1024/k3],0.338869,0.391774,false,remove_layer,54
27,21,0.401177,219141,1,[1024/k3],0.333786,0.391774,false,weights,54
27,22,0.402913,219141,1,[1024/k3],0.312170,0.391774,false,weights,5
27,23,0.431922,19097605,3,[1024/k3→1024/k3→1024/k3],0.302421,0.391774,false,add_layer,4
27,24,0.400277,109573,1,[512/k3],0.318932,0.391774,false,weights,10
27,25,0.398936,164357,1,[768/k3],0.340699,0.391774,false,weights,40
27,26,0.403971,164357,1,[768/k3],0.310305,0.391774,false,resize_layer,55
27,27,0.396067,2469893,2,[512/k3→512/k3],0.319677,0.391774,false,add_layer,10
27,28,0.418916,14276,2,[23/k1→64/k3],0.379020,0.391774,false,add_layer,30
27,29,0.406192,219141,1,[1024/k3],0.302776,0.391774,false,remove_layer,20
27,30,0.402433,27397,1,[128/k3],0.344420,0.391774,false,resize_layer,52
27,31,0.402347,219141,1,[1024/k3],0.313296,0.391774,false,weights,56
27,32,0.397354,1269765,2,[1024/k3→1024/k1],0.341669,0.391774,false,add_layer,41
27,33,0.394103,9658373,2,[1024/k3→1024/k3],0.365268,0.391774,false,add_layer,20
27,34,0.403340,13701,1,[64/k3],0.345182,0.391774,false,remove_layer,52
27,35,0.402500,219141,1,[1024/k3],0.311633,0.391774,false,weights,56
27,36,0.402019,1269765,2,[1024/k3→1024/k1],0.315765,0.391774,false,add_layer,54
27,37,0.402052,13701,1,[64/k3],0.347954,0.391774,false,weights,52
27,38,0.404927,219141,1,[1024/k3],0.352402,0.391774,false,remove_layer,41
27,39,0.403630,109573,1,[512/k3],0.312637,0.391774,false,weights,55
27,40,0.421746,9658373,2,[1024/k3→1024/k3],0.277644,0.391774,false,weights,63
27,41,0.401899,13701,1,[64/k3],0.348175,0.391774,false,weights,18
27,42,0.428272,9658373,2,[1024/k3→1024/k3],0.262733,0.391774,false,weights,7
27,43,0.403318,9658373,2,[1024/k3→1024/k3],0.357043,0.391774,false,add_layer,41
27,44,0.400091,219141,1,[1024/k3],0.358859,0.391774,false,weights,41
27,45,0.399844,219141,1,[1024/k3],0.341355,0.391774,false,weights,2
27,46,0.406705,219141,1,[1024/k3],0.352807,0.391774,false,remove_layer,41
27,47,0.402660,13701,1,[64/k3],0.346538,0.391774,false,remove_layer,18
27,48,0.401481,219141,1,[1024/k3],0.333040,0.391774,false,weights,39
27,49,0.400633,219141,1,[1024/k3],0.335695,0.391774,false,weights,39
27,50,0.504644,9658373,2,[1024/k3→1024/k3],0.301635,0.391774,false,weights,7
27,51,0.403237,219141,1,[1024/k3],0.312855,0.391774,false,weights,56
27,52,0.422865,9658373,2,[1024/k3→1024/k3],0.288704,0.391774,false,weights,4
27,53,0.402784,109573,1,[512/k3],0.334981,0.391774,false,resize_layer,61
27,54,0.401712,219141,1,[1024/k3],0.337986,0.391774,false,weights,2
27,55,0.402226,219141,1,[1024/k3],0.332771,0.391774,false,weights,61
27,56,0.402356,1269765,2,[1024/k3→1024/k1],0.315173,0.391774,false,add_layer,54
27,57,0.403752,219141,1,[1024/k3],0.309426,0.391774,false,weights,5
27,58,0.399341,164357,1,[768/k3],0.342664,0.391774,false,weights,40
27,59,0.426424,9658373,2,[1024/k3→1024/k3],0.266432,0.391774,false,weights,63
27,60,0.401637,109573,1,[512/k3],0.315497,0.391774,false,weights,10
27,61,0.420685,9658373,2,[1024/k3→1024/k3],0.294089,0.391774,false,weights,4
27,62,0.400798,109573,1,[512/k3],0.337533,0.391774,false,weights,57
27,63,0.403295,13701,1,[64/k3],0.346390,0.391774,false,weights,23
28,0,0.452823,9658373,2,[1024/k3→1024/k3],0.249414,0.391774,true,champion,6
28,1,0.413326,18508,2,[23/k3→64/k3],0.367866,0.391774,false,add_layer,37
28,2,0.402584,219141,1,[1024/k3],0.326672,0.391774,false,weights,54
28,3,0.457236,9658373,2,[1024/k3→1024/k3],0.297388,0.391774,false,weights,6
28,4,0.401861,219141,1,[1024/k3],0.327652,0.391774,false,weights,21
28,5,0.397283,27397,1,[128/k3],0.361655,0.391774,false,resize_layer,10
28,6,0.399606,164357,1,[768/k3],0.336016,0.391774,false,weights,58
28,7,0.403206,13701,1,[64/k3],0.345603,0.391774,false,weights,37
28,8,0.401589,219141,1,[1024/k3],0.331919,0.391774,false,weights,12
28,9,0.400051,164357,1,[768/k3],0.335416,0.391774,false,weights,58
28,10,0.404525,109573,1,[512/k3],0.307963,0.391774,false,remove_layer,24
28,11,0.401820,219141,1,[1024/k3],0.330905,0.391774,false,weights,54
28,12,0.400827,164357,1,[768/k3],0.334584,0.391774,false,weights,25
28,13,0.402215,219141,1,[1024/k3],0.332084,0.391774,false,weights,12
28,14,0.414204,219141,1,[1024/k3],0.330041,0.391774,false,remove_layer,12
28,15,0.429322,10708997,3,[1024/k3→1024/k3→1024/k1],0.264289,0.391774,false,add_layer,6
28,16,0.395598,2469893,2,[512/k3→512/k3],0.324803,0.391774,false,add_layer,60
28,17,0.400399,164357,1,[768/k3],0.335093,0.391774,false,weights,58
28,18,0.401810,219141,1,[1024/k3],0.329369,0.391774,false,weights,21
28,19,0.440111,9658373,2,[1024/k3→1024/k3],0.253748,0.391774,false,weights,33
28,20,0.400053,164357,1,[768/k3],0.333317,0.391774,false,weights,25
28,21,0.409381,219141,1,[1024/k3],0.321029,0.391774,false,remove_layer,21
28,22,0.404236,109573,1,[512/k3],0.308635,0.391774,false,remove_layer,11
28,23,0.418750,219716,2,[23/k1→1024/k3],0.359939,0.391774,false,add_layer,44
28,24,0.420828,372741,2,[512/k3→512/k1],0.279915,0.391774,false,add_layer,60
28,25,0.402905,13701,1,[64/k3],0.345839,0.391774,false,weights,41
28,26,0.430341,9658373,2,[1024/k3→1024/k3],0.268193,0.391774,false,weights,33
28,27,0.402160,109573,1,[512/k3],0.314233,0.391774,false,weights,24
28,28,0.401824,219141,1,[1024/k3],0.330240,0.391774,false,weights,48
28,29,0.401968,109573,1,[512/k3],0.330800,0.391774,false,weights,62
28,30,0.402350,109573,1,[512/k3],0.314447,0.391774,false,weights,11
28,31,0.401882,219141,1,[1024/k3],0.329134,0.391774,false,weights,4
28,32,0.419116,14276,2,[23/k1→64/k3],0.380275,0.391774,false,add_layer,8
28,33,0.397022,9658373,2,[1024/k3→1024/k3],0.365533,0.391774,false,add_layer,48
28,34,0.401564,219141,1,[1024/k3],0.326238,0.391774,false,weights,49
28,35,0.397006,9658373,2,[1024/k3→1024/k3],0.362317,0.391774,false,add_layer,12
28,36,0.412703,223948,2,[23/k3→1024/k3],0.334764,0.391774,false,add_layer,17
28,37,0.411466,223948,2,[23/k3→1024/k3],0.340363,0.391774,false,add_layer,17
28,38,0.401193,219141,1,[1024/k3],0.326852,0.391774,false,weights,48
28,39,0.420599,2469893,2,[512/k3→512/k3],0.266511,0.391774,false,weights,27
28,40,0.451826,2320389,3,[1024/k3→1024/k1→1024/k1],0.314423,0.391774,false,add_layer,32
28,41,0.403158,13701,1,[64/k3],0.344724,0.391774,false,weights,37
28,42,0.454576,9658948,3,[23/k1→1024/k3→1024/k3],0.279947,0.391774,false,add_layer,6
28,43,0.427921,219716,2,[23/k1→1024/k3],0.369695,0.391774,false,add_layer,54
28,44,0.401797,219141,1,[1024/k3],0.332063,0.391774,false,weights,54
28,45,0.403216,13701,1,[64/k3],0.345881,0.391774,false,weights,41
28,46,0.414156,10708997,3,[1024/k3→1024/k3→1024/k1],0.296430,0.391774,false,add_layer,32
28,47,0.411910,223948,2,[23/k3→1024/k3],0.345726,0.391774,false,add_layer,4
28,48,0.407005,219141,1,[1024/k3],0.328702,0.391774,false,remove_layer,12
28,49,0.444056,345989,2,[1024/k3→128/k1],0.288491,0.391774,false,resize_layer,36
28,50,0.402361,164357,1,[768/k3],0.329448,0.391774,false,remove_layer,58
28,51,0.407794,219141,1,[1024/k3],0.329796,0.391774,false,remove_layer,12
28,52,0.402055,109573,1,[512/k3],0.331173,0.391774,false,weights,62
28,53,0.399842,13701,1,[64/k3],0.373832,0.391774,false,resize_layer,12
28,54,0.402200,219141,1,[1024/k3],0.326805,0.391774,false,weights,4
28,55,0.406643,223948,2,[23/k3→1024/k3],0.347998,0.391774,false,add_layer,45
28,56,0.409361,1269765,2,[1024/k3→1024/k1],0.302218,0.391774,false,weights,32
28,57,0.407858,223948,2,[23/k3→1024/k3],0.345168,0.391774,false,add_layer,45
28,58,0.426952,1269765,2,[1024/k3→1024/k1],0.279556,0.391774,false,weights,36
28,59,0.424587,2469893,2,[512/k3→512/k3],0.254298,0.391774,false,weights,27
28,60,0.401247,219141,1,[1024/k3],0.328609,0.391774,false,weights,4
28,61,0.410681,18508,2,[23/k3→64/k3],0.368575,0.391774,false,add_layer,41
28,62,0.400916,219141,1,[1024/k3],0.332186,0.391774,false,weights,12
28,63,0.401591,109573,1,[512/k3],0.333271,0.391774,false,weights,62
29,0,0.432953,2469893,2,[512/k3→512/k3],0.236113,0.391774,true,champion,16
29,1,0.401930,109573,1,[512/k3],0.325748,0.391774,false,weights,63
29,2,0.404162,109573,1,[512/k3],0.321211,0.391774,false,remove_layer,52
29,3,0.437753,9658373,2,[1024/k3→1024/k3],0.257538,0.391774,false,weights,33
29,4,0.403766,109573,1,[512/k3],0.320689,0.391774,false,remove_layer,29
29,5,0.402233,109573,1,[512/k3],0.326677,0.391774,false,weights,63
29,6,0.409362,219141,1,[1024/k3],0.320799,0.391774,false,weights,38
29,7,0.433642,10708997,3,[1024/k3→1024/k3→1024/k1],0.266951,0.391774,false,add_layer,35
29,8,0.401358,219141,1,[1024/k3],0.324342,0.391774,false,weights,38
29,9,0.399930,219141,1,[1024/k3],0.333632,0.391774,false,remove_layer,33
29,10,0.403578,219141,1,[1024/k3],0.319471,0.391774,false,weights,4
29,11,0.397824,9658373,2,[1024/k3→1024/k3],0.368009,0.391774,false,add_layer,60
29,12,0.413888,175109,2,[128/k3→128/k3],0.294065,0.391774,false,add_layer,5
29,13,0.443121,7297285,2,[1024/k3→768/k3],0.264443,0.391774,false,resize_layer,33
29,14,0.401362,164357,1,[768/k3],0.327235,0.391774,false,weights,9
29,15,0.402442,54789,1,[256/k3],0.338591,0.391774,false,resize_layer,52
29,16,0.403112,219141,1,[1024/k3],0.322892,0.391774,false,weights,60
29,17,0.401812,164357,1,[768/k3],0.327122,0.391774,false,weights,12
29,18,0.406827,6853,1,[32/k3],0.398774,0.391774,false,resize_layer,8
29,19,0.402474,219141,1,[1024/k3],0.324275,0.391774,false,weights,62
29,20,0.430561,9658373,2,[1024/k3→1024/k3],0.287293,0.391774,false,weights,35
29,21,0.406340,1269765,2,[1024/k3→1024/k1],0.304449,0.391774,false,add_layer,4
29,22,0.401650,109573,1,[512/k3],0.328032,0.391774,false,weights,52
29,23,0.450354,10708997,3,[1024/k3→1024/k1→1024/k3],0.216645,0.391774,false,add_layer,35
29,24,0.401074,13701,1,[64/k3],0.368742,0.391774,false,resize_layer,63
29,25,0.430527,110148,2,[23/k1→512/k3],0.372554,0.391774,false,add_layer,29
29,26,0.402840,219141,1,[1024/k3],0.320646,0.391774,false,weights,4
29,27,0.399777,27397,1,[128/k3],0.351041,0.391774,false,weights,5
29,28,0.402346,219141,1,[1024/k3],0.326741,0.391774,false,weights,11
29,29,0.401684,27397,1,[128/k3],0.347018,0.391774,false,weights,5
29,30,0.401007,164357,1,[768/k3],0.327278,0.391774,false,weights,20
29,31,0.404548,219141,1,[1024/k3],0.317429,0.391774,false,remove_layer,62
29,32,0.415929,372741,2,[512/k3→512/k1],0.288775,0.391774,false,add_layer,52
29,33,0.403300,219141,1,[1024/k3],0.322946,0.391774,false,weights,31
29,34,0.403000,164357,1,[768/k3],0.322191,0.391774,false,remove_layer,9
29,35,0.402696,219141,1,[1024/k3],0.326025,0.391774,false,weights,11
29,36,0.401202,164357,1,[768/k3],0.329089,0.391774,false,weights,17
29,37,0.402561,109573,1,[512/k3],0.326927,0.391774,false,weights,29
29,38,0.402508,13701,1,[64/k3],0.348466,0.391774,false,resize_layer,20
29,39,0.402199,27397,1,[128/k3],0.347395,0.391774,false,remove_layer,5
29,40,0.431231,219716,2,[23/k1→1024/k3],0.361409,0.391774,false,add_layer,4
29,41,0.403650,109573,1,[512/k3],0.324157,0.391774,false,weights,63
29,42,0.412373,19097605,3,[1024/k3→1024/k3→1024/k3],0.312290,0.391774,false,add_layer,33
29,43,0.405842,1269765,2,[1024/k3→1024/k1],0.300343,0.391774,false,add_layer,34
29,44,0.400397,164357,1,[768/k3],0.329647,0.391774,false,weights,9
29,45,0.402226,219141,1,[1024/k3],0.325155,0.391774,false,weights,8
29,46,0.411714,223948,2,[23/k3→1024/k3],0.339414,0.391774,false,add_layer,28
29,47,0.397784,27397,1,[128/k3],0.361413,0.391774,false,resize_layer,28
29,48,0.402070,219141,1,[1024/k3],0.320727,0.391774,false,weights,34
29,49,0.405060,164357,1,[768/k3],0.349805,0.391774,false,resize_layer,5
29,50,0.404970,219141,1,[1024/k3],0.312917,0.391774,false,remove_layer,38
29,51,0.402467,219141,1,[1024/k3],0.323895,0.391774,false,weights,18
29,52,0.406107,1269765,2,[1024/k3→1024/k1],0.304774,0.391774,false,add_layer,4
29,53,0.401351,164357,1,[768/k3],0.329457,0.391774,false,weights,9
29,54,0.404113,109573,1,[512/k3],0.323911,0.391774,false,weights,63
29,55,0.433617,9658373,2,[1024/k3→1024/k3],0.273258,0.391774,false,weights,35
29,56,0.401510,164357,1,[768/k3],0.326380,0.391774,false,weights,9
29,57,0.402565,219141,1,[1024/k3],0.324924,0.391774,false,weights,8
29,58,0.402758,219141,1,[1024/k3],0.322121,0.391774,false,weights,18
29,59,0.402213,109573,1,[512/k3],0.327446,0.391774,false,weights,63
29,60,0.393528,5474309,2,[768/k3→768/k3],0.345335,0.391774,false,add_layer,20
29,61,0.413197,755717,2,[768/k3→768/k1],0.304345,0.391774,false,add_layer,9
29,62,0.399420,27397,1,[128/k3],0.349703,0.391774,false,weights,5
29,63,0.400854,109573,1,[512/k3],0.327942,0.391774,false,weights,52
30,0,0.475998,5474309,2,[768/k3→768/k3],0.286507,0.391774,true,champion,60
30,1,0.403755,109573,1,[512/k3],0.320673,0.391774,false,weights,63
30,2,0.400895,13701,1,[64/k3],0.363400,0.391774,false,resize_layer,47
30,3,0.402172,219141,1,[1024/k3],0.319265,0.391774,false,weights,48
30,4,0.401632,27397,1,[128/k3],0.343192,0.391774,false,weights,27
30,5,0.402745,27397,1,[128/k3],0.338402,0.391774,false,resize_layer,53
30,6,0.402033,27397,1,[128/k3],0.344112,0.391774,false,weights,27
30,7,0.402060,164357,1,[768/k3],0.322857,0.391774,false,weights,30
30,8,0.402603,164357,1,[768/k3],0.323363,0.391774,false,weights,56
30,9,0.404589,219141,1,[1024/k3],0.316959,0.391774,false,resize_layer,63
30,10,0.406362,6853,1,[32/k3],0.397273,0.391774,false,resize_layer,48
30,11,0.426316,164357,1,[768/k3],0.318568,0.391774,false,remove_layer,14
30,12,0.406175,109573,1,[512/k3],0.316352,0.391774,false,remove_layer,22
30,13,0.401797,164357,1,[768/k3],0.324366,0.391774,false,weights,44
30,14,0.402304,164357,1,[768/k3],0.322359,0.391774,false,weights,30
30,15,0.403007,109573,1,[512/k3],0.322046,0.391774,false,weights,63
30,16,0.404407,164357,1,[768/k3],0.316892,0.391774,false,resize_layer,63
30,17,0.429525,5474309,2,[768/k3→768/k3],0.268433,0.391774,false,weights,60
30,18,0.412150,114380,2,[23/k3→512/k3],0.343732,0.391774,false,add_layer,22
30,19,0.402985,27397,1,[128/k3],0.342132,0.391774,false,weights,29
30,20,0.405738,219141,1,[1024/k3],0.310553,0.391774,false,remove_layer,45
30,21,0.402197,164357,1,[768/k3],0.322879,0.391774,false,weights,56
30,22,0.474816,6065669,3,[768/k3→768/k1→768/k3],0.240558,0.391774,false,add_layer,60
30,23,0.402246,27397,1,[128/k3],0.343723,0.391774,false,weights,27
30,24,0.432428,9658373,2,[1024/k3→1024/k3],0.261954,0.391774,false,weights,11
30,25,0.408531,223948,2,[23/k3→1024/k3],0.335948,0.391774,false,add_layer,9
30,26,0.404813,164357,1,[768/k3],0.321258,0.391774,false,remove_layer,56
30,27,0.403731,219141,1,[1024/k3],0.318658,0.391774,false,weights,45
30,28,0.424061,164932,2,[23/k1→768/k3],0.364400,0.391774,false,add_layer,53
30,29,0.403488,109573,1,[512/k3],0.326421,0.391774,false,resize_layer,8
30,30,0.401023,27397,1,[128/k3],0.347987,0.391774,false,weights,47
30,31,0.401905,164357,1,[768/k3],0.325205,0.391774,false,resize_layer,45
30,32,0.451274,10708997,3,[1024/k3→1024/k1→1024/k3],0.223181,0.391774,false,add_layer,11
30,33,0.404658,6853,1,[32/k3],0.391377,0.391774,false,resize_layer,29
30,34,0.400820,27397,1,[128/k3],0.343062,0.391774,false,weights,62
30,35,0.401695,27397,1,[128/k3],0.349742,0.391774,false,weights,47
30,36,0.429038,164932,2,[23/k1→768/k3],0.356168,0.391774,false,add_layer,17
30,37,0.401905,164357,1,[768/k3],0.323544,0.391774,false,weights,36
30,38,0.431559,110148,2,[23/k1→512/k3],0.367661,0.391774,false,add_layer,22
30,39,0.402458,164357,1,[768/k3],0.324123,0.391774,false,weights,36
30,40,0.402911,109573,1,[512/k3],0.320441,0.391774,false,weights,59
30,41,0.402127,164357,1,[768/k3],0.323520,0.391774,false,weights,53
30,42,0.402501,27397,1,[128/k3],0.341960,0.391774,false,remove_layer,29
30,43,0.395974,2469893,2,[512/k3→512/k3],0.318630,0.391774,false,add_layer,22
30,44,0.402650,219141,1,[1024/k3],0.318312,0.391774,false,weights,48
30,45,0.405853,219141,1,[1024/k3],0.310526,0.391774,false,remove_layer,45
30,46,0.428486,9658373,2,[1024/k3→1024/k3],0.269589,0.391774,false,weights,11
30,47,0.441887,9658373,2,[1024/k3→1024/k3],0.271474,0.391774,false,weights,11
30,48,0.403664,6853,1,[32/k3],0.390426,0.391774,false,resize_layer,24
30,49,0.400936,219141,1,[1024/k3],0.327925,0.391774,false,weights,9
30,50,0.402595,109573,1,[512/k3],0.322066,0.391774,false,weights,22
30,51,0.402811,27397,1,[128/k3],0.342134,0.391774,false,weights,39
30,52,0.403351,109573,1,[512/k3],0.321634,0.391774,false,weights,59
30,53,0.400946,164357,1,[768/k3],0.326665,0.391774,false,weights,53
30,54,0.432583,5474309,2,[768/k3→768/k3],0.276319,0.391774,false,weights,60
30,55,0.404105,109573,1,[512/k3],0.317218,0.391774,false,remove_layer,63
30,56,0.420258,175109,2,[128/k3→128/k3],0.292512,0.391774,false,add_layer,29
30,57,0.414262,175109,2,[128/k3→128/k3],0.297482,0.391774,false,add_layer,39
30,58,0.396308,2469893,2,[512/k3→512/k3],0.324235,0.391774,false,add_layer,1
30,59,0.403487,13701,1,[64/k3],0.359809,0.391774,false,weights,24
30,60,0.403002,13701,1,[64/k3],0.359415,0.391774,false,weights,24
30,61,0.403242,109573,1,[512/k3],0.321882,0.391774,false,weights,22
30,62,0.400778,27397,1,[128/k3],0.347666,0.391774,false,weights,47
30,63,0.409808,223948,2,[23/k3→1024/k3],0.345474,0.391774,false,add_layer,9
31,0,0.424126,2469893,2,[512/k3→512/k3],0.258433,0.391103,true,champion,43
31,1,0.398481,13701,1,[64/k3],0.373499,0.391103,false,resize_layer,49
31,2,0.402443,27397,1,[128/k3],0.341876,0.391103,false,weights,30
31,3,0.403004,27397,1,[128/k3],0.338456,0.391103,false,weights,23
31,4,0.403073,219141,1,[1024/k3],0.318969,0.391103,false,weights,49
31,5,0.404325,27397,1,[128/k3],0.337820,0.391103,false,weights,42
31,6,0.402557,164357,1,[768/k3],0.321453,0.391103,false,weights,31
31,7,0.401889,164357,1,[768/k3],0.318258,0.391103,false,weights,21
31,8,0.402491,54789,1,[256/k3],0.330036,0.391103,false,resize_layer,37
31,9,0.402552,164357,1,[768/k3],0.320557,0.391103,false,weights,13
31,10,0.404378,219141,1,[1024/k3],0.314802,0.391103,false,resize_layer,21
31,11,0.404818,109573,1,[512/k3],0.316859,0.391103,false,weights,50
31,12,0.416690,175109,2,[128/k3→128/k3],0.291851,0.391103,false,add_layer,23
31,13,0.403081,109573,1,[512/k3],0.319527,0.391103,false,weights,50
31,14,0.426162,2469893,2,[512/k3→512/k3],0.263280,0.391103,false,weights,58
31,15,0.401447,27397,1,[128/k3],0.344325,0.391103,false,weights,35
31,16,0.402035,27397,1,[128/k3],0.343104,0.391103,false,weights,30
31,17,0.438366,2470468,3,[23/k1→512/k3→512/k3],0.306122,0.391103,false,add_layer,58
31,18,0.403274,27397,1,[128/k3],0.337826,0.391103,false,weights,4
31,19,0.422776,169164,2,[23/k3→768/k3],0.353309,0.391103,false,add_layer,7
31,20,0.401986,164357,1,[768/k3],0.321385,0.391103,false,weights,53
31,21,0.400412,54789,1,[256/k3],0.339774,0.391103,false,resize_layer,3
31,22,0.420734,50693,2,[64/k3→64/k3],0.317361,0.391103,false,add_layer,2
31,23,0.402723,164357,1,[768/k3],0.318891,0.391103,false,weights,37
31,24,0.403065,164357,1,[768/k3],0.317505,0.391103,false,weights,31
31,25,0.403884,164357,1,[768/k3],0.316317,0.391103,false,weights,21
31,26,0.391103,5474309,2,[768/k3→768/k3],0.352866,0.391103,false,add_layer,7
31,27,0.401745,27397,1,[128/k3],0.341381,0.391103,false,weights,35
31,28,0.414127,44037,2,[128/k3→128/k1],0.318197,0.391103,false,add_layer,6
31,29,0.403931,27397,1,[128/k3],0.339175,0.391103,false,weights,23
31,30,0.401917,27397,1,[128/k3],0.343469,0.391103,false,weights,35
31,31,0.401998,164357,1,[768/k3],0.319174,0.391103,false,weights,13
31,32,0.403336,164357,1,[768/k3],0.318568,0.391103,false,weights,37
31,33,0.402626,27397,1,[128/k3],0.339391,0.391103,false,weights,4
31,34,0.404076,109573,1,[512/k3],0.319069,0.391103,false,weights,50
31,35,0.401864,164357,1,[768/k3],0.320242,0.391103,false,weights,53
31,36,0.403835,164357,1,[768/k3],0.316830,0.391103,false,weights,21
31,37,0.402472,27397,1,[128/k3],0.343500,0.391103,false,remove_layer,35
31,38,0.402034,27397,1,[128/k3],0.343706,0.391103,false,weights,35
31,39,0.401619,27397,1,[128/k3],0.343249,0.391103,false,weights,30
31,40,0.403254,27397,1,[128/k3],0.337911,0.391103,false,weights,4
31,41,0.403549,164357,1,[768/k3],0.319512,0.391103,false,weights,39
31,42,0.402167,27397,1,[128/k3],0.343438,0.391103,false,weights,35
31,43,0.436203,110148,2,[23/k1→512/k3],0.370964,0.391103,false,add_layer,50
31,44,0.402600,27397,1,[128/k3],0.339253,0.391103,false,weights,4
31,45,0.391186,5474309,2,[768/k3→768/k3],0.346050,0.391103,false,add_layer,14
31,46,0.414168,44037,2,[128/k3→128/k1],0.320358,0.391103,false,add_layer,4
31,47,0.403509,164357,1,[768/k3],0.318861,0.391103,false,weights,31
31,48,0.402292,27397,1,[128/k3],0.339580,0.391103,false,weights,4
31,49,0.402561,164357,1,[768/k3],0.320330,0.391103,false,weights,13
31,50,0.403361,164357,1,[768/k3],0.320087,0.391103,false,weights,31
31,51,0.414212,44037,2,[128/k3→128/k1],0.318043,0.391103,false,add_layer,6
31,52,0.401333,27397,1,[128/k3],0.342812,0.391103,false,weights,35
31,53,0.402198,27397,1,[128/k3],0.341895,0.391103,false,weights,62
31,54,0.405518,219141,1,[1024/k3],0.314196,0.391103,false,remove_layer,49
31,55,0.407647,164357,1,[768/k3],0.314327,0.391103,false,remove_layer,14
31,56,0.402825,164357,1,[768/k3],0.319884,0.391103,false,weights,21
31,57,0.405429,27397,1,[128/k3],0.334093,0.391103,false,remove_layer,42
31,58,0.414219,44037,2,[128/k3→128/k1],0.320104,0.391103,false,add_layer,4
31,59,0.403269,164357,1,[768/k3],0.320202,0.391103,false,weights,21
31,60,0.433501,2469893,2,[512/k3→512/k3],0.281447,0.391103,false,weights,43
31,61,0.402597,164357,1,[768/k3],0.318703,0.391103,false,weights,41
31,62,0.401402,219141,1,[1024/k3],0.321654,0.391103,false,weights,49
31,63,0.401666,27397,1,[128/k3],0.342975,0.391103,false,remove_layer,30
32,0,0.456018,5474309,2,[768/k3→768/k3],0.256673,0.391103,true,champion,26
32,1,0.411463,32204,2,[23/k3→128/k3],0.359219,0.391103,false,add_layer,42
32,2,0.404364,13701,1,[64/k3],0.346949,0.391103,false,resize_layer,31
32,3,0.425593,5474309,2,[768/k3→768/k3],0.267187,0.391103,false,weights,26
32,4,0.403434,164357,1,[768/k3],0.314913,0.391103,false,weights,7
32,5,0.403831,27397,1,[128/k3],0.335859,0.391103,false,weights,48
32,6,0.431593,219716,2,[23/k1→1024/k3],0.361276,0.391103,false,add_layer,62
32,7,0.402627,27397,1,[128/k3],0.338580,0.391103,false,weights,39
32,8,0.404043,54789,1,[256/k3],0.323380,0.391103,false,weights,8
32,9,0.402874,219141,1,[1024/k3],0.336458,0.391103,false,resize_layer,52
32,10,0.403178,54789,1,[256/k3],0.331167,0.391103,false,weights,21
32,11,0.402459,164357,1,[768/k3],0.317639,0.391103,false,weights,20
32,12,0.403247,27397,1,[128/k3],0.339240,0.391103,false,weights,37
32,13,0.406945,6853,1,[32/k3],0.395074,0.391103,false,resize_layer,21
32,14,0.423698,27972,2,[23/k1→128/k3],0.372402,0.391103,false,add_layer,27
32,15,0.402862,27397,1,[128/k3],0.336092,0.391103,false,weights,48
32,16,0.425975,219716,2,[23/k1→1024/k3],0.358369,0.391103,false,add_layer,62
32,17,0.403601,27397,1,[128/k3],0.335453,0.391103,false,remove_layer,52
32,18,0.404025,54789,1,[256/k3],0.335932,0.391103,false,resize_layer,63
32,19,0.405245,219141,1,[1024/k3],0.307850,0.391103,false,remove_layer,62
32,20,0.430800,164932,2,[23/k1→768/k3],0.360507,0.391103,false,add_layer,9
32,21,0.403748,27397,1,[128/k3],0.335198,0.391103,false,remove_layer,53
32,22,0.402539,27397,1,[128/k3],0.339325,0.391103,false,weights,16
32,23,0.402049,27397,1,[128/k3],0.337502,0.391103,false,weights,27
32,24,0.414474,461125,2,[64/k3→768/k3],0.301404,0.391103,false,resize_layer,26
32,25,0.403704,27397,1,[128/k3],0.335967,0.391103,false,remove_layer,16
32,26,0.403209,27397,1,[128/k3],0.339002,0.391103,false,weights,38
32,27,0.429533,164932,2,[23/k1→768/k3],0.354908,0.391103,false,add_layer,31
32,28,0.403858,13701,1,[64/k3],0.346617,0.391103,false,resize_layer,7
32,29,0.403270,27397,1,[128/k3],0.338226,0.391103,false,weights,16
32,30,0.402208,164357,1,[768/k3],0.317506,0.391103,false,weights,35
32,31,0.403099,27397,1,[128/k3],0.336525,0.391103,false,weights,52
32,32,0.402304,27397,1,[128/k3],0.338342,0.391103,false,weights,27
32,33,0.402777,164357,1,[768/k3],0.315940,0.391103,false,weights,35
32,34,0.391891,5474309,2,[768/k3→768/k3],0.352747,0.391103,false,add_layer,31
32,35,0.403047,27397,1,[128/k3],0.336756,0.391103,false,weights,39
32,36,0.403428,164357,1,[768/k3],0.315268,0.391103,false,weights,20
32,37,0.401377,13701,1,[64/k3],0.360243,0.391103,false,resize_layer,38
32,38,0.425685,7245573,2,[768/k3→1024/k3],0.265713,0.391103,false,resize_layer,26
32,39,0.403217,54789,1,[256/k3],0.331766,0.391103,false,weights,21
32,40,0.403517,27397,1,[128/k3],0.337417,0.391103,false,weights,37
32,41,0.426068,27972,2,[23/k1→128/k3],0.367340,0.391103,false,add_layer,30
32,42,0.401437,13701,1,[64/k3],0.360455,0.391103,false,weights,1
32,43,0.403065,27397,1,[128/k3],0.340164,0.391103,false,weights,15
32,44,0.403200,54789,1,[256/k3],0.331851,0.391103,false,weights,21
32,45,0.402869,27397,1,[128/k3],0.338008,0.391103,false,weights,38
32,46,0.402527,27397,1,[128/k3],0.337455,0.391103,false,weights,53
32,47,0.403700,109573,1,[512/k3],0.335640,0.391103,false,resize_layer,2
32,48,0.416278,175109,2,[128/k3→128/k3],0.289468,0.391103,false,add_layer,37
32,49,0.402426,27397,1,[128/k3],0.338800,0.391103,false,weights,16
32,50,0.402800,54789,1,[256/k3],0.331981,0.391103,false,weights,21
32,51,0.423291,27972,2,[23/k1→128/k3],0.372695,0.391103,false,add_layer,39
32,52,0.413337,59596,2,[23/k3→256/k3],0.348755,0.391103,false,add_layer,21
32,53,0.403809,27397,1,[128/k3],0.336759,0.391103,false,weights,37
32,54,0.413047,32204,2,[23/k3→128/k3],0.359380,0.391103,false,add_layer,48
32,55,0.413300,32204,2,[23/k3→128/k3],0.358376,0.391103,false,add_layer,48
32,56,0.403234,164357,1,[768/k3],0.315699,0.391103,false,weights,31
32,57,0.403337,27397,1,[128/k3],0.339064,0.391103,false,weights,38
32,58,0.404219,27397,1,[128/k3],0.337404,0.391103,false,weights,42
32,59,0.432163,1828357,2,[256/k3→768/k3],0.269982,0.391103,false,resize_layer,45
32,60,0.402025,164357,1,[768/k3],0.316599,0.391103,false,weights,31
32,61,0.402299,164357,1,[768/k3],0.317283,0.391103,false,weights,31
32,62,0.403770,27397,1,[128/k3],0.337010,0.391103,false,remove_layer,37
32,63,0.404930,109573,1,[512/k3],0.333138,0.391103,false,resize_layer,27
33,0,0.462386,5474309,2,[768/k3→768/k3],0.257827,0.391103,true,champion,34
33,1,0.403010,164357,1,[768/k3],0.313650,0.391103,false,weights,33
33,2,0.405874,27397,1,[128/k3],0.330433,0.391103,false,remove_layer,15
33,3,0.425802,175109,2,[128/k3→128/k3],0.288695,0.391103,false,add_layer,35
33,4,0.403816,219141,1,[1024/k3],0.329808,0.391103,false,remove_layer,9
33,5,0.404379,27397,1,[128/k3],0.333282,0.391103,false,weights,45
33,6,0.405182,54789,1,[256/k3],0.330744,0.391103,false,resize_layer,35
33,7,0.403183,27397,1,[128/k3],0.334565,0.391103,false,weights,46
33,8,0.403574,27397,1,[128/k3],0.332616,0.391103,false,remove_layer,23
33,9,0.404240,27397,1,[128/k3],0.333136,0.391103,false,remove_layer,22
33,10,0.403886,27397,1,[128/k3],0.333871,0.391103,false,weights,35
33,11,0.403497,27397,1,[128/k3],0.334469,0.391103,false,weights,46
33,12,0.404590,27397,1,[128/k3],0.333288,0.391103,false,weights,22
33,13,0.403148,27397,1,[128/k3],0.335390,0.391103,false,weights,32
33,14,0.404556,27397,1,[128/k3],0.331881,0.391103,false,weights,35
33,15,0.403584,164357,1,[768/k3],0.313699,0.391103,false,weights,11
33,16,0.402956,219141,1,[1024/k3],0.333470,0.391103,false,weights,9
33,17,0.404122,164357,1,[768/k3],0.311304,0.391103,false,weights,33
33,18,0.403557,27397,1,[128/k3],0.334776,0.391103,false,weights,49
33,19,0.448754,3703045,2,[768/k3→512/k3],0.263726,0.391103,false,resize_layer,34
33,20,0.403914,27397,1,[128/k3],0.334885,0.391103,false,weights,7
33,21,0.403430,27397,1,[128/k3],0.333752,0.391103,false,weights,15
33,22,0.403220,27397,1,[128/k3],0.334490,0.391103,false,weights,46
33,23,0.407367,54789,1,[256/k3],0.323018,0.391103,false,weights,10
33,24,0.404620,109573,1,[512/k3],0.331885,0.391103,false,resize_layer,22
33,25,0.405350,27397,1,[128/k3],0.330862,0.391103,false,remove_layer,31
33,26,0.402640,13701,1,[64/k3],0.355812,0.391103,false,remove_layer,42
33,27,0.403186,219141,1,[1024/k3],0.332829,0.391103,false,weights,9
33,28,0.404309,13701,1,[64/k3],0.346488,0.391103,false,resize_layer,11
33,29,0.425068,27972,2,[23/k1→128/k3],0.369600,0.391103,false,add_layer,43
33,30,0.403696,27397,1,[128/k3],0.333746,0.391103,false,weights,35
33,31,0.404779,27397,1,[128/k3],0.333848,0.391103,false,weights,45
33,32,0.418328,50693,2,[64/k3→64/k3],0.316968,0.391103,false,add_layer,42
33,33,0.417829,755717,2,[768/k3→768/k1],0.281328,0.391103,false,add_layer,33
33,34,0.403569,164357,1,[768/k3],0.312012,0.391103,false,weights,33
33,35,0.434340,55364,2,[23/k1→256/k3],0.375989,0.391103,false,add_layer,50
33,36,0.413495,32204,2,[23/k3→128/k3],0.362321,0.391103,false,add_layer,31
33,37,0.392467,5474309,2,[768/k3→768/k3],0.350697,0.391103,false,add_layer,61
33,38,0.403299,27397,1,[128/k3],0.334052,0.391103,false,weights,31
33,39,0.402921,109573,1,[512/k3],0.317944,0.391103,false,resize_layer,33
33,40,0.403466,164357,1,[768/k3],0.313302,0.391103,false,weights,61
33,41,0.421991,175109,2,[128/k3→128/k3],0.284910,0.391103,false,add_layer,23
33,42,0.404717,164357,1,[768/k3],0.309642,0.391103,false,weights,33
33,43,0.418313,50693,2,[64/k3→64/k3],0.319167,0.391103,false,add_layer,42
33,44,0.416851,755717,2,[768/k3→768/k1],0.285762,0.391103,false,add_layer,11
33,45,0.404373,27397,1,[128/k3],0.333834,0.391103,false,weights,7
33,46,0.429498,5474309,2,[768/k3→768/k3],0.274222,0.391103,false,weights,34
33,47,0.404904,54789,1,[256/k3],0.326469,0.391103,false,weights,50
33,48,0.433760,164932,2,[23/k1→768/k3],0.359006,0.391103,false,add_layer,33
33,49,0.404115,164357,1,[768/k3],0.312107,0.391103,false,weights,30
33,50,0.427908,27972,2,[23/k1→128/k3],0.375380,0.391103,false,add_layer,49
33,51,0.404139,27397,1,[128/k3],0.334034,0.391103,false,weights,26
33,52,0.402985,13701,1,[64/k3],0.356577,0.391103,false,weights,42
33,53,0.402780,54789,1,[256/k3],0.354776,0.391103,false,resize_layer,42
33,54,0.415732,59596,2,[23/k3→256/k3],0.351010,0.391103,false,add_layer,10
33,55,0.405358,27397,1,[128/k3],0.331809,0.391103,false,remove_layer,26
33,56,0.404023,27397,1,[128/k3],0.334224,0.391103,false,weights,32
33,57,0.403408,164357,1,[768/k3],0.313147,0.391103,false,weights,60
33,58,0.404596,27397,1,[128/k3],0.332523,0.391103,false,weights,45
33,59,0.403463,27397,1,[128/k3],0.334760,0.391103,false,weights,32
33,60,0.403118,27397,1,[128/k3],0.334645,0.391103,false,weights,46
33,61,0.404978,27397,1,[128/k3],0.331802,0.391103,false,remove_layer,7
33,62,0.403899,27397,1,[128/k3],0.335203,0.391103,false,weights,26
33,63,0.402640,27397,1,[128/k3],0.335183,0.391103,false,weights,23
34,0,0.435010,5474309,2,[768/k3→768/k3],0.244447,0.391103,true,champion,37
34,1,0.404692,27397,1,[128/k3],0.330754,0.391103,false,weights,60
34,2,0.404218,27397,1,[128/k3],0.330998,0.391103,false,weights,11
34,3,0.403269,109573,1,[512/k3],0.315389,0.391103,false,resize_layer,15
34,4,0.404024,27397,1,[128/k3],0.331578,0.391103,false,weights,38
34,5,0.406361,27397,1,[128/k3],0.327392,0.391103,false,remove_layer,60
34,6,0.404306,109573,1,[512/k3],0.312834,0.391103,false,weights,39
34,7,0.404473,27397,1,[128/k3],0.332274,0.391103,false,weights,13
34,8,0.404760,27397,1,[128/k3],0.331519,0.391103,false,weights,18
34,9,0.413481,18508,2,[23/k3→64/k3],0.366233,0.391103,false,add_layer,26
34,10,0.406081,164357,1,[768/k3],0.307905,0.391103,false,weights,40
34,11,0.403986,164357,1,[768/k3],0.310800,0.391103,false,weights,15
34,12,0.404033,54789,1,[256/k3],0.348208,0.391103,false,weights,53
34,13,0.404738,164357,1,[768/k3],0.308633,0.391103,false,weights,57
34,14,0.404669,54789,1,[256/k3],0.328488,0.391103,false,resize_layer,22
34,15,0.405396,54789,1,[256/k3],0.328788,0.391103,false,resize_layer,63
34,16,0.405905,13701,1,[64/k3],0.350682,0.391103,false,remove_layer,52
34,17,0.403810,164357,1,[768/k3],0.331021,0.391103,false,resize_layer,16
34,18,0.405208,27397,1,[128/k3],0.328685,0.391103,false,remove_layer,38
34,19,0.406362,27397,1,[128/k3],0.327391,0.391103,false,remove_layer,60
34,20,0.405077,27397,1,[128/k3],0.330887,0.391103,false,weights,21
34,21,0.433388,27972,2,[23/k1→128/k3],0.377298,0.391103,false,add_layer,7
34,22,0.403791,164357,1,[768/k3],0.309721,0.391103,false,weights,15
34,23,0.459449,175109,2,[128/k3→128/k3],0.295393,0.391103,false,add_layer,38
34,24,0.404666,164357,1,[768/k3],0.309874,0.391103,false,weights,15
34,25,0.404386,164357,1,[768/k3],0.308588,0.391103,false,weights,34
34,26,0.404477,164357,1,[768/k3],0.307446,0.391103,false,weights,34
34,27,0.404367,164357,1,[768/k3],0.308952,0.391103,false,weights,34
34,28,0.402853,54789,1,[256/k3],0.350916,0.391103,false,weights,53
34,29,0.405693,164357,1,[768/k3],0.302565,0.391103,false,remove_layer,34
34,30,0.427268,175109,2,[128/k3→128/k3],0.281578,0.391103,false,add_layer,18
34,31,0.406514,27397,1,[128/k3],0.328165,0.391103,false,remove_layer,21
34,32,0.403678,109573,1,[512/k3],0.315011,0.391103,false,weights,39
34,33,0.405924,27397,1,[128/k3],0.328277,0.391103,false,remove_layer,7
34,34,0.404292,13701,1,[64/k3],0.353033,0.391103,false,weights,52
34,35,0.404756,27397,1,[128/k3],0.328714,0.391103,false,remove_layer,22
34,36,0.404489,27397,1,[128/k3],0.331314,0.391103,false,weights,11
34,37,0.434714,164932,2,[23/k1→768/k3],0.358231,0.391103,false,add_layer,40
34,38,0.404457,164357,1,[768/k3],0.309542,0.391103,false,weights,57
34,39,0.402987,219141,1,[1024/k3],0.331022,0.391103,false,weights,16
34,40,0.404509,27397,1,[128/k3],0.331862,0.391103,false,weights,18
34,41,0.402899,219141,1,[1024/k3],0.330476,0.391103,false,weights,27
34,42,0.428433,10784261,3,[768/k3→768/k3→768/k3],0.272466,0.391103,false,add_layer,37
34,43,0.403823,27397,1,[128/k3],0.330118,0.391103,false,weights,8
34,44,0.403745,13701,1,[64/k3],0.354050,0.391103,false,weights,52
34,45,0.404746,27397,1,[128/k3],0.330976,0.391103,false,weights,60
34,46,0.403251,109573,1,[512/k3],0.315036,0.391103,false,weights,39
34,47,0.403868,219141,1,[1024/k3],0.351129,0.391103,false,resize_layer,52
34,48,0.402974,27397,1,[128/k3],0.331242,0.391103,false,weights,8
34,49,0.404085,109573,1,[512/k3],0.312213,0.391103,false,weights,39
34,50,0.425853,169164,2,[23/k3→768/k3],0.340270,0.391103,false,add_layer,1
34,51,0.418451,44037,2,[128/k3→128/k1],0.309622,0.391103,false,add_layer,11
34,52,0.420000,5474309,2,[768/k3→768/k3],0.274661,0.391103,false,weights,37
34,53,0.403580,164357,1,[768/k3],0.310175,0.391103,false,weights,15
34,54,0.418418,44037,2,[128/k3→128/k1],0.308314,0.391103,false,add_layer,22
34,55,0.403913,54789,1,[256/k3],0.349645,0.391103,false,weights,53
34,56,0.403996,164357,1,[768/k3],0.309599,0.391103,false,weights,1
34,57,0.406030,6853,1,[32/k3],0.391410,0.391103,false,resize_layer,18
34,58,0.403531,27397,1,[128/k3],0.331944,0.391103,false,weights,60
34,59,0.425925,27972,2,[23/k1→128/k3],0.371458,0.391103,false,add_layer,22
34,60,0.403466,27397,1,[128/k3],0.331804,0.391103,false,weights,11
34,61,0.401033,13701,1,[64/k3],0.358237,0.391103,false,resize_layer,21
34,62,0.403617,27397,1,[128/k3],0.332355,0.391103,false,weights,63
34,63,0.404918,109573,1,[512/k3],0.312351,0.391103,false,weights,39
35,0,0.403674,13701,1,[64/k3],0.350764,0.391103,true,champion,61
35,1,0.403624,219141,1,[1024/k3],0.327641,0.391103,false,weights,39
35,2,0.424642,175109,2,[128/k3→128/k3],0.280394,0.391103,false,add_layer,58
35,3,0.428217,175109,2,[128/k3→128/k3],0.277579,0.391103,false,add_layer,58
35,4,0.407072,219141,1,[1024/k3],0.300059,0.391103,false,resize_layer,22
35,5,0.405406,27397,1,[128/k3],0.326466,0.391103,false,remove_layer,43
35,6,0.403598,219141,1,[1024/k3],0.327554,0.391103,false,weights,39
35,7,0.405254,27397,1,[128/k3],0.327311,0.391103,false,remove_layer,4
35,8,0.403143,54789,1,[256/k3],0.345405,0.391103,false,weights,28
35,9,0.404687,109573,1,[512/k3],0.310410,0.391103,false,weights,46
35,10,0.405012,109573,1,[512/k3],0.307525,0.391103,false,weights,49
35,11,0.404995,27397,1,[128/k3],0.327161,0.391103,false,weights,43
35,12,0.405342,109573,1,[512/k3],0.307840,0.391103,false,weights,49
35,13,0.406662,27397,1,[128/k3],0.325272,0.391103,false,remove_layer,48
35,14,0.402343,219141,1,[1024/k3],0.328782,0.391103,false,weights,39
35,15,0.404745,164357,1,[768/k3],0.305449,0.391103,false,weights,53
35,16,0.404237,219141,1,[1024/k3],0.341933,0.391103,false,remove_layer,47
35,17,0.404277,109573,1,[512/k3],0.312396,0.391103,false,resize_layer,11
35,18,0.402415,13701,1,[64/k3],0.352679,0.391103,false,weights,61
35,19,0.403456,54789,1,[256/k3],0.322808,0.391103,false,resize_layer,22
35,20,0.404981,54789,1,[256/k3],0.341702,0.391103,false,weights,12
35,21,0.420968,169164,2,[23/k3→768/k3],0.348237,0.391103,false,add_layer,53
35,22,0.405334,109573,1,[512/k3],0.310584,0.391103,false,weights,32
35,23,0.403820,27397,1,[128/k3],0.330299,0.391103,false,weights,62
35,24,0.396669,2469893,2,[512/k3→512/k3],0.319802,0.391103,false,add_layer,49
35,25,0.418748,755717,2,[768/k3→768/k1],0.279454,0.391103,false,add_layer,56
35,26,0.427560,175109,2,[128/k3→128/k3],0.281016,0.391103,false,add_layer,4
35,27,0.403172,13701,1,[64/k3],0.358067,0.391103,false,resize_layer,2
35,28,0.403722,54789,1,[256/k3],0.340658,0.391103,false,remove_layer,28
35,29,0.404329,164357,1,[768/k3],0.307293,0.391103,false,weights,53
35,30,0.404604,219141,1,[1024/k3],0.326257,0.391103,false,weights,41
35,31,0.403121,219141,1,[1024/k3],0.328300,0.391103,false,weights,41
35,32,0.403952,13701,1,[64/k3],0.351728,0.391103,false,weights,44
35,33,0.405124,109573,1,[512/k3],0.309175,0.391103,false,weights,46
35,34,0.405257,27397,1,[128/k3],0.327311,0.391103,false,remove_layer,4
35,35,0.403923,27397,1,[128/k3],0.329181,0.391103,false,weights,4
35,36,0.421058,755717,2,[768/k3→768/k1],0.274103,0.391103,false,add_layer,22
35,37,0.425055,372741,2,[512/k3→512/k1],0.277248,0.391103,false,add_layer,32
35,38,0.405422,27397,1,[128/k3],0.327540,0.391103,false,weights,43
35,39,0.404537,27397,1,[128/k3],0.329144,0.391103,false,weights,58
35,40,0.406997,164357,1,[768/k3],0.299741,0.391103,false,remove_layer,22
35,41,0.405445,164357,1,[768/k3],0.306126,0.391103,false,weights,56
35,42,0.404328,219141,1,[1024/k3],0.327150,0.391103,false,weights,41
35,43,0.414682,169164,2,[23/k3→768/k3],0.355404,0.391103,false,add_layer,17
35,44,0.413423,223948,2,[23/k3→1024/k3],0.361745,0.391103,false,add_layer,47
35,45,0.403358,164357,1,[768/k3],0.328329,0.391103,false,weights,17
35,46,0.404436,27397,1,[128/k3],0.328305,0.391103,false,weights,43
35,47,0.404259,164357,1,[768/k3],0.342487,0.391103,false,resize_layer,12
35,48,0.404896,164357,1,[768/k3],0.306507,0.391103,false,weights,22
35,49,0.404304,109573,1,[512/k3],0.327645,0.391103,false,resize_layer,41
35,50,0.405010,164357,1,[768/k3],0.306326,0.391103,false,weights,22
35,51,0.405018,27397,1,[128/k3],0.328275,0.391103,false,weights,2
35,52,0.404915,27397,1,[128/k3],0.328778,0.391103,false,weights,58
35,53,0.402900,13701,1,[64/k3],0.352835,0.391103,false,weights,61
35,54,0.407049,109573,1,[512/k3],0.305575,0.391103,false,remove_layer,46
35,55,0.405866,13701,1,[64/k3],0.349561,0.391103,false,weights,44
35,56,0.406208,109573,1,[512/k3],0.305599,0.391103,false,weights,49
35,57,0.405405,164357,1,[768/k3],0.324460,0.391103,false,remove_layer,17
35,58,0.394100,5474309,2,[768/k3→768/k3],0.347427,0.391103,false,add_layer,17
35,59,0.404214,109573,1,[512/k3],0.311344,0.391103,false,weights,46
35,60,0.405003,164357,1,[768/k3],0.306958,0.391103,false,weights,56
35,61,0.404571,164357,1,[768/k3],0.306445,0.391103,false,weights,22
35,62,0.404519,27397,1,[128/k3],0.328413,0.391103,false,weights,48
35,63,0.393778,5474309,2,[768/k3→768/k3],0.343998,0.391103,false,add_layer,17
36,0,0.428610,5474309,2,[768/k3→768/k3],0.269008,0.391103,true,champion,63
36,1,0.405675,219141,1,[1024/k3],0.333770,0.391103,false,remove_layer,16
36,2,0.403522,219141,1,[1024/k3],0.338057,0.391103,false,weights,16
36,3,0.418056,372741,2,[512/k3→512/k1],0.298669,0.391103,false,add_layer,49
36,4,0.403643,13701,1,[64/k3],0.349546,0.391103,false,weights,18
36,5,0.455584,5474884,3,[23/k1→768/k3→768/k3],0.297698,0.391103,false,add_layer,63
36,6,0.404010,219141,1,[1024/k3],0.323807,0.391103,false,weights,31
36,7,0.404531,54789,1,[256/k3],0.339392,0.391103,false,weights,8
36,8,0.404574,13701,1,[64/k3],0.349533,0.391103,false,weights,32
36,9,0.403723,54789,1,[256/k3],0.337761,0.391103,false,weights,28
36,10,0.403744,219141,1,[1024/k3],0.324643,0.391103,false,weights,14
36,11,0.404503,109573,1,[512/k3],0.324831,0.391103,false,weights,49
36,12,0.400770,164357,1,[768/k3],0.389264,0.391103,false,remove_layer,63
36,13,0.404104,219141,1,[1024/k3],0.323989,0.391103,false,weights,31
36,14,0.404009,219141,1,[1024/k3],0.323381,0.391103,false,weights,1
36,15,0.408329,164357,1,[768/k3],0.334848,0.391103,false,remove_layer,47
36,16,0.405155,219141,1,[1024/k3],0.345359,0.391103,false,resize_layer,0
36,17,0.405729,109573,1,[512/k3],0.306594,0.391103,false,weights,59
36,18,0.404947,164357,1,[768/k3],0.323553,0.391103,false,weights,45
36,19,0.404690,27397,1,[128/k3],0.327096,0.391103,false,weights,35
36,20,0.406002,13701,1,[64/k3],0.345091,0.391103,false,resize_layer,17
36,21,0.405017,109573,1,[512/k3],0.324584,0.391103,false,weights,49
36,22,0.406464,109573,1,[512/k3],0.306710,0.391103,false,weights,59
36,23,0.404512,164357,1,[768/k3],0.339312,0.391103,false,weights,47
36,24,0.424755,175109,2,[128/k3→128/k3],0.281702,0.391103,false,add_layer,23
36,25,0.405177,109573,1,[512/k3],0.323831,0.391103,false,weights,49
36,26,0.404436,219141,1,[1024/k3],0.324105,0.391103,false,weights,42
36,27,0.403142,54789,1,[256/k3],0.340287,0.391103,false,weights,8
36,28,0.406340,109573,1,[512/k3],0.306112,0.391103,false,weights,17
36,29,0.415628,114380,2,[23/k3→512/k3],0.354342,0.391103,false,add_layer,49
36,30,0.393552,9658373,2,[1024/k3→1024/k3],0.354805,0.391103,false,add_layer,42
36,31,0.406111,27397,1,[128/k3],0.325073,0.391103,false,remove_layer,23
36,32,0.413818,17925,2,[64/k3→64/k1],0.337747,0.391103,false,add_layer,53
36,33,0.405973,109573,1,[512/k3],0.307237,0.391103,false,weights,17
36,34,0.416004,18508,2,[23/k3→64/k3],0.369707,0.391103,false,add_layer,53
36,35,0.405374,27397,1,[128/k3],0.327571,0.391103,false,weights,23
36,36,0.439728,1046149,2,[768/k3→128/k3],0.251844,0.391103,false,resize_layer,58
36,37,0.428493,219716,2,[23/k1→1024/k3],0.368317,0.391103,false,add_layer,6
36,38,0.438519,2469893,2,[512/k3→512/k3],0.253324,0.391103,false,weights,24
36,39,0.404445,54789,1,[256/k3],0.339991,0.391103,false,weights,8
36,40,0.406123,6853,1,[32/k3],0.385735,0.391103,false,resize_layer,27
36,41,0.405493,13701,1,[64/k3],0.348172,0.391103,false,weights,32
36,42,0.407168,109573,1,[512/k3],0.319207,0.391103,false,remove_layer,49
36,43,0.413948,223948,2,[23/k3→1024/k3],0.354024,0.391103,false,add_layer,16
36,44,0.405556,6853,1,[32/k3],0.382569,0.391103,false,resize_layer,28
36,45,0.431004,219716,2,[23/k1→1024/k3],0.371717,0.391103,false,add_layer,16
36,46,0.405571,27397,1,[128/k3],0.327185,0.391103,false,weights,35
36,47,0.404180,164357,1,[768/k3],0.325311,0.391103,false,resize_layer,31
36,48,0.414687,755717,2,[768/k3→768/k1],0.307230,0.391103,false,add_layer,45
36,49,0.413554,17925,2,[64/k3→64/k1],0.337232,0.391103,false,add_layer,18
36,50,0.405390,219141,1,[1024/k3],0.319516,0.391103,false,remove_layer,14
36,51,0.406521,13701,1,[64/k3],0.347758,0.391103,false,resize_layer,28
36,52,0.405684,27397,1,[128/k3],0.326322,0.391103,false,weights,23
36,53,0.422674,2469893,2,[512/k3→512/k3],0.261101,0.391103,false,weights,24
36,54,0.405148,13701,1,[64/k3],0.347713,0.391103,false,weights,0
36,55,0.405880,13701,1,[64/k3],0.347008,0.391103,false,remove_layer,18
36,56,0.405366,27397,1,[128/k3],0.326229,0.391103,false,weights,35
36,57,0.404563,13701,1,[64/k3],0.347814,0.391103,false,weights,0
36,58,0.405556,6853,1,[32/k3],0.382569,0.391103,false,resize_layer,28
36,59,0.403527,54789,1,[256/k3],0.338172,0.391103,false,weights,28
36,60,0.405508,54789,1,[256/k3],0.325391,0.391103,false,resize_layer,35
36,61,0.405910,54789,1,[256/k3],0.314151,0.391103,false,weights,19
36,62,0.405932,13701,1,[64/k3],0.346736,0.391103,false,weights,0
36,63,0.407579,164357,1,[768/k3],0.302598,0.391103,false,resize_layer,17
37,0,0.430260,9658373,2,[1024/k3→1024/k3],0.254043,0.391103,true,champion,30
37,1,0.400807,54789,1,[256/k3],0.357685,0.391103,false,resize_layer,12
37,2,0.404157,164357,1,[768/k3],0.322789,0.391103,false,resize_layer,26
37,3,0.405491,219141,1,[1024/k3],0.338347,0.391103,false,weights,16
37,4,0.404524,164357,1,[768/k3],0.320710,0.391103,false,resize_layer,14
37,5,0.405501,219141,1,[1024/k3],0.319308,0.391103,false,weights,26
37,6,0.419736,50693,2,[64/k3→64/k3],0.312576,0.391103,false,add_layer,57
37,7,0.404761,164357,1,[768/k3],0.319328,0.391103,false,weights,18
37,8,0.403683,219141,1,[1024/k3],0.320910,0.391103,false,weights,6
37,9,0.417613,223948,2,[23/k3→1024/k3],0.348741,0.391103,false,add_layer,26
37,10,0.404388,54789,1,[256/k3],0.331972,0.391103,false,weights,9
37,11,0.404757,54789,1,[256/k3],0.335720,0.391103,false,weights,7
37,12,0.440677,9658373,2,[1024/k3→1024/k3],0.292996,0.391103,false,weights,30
37,13,0.405839,13701,1,[64/k3],0.347430,0.391103,false,weights,8
37,14,0.426890,219716,2,[23/k1→1024/k3],0.360950,0.391103,false,add_layer,6
37,15,0.405878,164357,1,[768/k3],0.320492,0.391103,false,weights,47
37,16,0.403366,219141,1,[1024/k3],0.334179,0.391103,false,weights,2
37,17,0.404693,219141,1,[1024/k3],0.332043,0.391103,false,weights,2
37,18,0.431598,9658373,2,[1024/k3→1024/k3],0.284945,0.391103,false,weights,30
37,19,0.406768,27397,1,[128/k3],0.341646,0.391103,false,resize_layer,16
37,20,0.405055,219141,1,[1024/k3],0.319940,0.391103,false,weights,6
37,21,0.405974,13701,1,[64/k3],0.345724,0.391103,false,weights,54
37,22,0.403978,219141,1,[1024/k3],0.321269,0.391103,false,weights,26
37,23,0.403891,219141,1,[1024/k3],0.321346,0.391103,false,weights,13
37,24,0.404726,164357,1,[768/k3],0.321924,0.391103,false,weights,47
37,25,0.410440,54789,1,[256/k3],0.332408,0.391103,false,remove_layer,39
37,26,0.404240,54789,1,[256/k3],0.336198,0.391103,false,weights,27
37,27,0.404185,54789,1,[256/k3],0.333246,0.391103,false,weights,59
37,28,0.393338,5474309,2,[768/k3→768/k3],0.348966,0.391103,false,add_layer,47
37,29,0.405013,219141,1,[1024/k3],0.318385,0.391103,false,weights,14
37,30,0.396087,2469893,2,[512/k3→512/k3],0.330364,0.391103,false,add_layer,11
37,31,0.406061,13701,1,[64/k3],0.345851,0.391103,false,weights,4
37,32,0.406710,13701,1,[64/k3],0.345108,0.391103,false,weights,54
37,33,0.406601,54789,1,[256/k3],0.330517,0.391103,false,remove_layer,7
37,34,0.395081,9658373,2,[1024/k3→1024/k3],0.354424,0.391103,false,add_layer,2
37,35,0.398256,755717,2,[768/k3→768/k1],0.345154,0.391103,false,add_layer,12
37,36,0.406686,27397,1,[128/k3],0.322855,0.391103,false,remove_layer,19
37,37,0.403695,219141,1,[1024/k3],0.331499,0.391103,false,weights,2
37,38,0.402675,164357,1,[768/k3],0.357323,0.391103,false,weights,12
37,39,0.405174,27397,1,[128/k3],0.326733,0.391103,false,resize_layer,6
37,40,0.405177,164357,1,[768/k3],0.335924,0.391103,false,weights,23
37,41,0.406190,13701,1,[64/k3],0.346756,0.391103,false,weights,8
37,42,0.402493,13701,1,[64/k3],0.357333,0.391103,false,resize_layer,6
37,43,0.404566,219141,1,[1024/k3],0.342629,0.391103,false,weights,16
37,44,0.405190,164357,1,[768/k3],0.321251,0.391103,false,weights,47
37,45,0.404839,164357,1,[768/k3],0.334480,0.391103,false,weights,23
37,46,0.407144,219141,1,[1024/k3],0.314502,0.391103,false,remove_layer,13
37,47,0.406465,164357,1,[768/k3],0.330340,0.391103,false,remove_layer,23
37,48,0.405864,27397,1,[128/k3],0.324884,0.391103,false,weights,19
37,49,0.404901,164357,1,[768/k3],0.320143,0.391103,false,weights,18
37,50,0.404765,109573,1,[512/k3],0.322243,0.391103,false,weights,11
37,51,0.405298,54789,1,[256/k3],0.331892,0.391103,false,remove_layer,27
37,52,0.418358,372741,2,[512/k3→512/k1],0.296991,0.391103,false,add_layer,21
37,53,0.404617,219141,1,[1024/k3],0.321005,0.391103,false,weights,26
37,54,0.407969,219141,1,[1024/k3],0.317628,0.391103,false,resize_layer,21
37,55,0.405301,54789,1,[256/k3],0.331891,0.391103,false,remove_layer,27
37,56,0.406790,13701,1,[64/k3],0.345418,0.391103,false,weights,54
37,57,0.405729,13701,1,[64/k3],0.345613,0.391103,false,weights,54
37,58,0.405203,164357,1,[768/k3],0.320092,0.391103,false,weights,18
37,59,0.406134,27397,1,[128/k3],0.323970,0.391103,false,weights,19
37,60,0.405949,13701,1,[64/k3],0.347170,0.391103,false,weights,8
37,61,0.406428,219141,1,[1024/k3],0.331781,0.391103,false,resize_layer,7
37,62,0.406465,13701,1,[64/k3],0.344920,0.391103,false,weights,57
37,63,0.404818,54789,1,[256/k3],0.331868,0.391103,false,weights,9
38,0,0.445922,5474309,2,[768/k3→768/k3],0.258237,0.391103,true,champion,28
38,1,0.405222,219141,1,[1024/k3],0.318102,0.391103,false,weights,53
38,2,0.404913,219141,1,[1024/k3],0.327575,0.391103,false,weights,17
38,3,0.405980,54789,1,[256/k3],0.325699,0.391103,false,remove_layer,10
38,4,0.451622,5474309,2,[768/k3→768/k3],0.269830,0.391103,false,weights,28
38,5,0.404426,164357,1,[768/k3],0.327362,0.391103,false,remove_layer,28
38,6,0.404590,164357,1,[768/k3],0.319785,0.391103,false,weights,2
38,7,0.413177,755717,2,[768/k3→768/k1],0.304694,0.391103,false,weights,35
38,8,0.405022,13701,1,[64/k3],0.349280,0.391103,false,weights,42
38,9,0.405021,6853,1,[32/k3],0.383044,0.391103,false,resize_layer,37
38,10,0.405301,6853,1,[32/k3],0.383420,0.391103,false,resize_layer,17
38,11,0.406386,164357,1,[768/k3],0.315537,0.391103,false,weights,7
38,12,0.406288,219141,1,[1024/k3],0.315856,0.391103,false,weights,23
38,13,0.405457,219141,1,[1024/k3],0.316498,0.391103,false,weights,8
38,14,0.407248,755717,2,[768/k3→768/k1],0.307665,0.391103,false,weights,35
38,15,0.404903,219141,1,[1024/k3],0.327948,0.391103,false,weights,17
38,16,0.406199,164357,1,[768/k3],0.315588,0.391103,false,weights,4
38,17,0.439921,9658373,2,[1024/k3→1024/k3],0.286548,0.391103,false,weights,34
38,18,0.434361,2469893,2,[512/k3→512/k3],0.264380,0.391103,false,weights,30
38,19,0.405085,27397,1,[128/k3],0.341685,0.391103,false,resize_layer,16
38,20,0.407032,13701,1,[64/k3],0.343985,0.391103,false,resize_layer,43
38,21,0.416463,223948,2,[23/k3→1024/k3],0.357778,0.391103,false,add_layer,43
38,22,0.404718,219141,1,[1024/k3],0.318298,0.391103,false,weights,53
38,23,0.406622,164357,1,[768/k3],0.316729,0.391103,false,weights,24
38,24,0.405233,54789,1,[256/k3],0.347573,0.391103,false,weights,1
38,25,0.404302,219141,1,[1024/k3],0.328352,0.391103,false,weights,16
38,26,0.405038,219141,1,[1024/k3],0.338308,0.391103,false,weights,43
38,27,0.405441,219141,1,[1024/k3],0.329713,0.391103,false,resize_layer,26
38,28,0.404691,13701,1,[64/k3],0.350007,0.391103,false,weights,42
38,29,0.405208,54789,1,[256/k3],0.329677,0.391103,false,weights,10
38,30,0.405402,54789,1,[256/k3],0.331630,0.391103,false,weights,11
38,31,0.406126,164357,1,[768/k3],0.318875,0.391103,false,weights,24
38,32,0.404061,219141,1,[1024/k3],0.326754,0.391103,false,weights,37
38,33,0.405837,219141,1,[1024/k3],0.317692,0.391103,false,weights,53
38,34,0.405953,164357,1,[768/k3],0.315988,0.391103,false,weights,7
38,35,0.407028,13701,1,[64/k3],0.343985,0.391103,false,resize_layer,43
38,36,0.405276,219141,1,[1024/k3],0.326456,0.391103,false,weights,17
38,37,0.408412,219141,1,[1024/k3],0.327943,0.391103,false,resize_layer,11
38,38,0.406122,54789,1,[256/k3],0.329144,0.391103,false,weights,26
38,39,0.405496,219141,1,[1024/k3],0.315837,0.391103,false,weights,23
38,40,0.405121,219141,1,[1024/k3],0.328705,0.391103,false,weights,17
38,41,0.407316,59596,2,[23/k3→256/k3],0.345681,0.391103,false,add_layer,1
38,42,0.450026,1828357,2,[256/k3→768/k3],0.289156,0.391103,false,resize_layer,28
38,43,0.406762,54789,1,[256/k3],0.337663,0.391103,false,resize_layer,43
38,44,0.405248,219141,1,[1024/k3],0.337166,0.391103,false,weights,43
38,45,0.405182,164357,1,[768/k3],0.319336,0.391103,false,weights,24
38,46,0.405380,54789,1,[256/k3],0.332158,0.391103,false,weights,11
38,47,0.406899,164357,1,[768/k3],0.315171,0.391103,false,remove_layer,2
38,48,0.404587,219141,1,[1024/k3],0.318597,0.391103,false,weights,22
38,49,0.406539,54789,1,[256/k3],0.319973,0.391103,false,resize_layer,7
38,50,0.407769,6853,1,[32/k3],0.391417,0.391103,false,resize_layer,22
38,51,0.394399,9658373,2,[1024/k3→1024/k3],0.355798,0.391103,false,add_layer,16
38,52,0.399639,164357,1,[768/k3],0.344999,0.391103,false,weights,38
38,53,0.406277,219141,1,[1024/k3],0.320580,0.391103,false,remove_layer,37
38,54,0.404503,219141,1,[1024/k3],0.328409,0.391103,false,weights,16
38,55,0.404859,219141,1,[1024/k3],0.317827,0.391103,false,weights,22
38,56,0.434688,164932,2,[23/k1→768/k3],0.360376,0.391103,false,add_layer,7
38,57,0.403281,6853,1,[32/k3],0.395739,0.391103,false,resize_layer,38
38,58,0.404936,219141,1,[1024/k3],0.317503,0.391103,false,weights,8
38,59,0.405514,219141,1,[1024/k3],0.336139,0.391103,false,weights,43
38,60,0.424597,55364,2,[23/k1→256/k3],0.370650,0.391103,false,add_layer,11
38,61,0.404910,219141,1,[1024/k3],0.317873,0.391103,false,weights,53
38,62,0.406152,109573,1,[512/k3],0.318808,0.391103,false,resize_layer,8
38,63,0.407476,109573,1,[512/k3],0.314301,0.391103,false,remove_layer,50
39,0,0.436458,9658373,2,[1024/k3→1024/k3],0.264851,0.391103,true,champion,51
39,1,0.407802,219141,1,[1024/k3],0.316684,0.391103,false,remove_layer,54
39,2,0.416367,7297285,2,[1024/k3→768/k3],0.279345,0.391103,false,resize_layer,51
39,3,0.406160,109573,1,[512/k3],0.343361,0.391103,false,resize_layer,8
39,4,0.414011,223948,2,[23/k3→1024/k3],0.349176,0.391103,false,add_layer,40
39,5,0.406492,219141,1,[1024/k3],0.311844,0.391103,false,remove_layer,61
39,6,0.405674,219141,1,[1024/k3],0.314460,0.391103,false,weights,61
39,7,0.405297,219141,1,[1024/k3],0.323333,0.391103,false,weights,2
39,8,0.403652,6853,1,[32/k3],0.395766,0.391103,false,resize_layer,52
39,9,0.406788,27397,1,[128/k3],0.323912,0.391103,false,resize_layer,6
39,10,0.433446,9658373,2,[1024/k3→1024/k3],0.313365,0.391103,false,weights,51
39,11,0.406559,219141,1,[1024/k3],0.327922,0.391103,false,remove_layer,26
39,12,0.407110,219141,1,[1024/k3],0.313656,0.391103,false,weights,1
39,13,0.399259,27397,1,[128/k3],0.357739,0.391103,false,resize_layer,57
39,14,0.405336,219141,1,[1024/k3],0.315259,0.391103,false,weights,22
39,15,0.403667,219141,1,[1024/k3],0.324892,0.391103,false,weights,32
39,16,0.422948,9658373,2,[1024/k3→1024/k3],0.267760,0.391103,false,weights,51
39,17,0.407084,219141,1,[1024/k3],0.310386,0.391103,false,remove_layer,22
39,18,0.405335,219141,1,[1024/k3],0.315109,0.391103,false,weights,48
39,19,0.407084,219141,1,[1024/k3],0.310386,0.391103,false,remove_layer,22
39,20,0.404851,219141,1,[1024/k3],0.315746,0.391103,false,weights,22
39,21,0.399362,6853,1,[32/k3],0.374609,0.391103,false,remove_layer,57
39,22,0.407313,27397,1,[128/k3],0.335213,0.391103,false,weights,19
39,23,0.405994,219141,1,[1024/k3],0.321990,0.391103,false,weights,2
39,24,0.401277,27397,1,[128/k3],0.355084,0.391103,false,resize_layer,52
39,25,0.405774,54789,1,[256/k3],0.326382,0.391103,false,weights,29
39,26,0.405602,219141,1,[1024/k3],0.322778,0.391103,false,weights,2
39,27,0.405263,219141,1,[1024/k3],0.315264,0.391103,false,weights,61
39,28,0.405973,13701,1,[64/k3],0.346921,0.391103,false,weights,8
39,29,0.406037,219141,1,[1024/k3],0.321623,0.391103,false,weights,15
39,30,0.408055,219141,1,[1024/k3],0.309493,0.391103,false,remove_layer,48
39,31,0.394070,5474309,2,[768/k3→768/k3],0.347398,0.391103,false,add_layer,45
39,32,0.407813,219141,1,[1024/k3],0.316024,0.391103,false,remove_layer,2
39,33,0.418194,44037,2,[128/k3→128/k1],0.315964,0.391103,false,add_layer,19
39,34,0.406217,219141,1,[1024/k3],0.322698,0.391103,false,weights,2
39,35,0.405457,219141,1,[1024/k3],0.321345,0.391103,false,weights,32
39,36,0.400257,6853,1,[32/k3],0.374611,0.391103,false,weights,57
39,37,0.406355,219141,1,[1024/k3],0.332098,0.391103,false,weights,26
39,38,0.405359,219141,1,[1024/k3],0.315136,0.391103,false,weights,55
39,39,0.404970,219141,1,[1024/k3],0.323993,0.391103,false,weights,2
39,40,0.399931,164357,1,[768/k3],0.337755,0.391103,false,weights,52
39,41,0.406255,219141,1,[1024/k3],0.313374,0.391103,false,weights,61
39,42,0.405441,219141,1,[1024/k3],0.314527,0.391103,false,weights,55
39,43,0.405049,219141,1,[1024/k3],0.324301,0.391103,false,weights,25
39,44,0.405754,219141,1,[1024/k3],0.314298,0.391103,false,weights,22
39,45,0.407076,6853,1,[32/k3],0.369129,0.391103,false,weights,9
39,46,0.400051,164357,1,[768/k3],0.335487,0.391103,false,weights,52
39,47,0.407089,13701,1,[64/k3],0.344955,0.391103,false,remove_layer,8
39,48,0.407537,219141,1,[1024/k3],0.312528,0.391103,false,weights,61
39,49,0.406090,27397,1,[128/k3],0.339925,0.391103,false,resize_layer,40
39,50,0.394937,9658373,2,[1024/k3→1024/k3],0.361537,0.391103,false,add_layer,54
39,51,0.405704,219141,1,[1024/k3],0.330803,0.391103,false,weights,26
39,52,0.405893,13701,1,[64/k3],0.347626,0.391103,false,weights,28
39,53,0.407812,219141,1,[1024/k3],0.316022,0.391103,false,remove_layer,2
39,54,0.400644,164357,1,[768/k3],0.336061,0.391103,false,weights,52
39,55,0.406152,219141,1,[1024/k3],0.325399,0.391103,false,weights,40
39,56,0.406896,27397,1,[128/k3],0.336747,0.391103,false,weights,19
39,57,0.407088,219141,1,[1024/k3],0.310385,0.391103,false,remove_layer,22
39,58,0.405348,219141,1,[1024/k3],0.324530,0.391103,false,weights,15
39,59,0.445458,9658373,2,[1024/k3→1024/k3],0.345902,0.391103,false,weights,51
39,60,0.426356,9658373,2,[1024/k3→1024/k3],0.294924,0.391103,false,weights,51
39,61,0.405812,219141,1,[1024/k3],0.323955,0.391103,false,weights,2
39,62,0.405606,219141,1,[1024/k3],0.314626,0.391103,false,weights,55
39,63,0.406472,219141,1,[1024/k3],0.323295,0.391103,false,weights,54
40,0,0.434706,5474309,2,[768/k3→768/k3],0.241717,0.391103,true,champion,31
40,1,0.412011,44037,2,[128/k3→128/k1],0.329940,0.391103,false,add_layer,24
40,2,0.400206,164357,1,[768/k3],0.330771,0.391103,false,weights,46
40,3,0.400770,219141,1,[1024/k3],0.348783,0.391103,false,resize_layer,24
40,4,0.400996,164357,1,[768/k3],0.328445,0.391103,false,weights,40
40,5,0.400396,6853,1,[32/k3],0.371231,0.391103,false,weights,21
40,6,0.406615,219141,1,[1024/k3],0.311538,0.391103,false,weights,27
40,7,0.406151,219141,1,[1024/k3],0.316098,0.391103,false,weights,35
40,8,0.408118,6853,1,[32/k3],0.391565,0.391103,false,resize_layer,38
40,9,0.401262,13701,1,[64/k3],0.375243,0.391103,false,resize_layer,40
40,10,0.400683,6853,1,[32/k3],0.371496,0.391103,false,weights,36
40,11,0.405521,219141,1,[1024/k3],0.320579,0.391103,false,weights,15
40,12,0.399920,109573,1,[512/k3],0.335456,0.391103,false,resize_layer,54
40,13,0.400742,6853,1,[32/k3],0.373992,0.391103,false,remove_layer,8
40,14,0.404961,219141,1,[1024/k3],0.318925,0.391103,false,weights,15
40,15,0.400747,27397,1,[128/k3],0.346307,0.391103,false,remove_layer,24
40,16,0.403454,13701,1,[64/k3],0.356552,0.391103,false,resize_layer,18
40,17,0.406211,219141,1,[1024/k3],0.312592,0.391103,false,weights,62
40,18,0.416703,223948,2,[23/k3→1024/k3],0.353758,0.391103,false,add_layer,35
40,19,0.408775,219141,1,[1024/k3],0.305287,0.391103,false,remove_layer,42
40,20,0.405778,219141,1,[1024/k3],0.311973,0.391103,false,weights,20
40,21,0.394548,9658373,2,[1024/k3→1024/k3],0.362306,0.391103,false,add_layer,15
40,22,0.406368,219141,1,[1024/k3],0.319548,0.391103,false,weights,7
40,23,0.431196,219716,2,[23/k1→1024/k3],0.359848,0.391103,false,add_layer,58
40,24,0.400510,6853,1,[32/k3],0.371672,0.391103,false,weights,36
40,25,0.400569,6853,1,[32/k3],0.371522,0.391103,false,weights,36
40,26,0.406218,219141,1,[1024/k3],0.319865,0.391103,false,weights,58
40,27,0.400444,27397,1,[128/k3],0.348230,0.391103,false,weights,24
40,28,0.399564,27397,1,[128/k3],0.349096,0.391103,false,weights,13
40,29,0.400254,164357,1,[768/k3],0.331948,0.391103,false,weights,54
40,30,0.406727,219141,1,[1024/k3],0.312063,0.391103,false,weights,38
40,31,0.406235,219141,1,[1024/k3],0.319103,0.391103,false,weights,43
40,32,0.405523,219141,1,[1024/k3],0.319501,0.391103,false,weights,15
40,33,0.406581,219141,1,[1024/k3],0.311269,0.391103,false,weights,27
40,34,0.406731,109573,1,[512/k3],0.315615,0.391103,false,resize_layer,20
40,35,0.407029,219141,1,[1024/k3],0.310027,0.391103,false,weights,18
40,36,0.404779,6853,1,[32/k3],0.393976,0.391103,false,resize_layer,24
40,37,0.399025,27397,1,[128/k3],0.350590,0.391103,false,weights,13
40,38,0.405078,219141,1,[1024/k3],0.321597,0.391103,false,weights,15
40,39,0.405298,7941,2,[32/k3→32/k1],0.370522,0.391103,false,add_layer,8
40,40,0.416159,223948,2,[23/k3→1024/k3],0.352461,0.391103,false,add_layer,26
40,41,0.405132,164357,1,[768/k3],0.320840,0.391103,false,remove_layer,31
40,42,0.408294,219141,1,[1024/k3],0.308186,0.391103,false,remove_layer,20
40,43,0.405620,54789,1,[256/k3],0.331958,0.391103,false,resize_layer,39
40,44,0.407801,219141,1,[1024/k3],0.308056,0.391103,false,weights,42
40,45,0.401360,164357,1,[768/k3],0.327323,0.391103,false,remove_layer,40
40,46,0.401372,164357,1,[768/k3],0.328365,0.391103,false,weights,54
40,47,0.406423,219141,1,[1024/k3],0.320014,0.391103,false,weights,7
40,48,0.409056,219141,1,[1024/k3],0.306505,0.391103,false,remove_layer,14
40,49,0.408440,219141,1,[1024/k3],0.306734,0.391103,false,remove_layer,62
40,50,0.408190,219141,1,[1024/k3],0.316853,0.391103,false,remove_layer,15
40,51,0.410545,219141,1,[1024/k3],0.313640,0.391103,false,remove_layer,15
40,52,0.412461,219141,1,[1024/k3],0.314095,0.391103,false,remove_layer,43
40,53,0.406423,219141,1,[1024/k3],0.319452,0.391103,false,weights,26
40,54,0.405372,219141,1,[1024/k3],0.313101,0.391103,false,weights,14
40,55,0.400611,164357,1,[768/k3],0.331878,0.391103,false,weights,40
40,56,0.408353,219141,1,[1024/k3],0.313664,0.391103,false,remove_layer,7
40,57,0.405557,219141,1,[1024/k3],0.312772,0.391103,false,weights,20
40,58,0.406880,219141,1,[1024/k3],0.313721,0.391103,false,remove_layer,35
40,59,0.407602,219141,1,[1024/k3],0.317533,0.391103,false,weights,26
40,60,0.433281,5474309,2,[768/k3→768/k3],0.248343,0.391103,false,weights,31
40,61,0.400472,164357,1,[768/k3],0.331621,0.391103,false,weights,40
40,62,0.405667,219141,1,[1024/k3],0.319927,0.391103,false,weights,15
40,63,0.406007,219141,1,[1024/k3],0.312173,0.391103,false,weights,38
41,0,0.425653,9658373,2,[1024/k3→1024/k3],0.256315,0.391103,true,champion,21
41,1,0.401800,6853,1,[32/k3],0.368775,0.391103,false,weights,10
41,2,0.402590,13701,1,[64/k3],0.363010,0.391103,false,weights,9
41,3,0.400946,6853,1,[32/k3],0.369578,0.391103,false,weights,25
41,4,0.400921,6853,1,[32/k3],0.369827,0.391103,false,weights,24
41,5,0.404064,13701,1,[64/k3],0.361481,0.391103,false,weights,9
41,6,0.401631,164357,1,[768/k3],0.324139,0.391103,false,weights,46
41,7,0.398579,54789,1,[256/k3],0.345468,0.391103,false,resize_layer,28
41,8,0.401313,6853,1,[32/k3],0.369012,0.391103,false,weights,5
41,9,0.399743,27397,1,[128/k3],0.345331,0.391103,false,weights,28
41,10,0.413023,9658373,2,[1024/k3→1024/k3],0.273976,0.391103,false,weights,21
41,11,0.401095,6853,1,[32/k3],0.370808,0.391103,false,weights,13
41,12,0.400879,164357,1,[768/k3],0.325988,0.391103,false,weights,2
41,13,0.400430,27397,1,[128/k3],0.344384,0.391103,false,weights,28
41,14,0.401247,6853,1,[32/k3],0.368867,0.391103,false,weights,5
41,15,0.401673,6853,1,[32/k3],0.370556,0.391103,false,remove_layer,13
41,16,0.402645,6853,1,[32/k3],0.375405,0.391103,false,weights,36
41,17,0.401632,6853,1,[32/k3],0.369082,0.391103,false,weights,24
41,18,0.404034,6853,1,[32/k3],0.375022,0.391103,false,weights,36
41,19,0.401229,164357,1,[768/k3],0.323829,0.391103,false,weights,2
41,20,0.402716,164357,1,[768/k3],0.320259,0.391103,false,remove_layer,46
41,21,0.401062,164357,1,[768/k3],0.325362,0.391103,false,weights,4
41,22,0.400677,219141,1,[1024/k3],0.343858,0.391103,false,weights,3
41,23,0.407085,219141,1,[1024/k3],0.314329,0.391103,false,weights,38
41,24,0.401927,27397,1,[128/k3],0.341780,0.391103,false,weights,15
41,25,0.401132,6853,1,[32/k3],0.369406,0.391103,false,weights,24
41,26,0.401384,164357,1,[768/k3],0.323380,0.391103,false,weights,29
41,27,0.397083,5474309,2,[768/k3→768/k3],0.360315,0.391103,false,add_layer,46
41,28,0.402766,6853,1,[32/k3],0.373917,0.391103,false,weights,36
41,29,0.417747,7428,2,[23/k1→32/k3],0.394622,0.391103,false,add_layer,10
41,30,0.402067,164357,1,[768/k3],0.323278,0.391103,false,weights,29
41,31,0.417994,7428,2,[23/k1→32/k3],0.390983,0.391103,false,add_layer,24
41,32,0.400743,219141,1,[1024/k3],0.343854,0.391103,false,weights,3
41,33,0.405385,6853,1,[32/k3],0.397196,0.391103,false,resize_layer,12
41,34,0.402313,164357,1,[768/k3],0.317828,0.391103,false,remove_layer,4
41,35,0.401230,6853,1,[32/k3],0.369458,0.391103,false,weights,25
41,36,0.400995,6853,1,[32/k3],0.369153,0.391103,false,weights,5
41,37,0.413346,175109,2,[128/k3→128/k3],0.291929,0.391103,false,add_layer,28
41,38,0.408423,11660,2,[23/k3→32/k3],0.378051,0.391103,false,add_layer,25
41,39,0.400213,27397,1,[128/k3],0.345711,0.391103,false,weights,37
41,40,0.400604,164357,1,[768/k3],0.326579,0.391103,false,weights,2
41,41,0.400694,219141,1,[1024/k3],0.343306,0.391103,false,weights,3
41,42,0.402007,6853,1,[32/k3],0.376164,0.391103,false,weights,36
41,43,0.400469,164357,1,[768/k3],0.326691,0.391103,false,weights,2
41,44,0.400535,164357,1,[768/k3],0.327604,0.391103,false,weights,29
41,45,0.400115,109573,1,[512/k3],0.330759,0.391103,false,weights,12
41,46,0.406642,219141,1,[1024/k3],0.316643,0.391103,false,weights,38
41,47,0.444129,9663180,3,[23/k3→1024/k3→1024/k3],0.249616,0.391103,false,add_layer,21
41,48,0.402263,164357,1,[768/k3],0.323566,0.391103,false,weights,55
41,49,0.402248,6853,1,[32/k3],0.374229,0.391103,false,weights,36
41,50,0.402878,27397,1,[128/k3],0.341271,0.391103,false,remove_layer,37
41,51,0.411916,169164,2,[23/k3→768/k3],0.345601,0.391103,false,add_layer,4
41,52,0.403511,219141,1,[1024/k3],0.318422,0.391103,false,weights,14
41,53,0.407834,9658373,2,[1024/k3→1024/k3],0.297420,0.391103,false,weights,21
41,54,0.402075,27397,1,[128/k3],0.362144,0.391103,false,resize_layer,5
41,55,0.401243,6853,1,[32/k3],0.369206,0.391103,false,weights,5
41,56,0.425340,9658373,2,[1024/k3→1024/k3],0.261253,0.391103,false,weights,21
41,57,0.402313,6853,1,[32/k3],0.374828,0.391103,false,weights,36
41,58,0.402421,109573,1,[512/k3],0.323860,0.391103,false,remove_layer,12
41,59,0.402060,6853,1,[32/k3],0.374643,0.391103,false,weights,36
41,60,0.401296,6853,1,[32/k3],0.371103,0.391103,false,weights,13
41,61,0.400886,6853,1,[32/k3],0.369505,0.391103,false,weights,25
41,62,0.400213,109573,1,[512/k3],0.361928,0.391103,false,resize_layer,5
41,63,0.400868,109573,1,[512/k3],0.328716,0.391103,false,weights,12
42,0,0.437080,5474309,2,[768/k3→768/k3],0.248210,0.391103,true,champion,27
42,1,0.400680,219141,1,[1024/k3],0.339498,0.391103,false,weights,22
42,2,0.399746,219141,1,[1024/k3],0.341002,0.391103,false,weights,22
42,3,0.400906,164357,1,[768/k3],0.322727,0.391103,false,weights,43
42,4,0.417969,7428,2,[23/k1→32/k3],0.395365,0.391103,false,add_layer,11
42,5,0.400185,27397,1,[128/k3],0.341275,0.391103,false,weights,13
42,6,0.400669,219141,1,[1024/k3],0.363408,0.391103,false,resize_layer,61
42,7,0.401801,6853,1,[32/k3],0.367196,0.391103,false,remove_layer,3
42,8,0.402009,6853,1,[32/k3],0.367466,0.391103,false,weights,36
42,9,0.401674,164357,1,[768/k3],0.321229,0.391103,false,weights,21
42,10,0.408968,223948,2,[23/k3→1024/k3],0.352687,0.391103,false,add_layer,32
42,11,0.420245,175109,2,[128/k3→128/k3],0.288227,0.391103,false,add_layer,39
42,12,0.399772,27397,1,[128/k3],0.340812,0.391103,false,weights,9
42,13,0.402176,6853,1,[32/k3],0.367246,0.391103,false,weights,36
42,14,0.401753,6853,1,[32/k3],0.367864,0.391103,false,weights,35
42,15,0.422204,5474309,2,[768/k3→768/k3],0.279480,0.391103,false,weights,27
42,16,0.400775,109573,1,[512/k3],0.327010,0.391103,false,weights,45
42,17,0.423369,164932,2,[23/k1→768/k3],0.364307,0.391103,false,add_layer,43
42,18,0.401004,219141,1,[1024/k3],0.340078,0.391103,false,weights,41
42,19,0.401640,219141,1,[1024/k3],0.339063,0.391103,false,weights,32
42,20,0.401733,6853,1,[32/k3],0.367606,0.391103,false,weights,35
42,21,0.402460,6853,1,[32/k3],0.366552,0.391103,false,remove_layer,35
42,22,0.402816,109573,1,[512/k3],0.354467,0.391103,false,weights,62
42,23,0.399998,54789,1,[256/k3],0.340978,0.391103,false,weights,7
42,24,0.402221,6853,1,[32/k3],0.367951,0.391103,false,remove_layer,11
42,25,0.419471,5474309,2,[768/k3→768/k3],0.283937,0.391103,false,weights,27
42,26,0.399964,219141,1,[1024/k3],0.340066,0.391103,false,weights,22
42,27,0.400853,164357,1,[768/k3],0.362319,0.391103,false,resize_layer,25
42,28,0.400951,219141,1,[1024/k3],0.340541,0.391103,false,weights,32
42,29,0.402324,6853,1,[32/k3],0.367870,0.391103,false,weights,11
42,30,0.401091,219141,1,[1024/k3],0.338140,0.391103,false,resize_layer,9
42,31,0.401901,6853,1,[32/k3],0.367774,0.391103,false,resize_layer,62
42,32,0.400902,27397,1,[128/k3],0.343224,0.391103,false,weights,39
42,33,0.401935,27397,1,[128/k3],0.339782,0.391103,false,weights,13
42,34,0.401707,6853,1,[32/k3],0.367793,0.391103,false,weights,35
42,35,0.400821,27397,1,[128/k3],0.341031,0.391103,false,weights,13
42,36,0.400734,164357,1,[768/k3],0.322637,0.391103,false,weights,43
42,37,0.402033,6853,1,[32/k3],0.368340,0.391103,false,weights,11
42,38,0.401976,6853,1,[32/k3],0.367346,0.391103,false,weights,61
42,39,0.401424,219141,1,[1024/k3],0.339562,0.391103,false,weights,32
42,40,0.402435,109573,1,[512/k3],0.321551,0.391103,false,weights,63
42,41,0.400244,109573,1,[512/k3],0.354251,0.391103,false,remove_layer,62
42,42,0.401466,6853,1,[32/k3],0.368019,0.391103,false,weights,61
42,43,0.400862,27397,1,[128/k3],0.338802,0.391103,false,remove_layer,9
42,44,0.400449,164357,1,[768/k3],0.322966,0.391103,false,weights,40
42,45,0.402040,6853,1,[32/k3],0.367060,0.391103,false,weights,35
42,46,0.401288,164357,1,[768/k3],0.320664,0.391103,false,weights,40
42,47,0.401789,164357,1,[768/k3],0.320802,0.391103,false,weights,21
42,48,0.401286,164357,1,[768/k3],0.319950,0.391103,false,weights,19
42,49,0.400852,27397,1,[128/k3],0.340937,0.391103,false,weights,13
42,50,0.405563,16133,2,[32/k3→32/k3],0.345660,0.391103,false,add_layer,35
42,51,0.400919,54789,1,[256/k3],0.334790,0.391103,false,resize_layer,63
42,52,0.401615,6853,1,[32/k3],0.367646,0.391103,false,weights,61
42,53,0.400675,27397,1,[128/k3],0.340711,0.391103,false,weights,9
42,54,0.400411,109573,1,[512/k3],0.327429,0.391103,false,weights,45
42,55,0.401088,27397,1,[128/k3],0.339741,0.391103,false,remove_layer,13
42,56,0.403727,164357,1,[768/k3],0.315561,0.391103,false,remove_layer,44
42,57,0.401837,6853,1,[32/k3],0.367737,0.391103,false,weights,35
42,58,0.409846,11660,2,[23/k3→32/k3],0.381111,0.391103,false,add_layer,11
42,59,0.411340,114380,2,[23/k3→512/k3],0.350285,0.391103,false,add_layer,63
42,60,0.401189,219141,1,[1024/k3],0.339378,0.391103,false,resize_layer,7
42,61,0.412725,169164,2,[23/k3→768/k3],0.352350,0.391103,false,add_layer,19
42,62,0.401396,164357,1,[768/k3],0.320742,0.391103,false,weights,21
42,63,0.401622,164357,1,[768/k3],0.322201,0.391103,false,weights,44
43,0,0.402271,219141,1,[1024/k3],0.331026,0.391103,true,champion,2
43,1,0.403702,219141,1,[1024/k3],0.331505,0.391103,false,remove_layer,18
43,2,0.400841,219141,1,[1024/k3],0.335853,0.391103,false,weights,2
43,3,0.402477,219141,1,[1024/k3],0.333828,0.391103,false,resize_layer,55
43,4,0.402851,109573,1,[512/k3],0.325789,0.391103,false,resize_layer,3
43,5,0.404522,109573,1,[512/k3],0.315958,0.391103,false,remove_layer,54
43,6,0.400484,109573,1,[512/k3],0.346983,0.391103,false,remove_layer,41
43,7,0.402411,9658373,2,[1024/k3→1024/k3],0.327691,0.391103,false,add_layer,6
43,8,0.400262,219141,1,[1024/k3],0.337164,0.391103,false,weights,30
43,9,0.401855,219141,1,[1024/k3],0.333822,0.391103,false,remove_layer,30
43,10,0.412537,120837,2,[256/k3→256/k1],0.306177,0.391103,false,add_layer,23
43,11,0.399244,9658373,2,[1024/k3→1024/k3],0.337113,0.391103,false,add_layer,6
43,12,0.404824,6853,1,[32/k3],0.393571,0.391103,false,resize_layer,2
43,13,0.400743,54789,1,[256/k3],0.336459,0.391103,false,weights,23
43,14,0.400521,27397,1,[128/k3],0.337868,0.391103,false,weights,43
43,15,0.401134,27397,1,[128/k3],0.338063,0.391103,false,weights,35
43,16,0.402178,27397,1,[128/k3],0.336181,0.391103,false,weights,55
43,17,0.402522,164357,1,[768/k3],0.331554,0.391103,false,resize_layer,43
43,18,0.403318,109573,1,[512/k3],0.318542,0.391103,false,weights,54
43,19,0.400484,109573,1,[512/k3],0.346983,0.391103,false,remove_layer,41
43,20,0.402712,109573,1,[512/k3],0.320408,0.391103,false,weights,54
43,21,0.402389,27397,1,[128/k3],0.336030,0.391103,false,weights,35
43,22,0.403243,54789,1,[256/k3],0.340010,0.391103,false,remove_layer,23
43,23,0.400927,109573,1,[512/k3],0.346886,0.391103,false,weights,41
43,24,0.400259,54789,1,[256/k3],0.339056,0.391103,false,weights,23
43,25,0.402914,164357,1,[768/k3],0.314929,0.391103,false,weights,3
43,26,0.399886,54789,1,[256/k3],0.339427,0.391103,false,weights,23
43,27,0.429023,219716,2,[23/k1→1024/k3],0.378637,0.391103,false,add_layer,2
43,28,0.402885,109573,1,[512/k3],0.321420,0.391103,false,weights,54
43,29,0.402542,54789,1,[256/k3],0.329763,0.391103,false,weights,51
43,30,0.401218,27397,1,[128/k3],0.355065,0.391103,false,resize_layer,6
43,31,0.402359,54789,1,[256/k3],0.329011,0.391103,false,weights,51
43,32,0.401926,27397,1,[128/k3],0.337254,0.391103,false,resize_layer,1
43,33,0.401611,219141,1,[1024/k3],0.336087,0.391103,false,weights,18
43,34,0.403635,164357,1,[768/k3],0.311084,0.391103,false,remove_layer,36
43,35,0.400553,54789,1,[256/k3],0.338265,0.391103,false,weights,23
43,36,0.433173,110148,2,[23/k1→512/k3],0.366680,0.391103,false,add_layer,16
43,37,0.402519,54789,1,[256/k3],0.330253,0.391103,false,weights,51
43,38,0.402539,27397,1,[128/k3],0.334890,0.391103,false,remove_layer,55
43,39,0.401871,164357,1,[768/k3],0.317095,0.391103,false,weights,44
43,40,0.404904,219141,1,[1024/k3],0.330352,0.391103,false,remove_layer,18
43,41,0.401871,27397,1,[128/k3],0.336495,0.391103,false,weights,43
43,42,0.404996,6853,1,[32/k3],0.393043,0.391103,false,resize_layer,28
43,43,0.400527,219141,1,[1024/k3],0.337287,0.391103,false,weights,28
43,44,0.400800,219141,1,[1024/k3],0.335237,0.391103,false,weights,30
43,45,0.402621,54789,1,[256/k3],0.330236,0.391103,false,weights,51
43,46,0.401205,219141,1,[1024/k3],0.335682,0.391103,false,weights,26
43,47,0.402799,219141,1,[1024/k3],0.346082,0.391103,false,resize_layer,27
43,48,0.402084,109573,1,[512/k3],0.321335,0.391103,false,weights,16
43,49,0.402797,27397,1,[128/k3],0.334609,0.391103,false,remove_layer,5
43,50,0.403024,164357,1,[768/k3],0.312605,0.391103,false,remove_layer,3
43,51,0.401808,27397,1,[128/k3],0.336196,0.391103,false,weights,55
43,52,0.401217,219141,1,[1024/k3],0.335286,0.391103,false,weights,26
43,53,0.403230,13701,1,[64/k3],0.356694,0.391103,false,resize_layer,32
43,54,0.402739,219141,1,[1024/k3],0.335433,0.391103,false,resize_layer,49
43,55,0.401497,27397,1,[128/k3],0.337913,0.391103,false,weights,32
43,56,0.413032,223948,2,[23/k3→1024/k3],0.356050,0.391103,false,add_layer,18
43,57,0.401083,27397,1,[128/k3],0.337766,0.391103,false,weights,55
43,58,0.401180,13701,1,[64/k3],0.365953,0.391103,false,resize_layer,1
43,59,0.400154,219141,1,[1024/k3],0.336563,0.391103,false,weights,30
43,60,0.401959,219141,1,[1024/k3],0.335287,0.391103,false,weights,18
43,61,0.439185,44037,2,[128/k3→128/k1],0.318038,0.391103,false,add_layer,32
43,62,0.401082,27397,1,[128/k3],0.338168,0.391103,false,weights,55
43,63,0.403025,164357,1,[768/k3],0.312605,0.391103,false,remove_layer,3
44,0,0.416325,9658373,2,[1024/k3→1024/k3],0.300050,0.391103,true,champion,11
44,1,0.401562,219141,1,[1024/k3],0.331664,0.391103,false,weights,52
44,2,0.396128,9658373,2,[1024/k3→1024/k3],0.367357,0.391103,false,add_layer,33
44,3,0.401672,27397,1,[128/k3],0.335677,0.391103,false,weights,14
44,4,0.400806,219141,1,[1024/k3],0.333648,0.391103,false,weights,59
44,5,0.401559,109573,1,[512/k3],0.332709,0.391103,false,resize_layer,46
44,6,0.399248,219141,1,[1024/k3],0.335092,0.391103,false,weights,44
44,7,0.401030,219141,1,[1024/k3],0.332897,0.391103,false,weights,2
44,8,0.403344,54789,1,[256/k3],0.331921,0.391103,false,weights,26
44,9,0.402369,27397,1,[128/k3],0.335303,0.391103,false,resize_layer,2
44,10,0.403691,164357,1,[768/k3],0.330590,0.391103,false,resize_layer,55
44,11,0.426681,27972,2,[23/k1→128/k3],0.370665,0.391103,false,add_layer,55
44,12,0.401452,219141,1,[1024/k3],0.330201,0.391103,false,weights,2
44,13,0.401487,54789,1,[256/k3],0.332637,0.391103,false,weights,13
44,14,0.403180,27397,1,[128/k3],0.331792,0.391103,false,weights,14
44,15,0.401701,219141,1,[1024/k3],0.331223,0.391103,false,weights,52
44,16,0.402695,219141,1,[1024/k3],0.331096,0.391103,false,weights,33
44,17,0.403453,54789,1,[256/k3],0.330724,0.391103,false,resize_layer,15
44,18,0.402625,219141,1,[1024/k3],0.331571,0.391103,false,weights,33
44,19,0.401593,109573,1,[512/k3],0.337312,0.391103,false,weights,19
44,20,0.402183,219141,1,[1024/k3],0.329919,0.391103,false,weights,2
44,21,0.401872,219141,1,[1024/k3],0.329542,0.391103,false,remove_layer,8
44,22,0.402212,109573,1,[512/k3],0.337218,0.391103,false,remove_layer,19
44,23,0.421916,27972,2,[23/k1→128/k3],0.367352,0.391103,false,add_layer,14
44,24,0.414264,44037,2,[128/k3→128/k1],0.316174,0.391103,false,add_layer,57
44,25,0.420472,9658373,2,[1024/k3→1024/k3],0.313482,0.391103,false,weights,11
44,26,0.403235,27397,1,[128/k3],0.333190,0.391103,false,weights,55
44,27,0.400082,219141,1,[1024/k3],0.333029,0.391103,false,weights,2
44,28,0.400440,54789,1,[256/k3],0.336291,0.391103,false,weights,35
44,29,0.403746,219141,1,[1024/k3],0.326056,0.391103,false,remove_layer,33
44,30,0.401610,219141,1,[1024/k3],0.332039,0.391103,false,weights,2
44,31,0.402813,219141,1,[1024/k3],0.326300,0.391103,false,remove_layer,46
44,32,0.402823,54789,1,[256/k3],0.330753,0.391103,false,remove_layer,26
44,33,0.402454,219141,1,[1024/k3],0.330715,0.391103,false,weights,33
44,34,0.401449,219141,1,[1024/k3],0.331610,0.391103,false,weights,46
44,35,0.402547,13701,1,[64/k3],0.356249,0.391103,false,resize_layer,35
44,36,0.402754,27397,1,[128/k3],0.332879,0.391103,false,weights,51
44,37,0.425874,219716,2,[23/k1→1024/k3],0.374719,0.391103,false,add_layer,44
44,38,0.401857,164357,1,[768/k3],0.329892,0.391103,false,resize_layer,2
44,39,0.401292,27397,1,[128/k3],0.353385,0.391103,false,resize_layer,6
44,40,0.401653,27397,1,[128/k3],0.334363,0.391103,false,weights,57
44,41,0.421944,44037,2,[128/k3→128/k1],0.312481,0.391103,false,add_layer,15
44,42,0.419242,27972,2,[23/k1→128/k3],0.373429,0.391103,false,add_layer,30
44,43,0.400888,54789,1,[256/k3],0.334964,0.391103,false,weights,24
44,44,0.402129,219141,1,[1024/k3],0.332872,0.391103,false,weights,33
44,45,0.401622,27397,1,[128/k3],0.334343,0.391103,false,weights,51
44,46,0.416710,175109,2,[128/k3→128/k3],0.282864,0.391103,false,add_layer,55
44,47,0.396659,9658373,2,[1024/k3→1024/k3],0.370321,0.391103,false,add_layer,43
44,48,0.417052,9658373,2,[1024/k3→1024/k3],0.302164,0.391103,false,weights,11
44,49,0.423859,27972,2,[23/k1→128/k3],0.375178,0.391103,false,add_layer,57
44,50,0.402011,219141,1,[1024/k3],0.331798,0.391103,false,weights,46
44,51,0.421056,219716,2,[23/k1→1024/k3],0.360718,0.391103,false,add_layer,43
44,52,0.401116,219141,1,[1024/k3],0.332267,0.391103,false,weights,2
44,53,0.401744,109573,1,[512/k3],0.339131,0.391103,false,weights,23
44,54,0.400075,54789,1,[256/k3],0.335431,0.391103,false,weights,13
44,55,0.401559,13701,1,[64/k3],0.356896,0.391103,false,weights,58
44,56,0.408223,9658373,2,[1024/k3→1024/k3],0.311218,0.391103,false,weights,11
44,57,0.402191,27397,1,[128/k3],0.334488,0.391103,false,weights,15
44,58,0.401450,219141,1,[1024/k3],0.331267,0.391103,false,weights,46
44,59,0.403706,27397,1,[128/k3],0.346947,0.391103,false,weights,30
44,60,0.403774,164357,1,[768/k3],0.330498,0.391103,false,resize_layer,55
44,61,0.402339,219141,1,[1024/k3],0.333292,0.391103,false,weights,33
44,62,0.400868,54789,1,[256/k3],0.334174,0.391103,false,weights,13
44,63,0.410288,114380,2,[23/k3→512/k3],0.352202,0.391103,false,add_layer,19
45,0,0.469302,9658373,2,[1024/k3→1024/k3],0.309031,0.391103,true,champion,2
45,1,0.412452,9658373,2,[1024/k3→1024/k3],0.285350,0.391103,false,weights,47
45,2,0.402052,219141,1,[1024/k3],0.328287,0.391103,false,weights,7
45,3,0.402010,13701,1,[64/k3],0.364802,0.391103,false,resize_layer,58
45,4,0.403036,219141,1,[1024/k3],0.326946,0.391103,false,weights,7
45,5,0.410393,1269765,2,[1024/k3→1024/k1],0.311921,0.391103,false,add_layer,7
45,6,0.401339,219141,1,[1024/k3],0.329117,0.391103,false,weights,1
45,7,0.419244,27972,2,[23/k1→128/k3],0.373699,0.391103,false,add_layer,39
45,8,0.404750,27397,1,[128/k3],0.327771,0.391103,false,remove_layer,45
45,9,0.401721,54789,1,[256/k3],0.330488,0.391103,false,weights,62
45,10,0.400579,109573,1,[512/k3],0.333444,0.391103,false,resize_layer,4
45,11,0.403614,27397,1,[128/k3],0.344989,0.391103,false,weights,39
45,12,0.401526,219141,1,[1024/k3],0.327960,0.391103,false,weights,58
45,13,0.415102,223948,2,[23/k3→1024/k3],0.355133,0.391103,false,add_layer,34
45,14,0.401549,219141,1,[1024/k3],0.327565,0.391103,false,weights,12
45,15,0.402140,109573,1,[512/k3],0.329016,0.391103,false,resize_layer,58
45,16,0.400945,219141,1,[1024/k3],0.330447,0.391103,false,weights,4
45,17,0.416947,223948,2,[23/k3→1024/k3],0.355685,0.391103,false,add_layer,30
45,18,0.413045,223948,2,[23/k3→1024/k3],0.362131,0.391103,false,add_layer,1
45,19,0.402003,219141,1,[1024/k3],0.328128,0.391103,false,weights,27
45,20,0.402030,219141,1,[1024/k3],0.327845,0.391103,false,weights,34
45,21,0.400941,219141,1,[1024/k3],0.331172,0.391103,false,weights,6
45,22,0.403054,27397,1,[128/k3],0.330978,0.391103,false,weights,45
45,23,0.403012,219141,1,[1024/k3],0.327723,0.391103,false,weights,30
45,24,0.401341,54789,1,[256/k3],0.331563,0.391103,false,weights,43
45,25,0.401040,54789,1,[256/k3],0.331868,0.391103,false,weights,43
45,26,0.401862,54789,1,[256/k3],0.330879,0.391103,false,weights,62
45,27,0.401089,54789,1,[256/k3],0.332613,0.391103,false,weights,54
45,28,0.400804,219141,1,[1024/k3],0.329982,0.391103,false,weights,7
45,29,0.400486,54789,1,[256/k3],0.332985,0.391103,false,weights,54
45,30,0.400756,219141,1,[1024/k3],0.329984,0.391103,false,weights,7
45,31,0.418575,9658373,2,[1024/k3→1024/k3],0.281902,0.391103,false,weights,47
45,32,0.402352,219141,1,[1024/k3],0.326297,0.391103,false,weights,34
45,33,0.404606,109573,1,[512/k3],0.327781,0.391103,false,resize_layer,45
45,34,0.402489,219141,1,[1024/k3],0.328043,0.391103,false,weights,1
45,35,0.427844,14276,2,[23/k1→64/k3],0.388151,0.391103,false,add_layer,55
45,36,0.401994,219141,1,[1024/k3],0.327626,0.391103,false,weights,34
45,37,0.414256,44037,2,[128/k3→128/k1],0.310955,0.391103,false,add_layer,3
45,38,0.416387,44037,2,[128/k3→128/k1],0.310603,0.391103,false,add_layer,45
45,39,0.403042,109573,1,[512/k3],0.326932,0.391103,false,resize_layer,12
45,40,0.401582,219141,1,[1024/k3],0.329741,0.391103,false,weights,7
45,41,0.404735,54789,1,[256/k3],0.328674,0.391103,false,resize_layer,40
45,42,0.404012,219141,1,[1024/k3],0.323042,0.391103,false,remove_layer,30
45,43,0.401558,219141,1,[1024/k3],0.329077,0.391103,false,weights,7
45,44,0.424609,219716,2,[23/k1→1024/k3],0.370478,0.391103,false,add_layer,6
45,45,0.400128,219141,1,[1024/k3],0.331901,0.391103,false,weights,6
45,46,0.403257,27397,1,[128/k3],0.332282,0.391103,false,weights,3
45,47,0.419333,7297285,2,[1024/k3→768/k3],0.281251,0.391103,false,resize_layer,2
45,48,0.401887,109573,1,[512/k3],0.350313,0.391103,false,resize_layer,55
45,49,0.401568,54789,1,[256/k3],0.331768,0.391103,false,weights,13
45,50,0.415997,372741,2,[512/k3→512/k1],0.302523,0.391103,false,add_layer,5
45,51,0.402604,109573,1,[512/k3],0.331521,0.391103,false,weights,19
45,52,0.403181,19097605,3,[1024/k3→1024/k3→1024/k3],0.336645,0.391103,false,add_layer,2
45,53,0.403562,164357,1,[768/k3],0.327240,0.391103,false,resize_layer,62
45,54,0.401483,13701,1,[64/k3],0.364965,0.391103,false,resize_layer,12
45,55,0.400232,219141,1,[1024/k3],0.330550,0.391103,false,weights,6
45,56,0.404921,109573,1,[512/k3],0.345489,0.391103,false,resize_layer,39
45,57,0.402490,219141,1,[1024/k3],0.327106,0.391103,false,weights,34
45,58,0.402406,109573,1,[512/k3],0.329140,0.391103,false,resize_layer,52
45,59,0.401606,54789,1,[256/k3],0.332044,0.391103,false,weights,54
45,60,0.400943,54789,1,[256/k3],0.332310,0.391103,false,weights,43
45,61,0.401454,219141,1,[1024/k3],0.328272,0.391103,false,weights,1
45,62,0.401677,219141,1,[1024/k3],0.329006,0.391103,false,weights,30
45,63,0.406887,6853,1,[32/k3],0.394349,0.391103,false,resize_layer,12
46,0,0.403030,219141,1,[1024/k3],0.323510,0.391103,true,champion,45
46,1,0.402588,219141,1,[1024/k3],0.325230,0.391103,false,weights,6
46,2,0.401918,54789,1,[256/k3],0.329418,0.391103,false,weights,25
46,3,0.403057,54789,1,[256/k3],0.328480,0.391103,false,weights,26
46,4,0.400968,109573,1,[512/k3],0.330442,0.391103,false,weights,10
46,5,0.402451,219141,1,[1024/k3],0.324043,0.391103,false,weights,14
46,6,0.403929,13701,1,[64/k3],0.352869,0.391103,false,resize_layer,10
46,7,0.402109,219141,1,[1024/k3],0.325910,0.391103,false,weights,62
46,8,0.403407,219141,1,[1024/k3],0.324340,0.391103,false,weights,6
46,9,0.403517,219141,1,[1024/k3],0.324111,0.391103,false,weights,28
46,10,0.406997,17925,2,[64/k3→64/k1],0.344182,0.391103,false,add_layer,54
46,11,0.401600,219141,1,[1024/k3],0.325321,0.391103,false,weights,30
46,12,0.407088,6853,1,[32/k3],0.393807,0.391103,false,resize_layer,6
46,13,0.401125,219141,1,[1024/k3],0.329604,0.391103,false,weights,21
46,14,0.424894,219716,2,[23/k1→1024/k3],0.371162,0.391103,false,add_layer,61
46,15,0.402672,219141,1,[1024/k3],0.323918,0.391103,false,weights,62
46,16,0.403466,54789,1,[256/k3],0.327992,0.391103,false,resize_layer,62
46,17,0.403376,219141,1,[1024/k3],0.323374,0.391103,false,weights,12
46,18,0.401957,54789,1,[256/k3],0.329683,0.391103,false,weights,9
46,19,0.404253,54789,1,[256/k3],0.324815,0.391103,false,weights,24
46,20,0.402461,54789,1,[256/k3],0.329040,0.391103,false,weights,24
46,21,0.399631,219141,1,[1024/k3],0.329694,0.391103,false,weights,45
46,22,0.403030,219141,1,[1024/k3],0.323512,0.391103,false,remove_layer,45
46,23,0.402502,54789,1,[256/k3],0.328100,0.391103,false,weights,60
46,24,0.402869,54789,1,[256/k3],0.328317,0.391103,false,resize_layer,61
46,25,0.403505,219141,1,[1024/k3],0.323714,0.391103,false,weights,12
46,26,0.402552,219141,1,[1024/k3],0.324159,0.391103,false,weights,61
46,27,0.402812,219141,1,[1024/k3],0.324186,0.391103,false,weights,14
46,28,0.403729,109573,1,[512/k3],0.324906,0.391103,false,remove_layer,10
46,29,0.402632,54789,1,[256/k3],0.328615,0.391103,false,weights,9
46,30,0.400974,219141,1,[1024/k3],0.328300,0.391103,false,weights,21
46,31,0.431027,110148,2,[23/k1→512/k3],0.375690,0.391103,false,add_layer,10
46,32,0.425105,55364,2,[23/k1→256/k3],0.361683,0.391103,false,add_layer,49
46,33,0.402138,109573,1,[512/k3],0.329469,0.391103,false,weights,10
46,34,0.401702,6853,1,[32/k3],0.372719,0.391103,false,resize_layer,21
46,35,0.403637,219141,1,[1024/k3],0.323715,0.391103,false,weights,40
46,36,0.403064,54789,1,[256/k3],0.327538,0.391103,false,weights,24
46,37,0.402784,27397,1,[128/k3],0.331047,0.391103,false,resize_layer,59
46,38,0.402064,219141,1,[1024/k3],0.325129,0.391103,false,weights,61
46,39,0.401254,54789,1,[256/k3],0.330163,0.391103,false,weights,59
46,40,0.401984,219141,1,[1024/k3],0.325643,0.391103,false,weights,6
46,41,0.402290,219141,1,[1024/k3],0.325639,0.391103,false,weights,61
46,42,0.402924,219141,1,[1024/k3],0.324873,0.391103,false,weights,28
46,43,0.401732,54789,1,[256/k3],0.329400,0.391103,false,weights,26
46,44,0.401446,54789,1,[256/k3],0.331678,0.391103,false,resize_layer,16
46,45,0.402337,219141,1,[1024/k3],0.326101,0.391103,false,weights,28
46,46,0.402125,54789,1,[256/k3],0.328200,0.391103,false,weights,27
46,47,0.412258,223948,2,[23/k3→1024/k3],0.356800,0.391103,false,add_layer,45
46,48,0.397709,9658373,2,[1024/k3→1024/k3],0.373684,0.391103,false,add_layer,6
46,49,0.411965,59596,2,[23/k3→256/k3],0.354789,0.391103,false,add_layer,60
46,50,0.403587,219141,1,[1024/k3],0.325561,0.391103,false,resize_layer,29
46,51,0.430795,55364,2,[23/k1→256/k3],0.371149,0.391103,false,add_layer,26
46,52,0.428204,219716,2,[23/k1→1024/k3],0.369640,0.391103,false,add_layer,21
46,53,0.394048,9658373,2,[1024/k3→1024/k3],0.365983,0.391103,false,add_layer,43
46,54,0.401693,219141,1,[1024/k3],0.326432,0.391103,false,weights,21
46,55,0.402563,219141,1,[1024/k3],0.325085,0.391103,false,weights,30
46,56,0.401743,27397,1,[128/k3],0.332688,0.391103,false,resize_layer,16
46,57,0.409789,18508,2,[23/k3→64/k3],0.363851,0.391103,false,add_layer,54
46,58,0.401092,54789,1,[256/k3],0.330651,0.391103,false,weights,29
46,59,0.403746,219141,1,[1024/k3],0.320748,0.391103,false,remove_layer,14
46,60,0.402369,219141,1,[1024/k3],0.326169,0.391103,false,weights,28
46,61,0.403561,219141,1,[1024/k3],0.323223,0.391103,false,weights,30
46,62,0.402389,219141,1,[1024/k3],0.324929,0.391103,false,remove_layer,55
46,63,0.402538,54789,1,[256/k3],0.328232,0.391103,false,weights,9
47,0,0.441600,9658373,2,[1024/k3→1024/k3],0.271664,0.391103,true,champion,53
47,1,0.428175,55364,2,[23/k1→256/k3],0.364124,0.391103,false,add_layer,18
47,2,0.404269,54789,1,[256/k3],0.322914,0.391103,false,remove_layer,2
47,3,0.402348,54789,1,[256/k3],0.327015,0.391103,false,weights,43
47,4,0.402093,54789,1,[256/k3],0.326257,0.391103,false,weights,46
47,5,0.402934,54789,1,[256/k3],0.325915,0.391103,false,weights,58
47,6,0.402151,219141,1,[1024/k3],0.331579,0.391103,false,remove_layer,53
47,7,0.394874,9658373,2,[1024/k3→1024/k3],0.366427,0.391103,false,add_layer,40
47,8,0.402526,54789,1,[256/k3],0.327060,0.391103,false,weights,39
47,9,0.402038,109573,1,[512/k3],0.327943,0.391103,false,weights,4
47,10,0.403280,54789,1,[256/k3],0.324507,0.391103,false,weights,39
47,11,0.401602,6853,1,[32/k3],0.372789,0.391103,false,resize_layer,44
47,12,0.404947,164357,1,[768/k3],0.320697,0.391103,false,resize_layer,33
47,13,0.402244,109573,1,[512/k3],0.327761,0.391103,false,weights,4
47,14,0.401720,6853,1,[32/k3],0.373049,0.391103,false,resize_layer,46
47,15,0.403881,164357,1,[768/k3],0.322525,0.391103,false,resize_layer,45
47,16,0.401972,219141,1,[1024/k3],0.324943,0.391103,false,weights,30
47,17,0.402772,27397,1,[128/k3],0.329630,0.391103,false,resize_layer,54
47,18,0.417409,120837,2,[256/k3→256/k1],0.292958,0.391103,false,add_layer,39
47,19,0.405003,219141,1,[1024/k3],0.323129,0.391103,false,resize_layer,44
47,20,0.413096,1269765,2,[1024/k3→1024/k1],0.303833,0.391103,false,add_layer,60
47,21,0.403613,54789,1,[256/k3],0.324577,0.391103,false,weights,2
47,22,0.411648,1269765,2,[1024/k3→1024/k1],0.306003,0.391103,false,add_layer,7
47,23,0.403410,54789,1,[256/k3],0.324308,0.391103,false,weights,2
47,24,0.401833,6853,1,[32/k3],0.369401,0.391103,false,weights,34
47,25,0.402920,54789,1,[256/k3],0.326211,0.391103,false,weights,18
47,26,0.404165,54789,1,[256/k3],0.322418,0.391103,false,weights,58
47,27,0.404014,219141,1,[1024/k3],0.321769,0.391103,false,weights,60
47,28,0.402501,219141,1,[1024/k3],0.321959,0.391103,false,weights,11
47,29,0.427001,55364,2,[23/k1→256/k3],0.366080,0.391103,false,add_layer,43
47,30,0.401781,219141,1,[1024/k3],0.323205,0.391103,false,weights,30
47,31,0.405135,219141,1,[1024/k3],0.320431,0.391103,false,resize_layer,33
47,32,0.404003,219141,1,[1024/k3],0.319712,0.391103,false,weights,40
47,33,0.421244,19097605,3,[1024/k3→1024/k3→1024/k3],0.293397,0.391103,false,add_layer,53
47,34,0.465049,9658373,2,[1024/k3→1024/k3],0.358772,0.391103,false,weights,53
47,35,0.404184,13701,1,[64/k3],0.352093,0.391103,false,resize_layer,33
47,36,0.400510,219141,1,[1024/k3],0.326535,0.391103,false,weights,21
47,37,0.403088,54789,1,[256/k3],0.325038,0.391103,false,weights,46
47,38,0.402879,109573,1,[512/k3],0.325425,0.391103,false,weights,4
47,39,0.403033,219141,1,[1024/k3],0.323044,0.391103,false,weights,45
47,40,0.404372,27397,1,[128/k3],0.330018,0.391103,false,resize_layer,7
47,41,0.401747,219141,1,[1024/k3],0.324635,0.391103,false,weights,54
47,42,0.425337,219716,2,[23/k1→1024/k3],0.369800,0.391103,false,add_layer,38
47,43,0.437860,9658373,2,[1024/k3→1024/k3],0.277300,0.391103,false,weights,48
47,44,0.402347,13701,1,[64/k3],0.364048,0.391103,false,resize_layer,40
47,45,0.408106,610373,2,[64/k3→1024/k3],0.319337,0.391103,false,resize_layer,53
47,46,0.403896,27397,1,[128/k3],0.327812,0.391103,false,weights,56
47,47,0.403417,219141,1,[1024/k3],0.320722,0.391103,false,weights,11
47,48,0.413715,59596,2,[23/k3→256/k3],0.357380,0.391103,false,add_layer,43
47,49,0.401349,6853,1,[32/k3],0.373207,0.391103,false,resize_layer,58
47,50,0.403225,219141,1,[1024/k3],0.320428,0.391103,false,weights,11
47,51,0.402473,109573,1,[512/k3],0.327017,0.391103,false,weights,4
47,52,0.403262,13701,1,[64/k3],0.353369,0.391103,false,resize_layer,21
47,53,0.402362,27397,1,[128/k3],0.330295,0.391103,false,weights,56
47,54,0.403647,219141,1,[1024/k3],0.321358,0.391103,false,weights,41
47,55,0.403802,219141,1,[1024/k3],0.320707,0.391103,false,weights,41
47,56,0.402211,6853,1,[32/k3],0.368645,0.391103,false,remove_layer,34
47,57,0.402947,27397,1,[128/k3],0.330021,0.391103,false,resize_layer,44
47,58,0.407348,219141,1,[1024/k3],0.315344,0.391103,false,remove_layer,45
47,59,0.398518,219141,1,[1024/k3],0.388545,0.391103,false,remove_layer,53
47,60,0.403078,109573,1,[512/k3],0.324836,0.391103,false,weights,33
47,61,0.424950,120837,2,[256/k3→256/k1],0.292876,0.391103,false,add_layer,2
47,62,0.402064,109573,1,[512/k3],0.327217,0.391103,false,weights,4
47,63,0.403912,54789,1,[256/k3],0.325623,0.391103,false,weights,44
48,0,0.446484,9658373,2,[1024/k3→1024/k3],0.301930,0.391103,true,champion,7
48,1,0.401798,6853,1,[32/k3],0.369769,0.391103,false,weights,11
48,2,0.403646,109573,1,[512/k3],0.324032,0.391103,false,weights,9
48,3,0.413239,1269765,2,[1024/k3→1024/k1],0.303975,0.391103,false,add_layer,6
48,4,0.404404,54789,1,[256/k3],0.324203,0.391103,false,resize_layer,28
48,5,0.405012,54789,1,[256/k3],0.322808,0.391103,false,weights,3
48,6,0.404917,54789,1,[256/k3],0.321605,0.391103,false,weights,3
48,7,0.401096,219141,1,[1024/k3],0.324354,0.391103,false,weights,36
48,8,0.405026,27397,1,[128/k3],0.324851,0.391103,false,remove_layer,53
48,9,0.403221,109573,1,[512/k3],0.321800,0.391103,false,weights,38
48,10,0.404704,109573,1,[512/k3],0.322171,0.391103,false,weights,62
48,11,0.464343,9658373,2,[1024/k3→1024/k3],0.277959,0.391103,false,weights,7
48,12,0.401472,54789,1,[256/k3],0.354332,0.391103,false,resize_layer,11
48,13,0.405165,109573,1,[512/k3],0.319004,0.391103,false,remove_layer,62
48,14,0.402356,6853,1,[32/k3],0.368167,0.391103,false,weights,11
48,15,0.404346,13701,1,[64/k3],0.353206,0.391103,false,resize_layer,3
48,16,0.411303,219141,1,[1024/k3],0.317260,0.391103,false,remove_layer,41
48,17,0.419996,219716,2,[23/k1→1024/k3],0.362110,0.391103,false,add_layer,59
48,18,0.413151,645125,2,[256/k3→256/k3],0.284308,0.391103,false,add_layer,4
48,19,0.394659,223948,2,[23/k3→1024/k3],0.345763,0.391103,false,add_layer,59
48,20,0.410896,109573,1,[512/k3],0.318354,0.391103,false,remove_layer,51
48,21,0.444261,9658373,2,[1024/k3→1024/k3],0.268589,0.391103,false,weights,7
48,22,0.402140,219141,1,[1024/k3],0.321766,0.391103,false,weights,30
48,23,0.403162,219141,1,[1024/k3],0.325105,0.391103,false,weights,6
48,24,0.404471,109573,1,[512/k3],0.320679,0.391103,false,weights,38
48,25,0.402650,219141,1,[1024/k3],0.322625,0.391103,false,weights,16
48,26,0.403042,6853,1,[32/k3],0.366207,0.391103,false,remove_layer,56
48,27,0.403346,27397,1,[128/k3],0.327450,0.391103,false,weights,17
48,28,0.400704,109573,1,[512/k3],0.355328,0.391103,false,resize_layer,59
48,29,0.401818,6853,1,[32/k3],0.369670,0.391103,false,weights,14
48,30,0.392158,9658373,2,[1024/k3→1024/k3],0.356602,0.391103,false,add_layer,6
48,31,0.404606,27397,1,[128/k3],0.327670,0.391103,false,weights,53
48,32,0.405556,6853,1,[32/k3],0.393636,0.391103,false,resize_layer,6
48,33,0.403817,13701,1,[64/k3],0.354457,0.391103,false,weights,44
48,34,0.403985,109573,1,[512/k3],0.321388,0.391103,false,weights,38
48,35,0.403601,219141,1,[1024/k3],0.318990,0.391103,false,weights,30
48,36,0.414654,59596,2,[23/k3→256/k3],0.350759,0.391103,false,add_layer,3
48,37,0.404695,109573,1,[512/k3],0.321373,0.391103,false,weights,13
48,38,0.403951,54789,1,[256/k3],0.322239,0.391103,false,weights,4
48,39,0.404215,219141,1,[1024/k3],0.316745,0.391103,false,weights,28
48,40,0.402405,6853,1,[32/k3],0.367916,0.391103,false,weights,49
48,41,0.402609,109573,1,[512/k3],0.324451,0.391103,false,weights,9
48,42,0.403489,54789,1,[256/k3],0.324125,0.391103,false,weights,3
48,43,0.402749,219141,1,[1024/k3],0.326482,0.391103,false,remove_layer,7
48,44,0.402513,219141,1,[1024/k3],0.321722,0.391103,false,weights,41
48,45,0.404835,219141,1,[1024/k3],0.363246,0.391103,false,weights,59
48,46,0.403890,27397,1,[128/k3],0.326597,0.391103,false,weights,53
48,47,0.403376,109573,1,[512/k3],0.322487,0.391103,false,weights,13
48,48,0.402790,219141,1,[1024/k3],0.320735,0.391103,false,weights,16
48,49,0.403564,27397,1,[128/k3],0.328694,0.391103,false,resize_layer,16
48,50,0.432870,55364,2,[23/k1→256/k3],0.370824,0.391103,false,add_layer,4
48,51,0.403070,109573,1,[512/k3],0.322645,0.391103,false,weights,9
48,52,0.402073,6853,1,[32/k3],0.369215,0.391103,false,weights,49
48,53,0.423137,9658373,2,[1024/k3→1024/k3],0.278305,0.391103,false,weights,7
48,54,0.405025,27397,1,[128/k3],0.324852,0.391103,false,remove_layer,53
48,55,0.398333,219141,1,[1024/k3],0.362107,0.391103,false,weights,59
48,56,0.402906,6853,1,[32/k3],0.366928,0.391103,false,weights,56
48,57,0.403869,27397,1,[128/k3],0.326720,0.391103,false,weights,17
48,58,0.415470,59596,2,[23/k3→256/k3],0.356352,0.391103,false,add_layer,8
48,59,0.403042,6853,1,[32/k3],0.366208,0.391103,false,remove_layer,56
48,60,0.403974,109573,1,[512/k3],0.321681,0.391103,false,weights,9
48,61,0.403512,219141,1,[1024/k3],0.325415,0.391103,false,weights,6
48,62,0.404408,54789,1,[256/k3],0.323171,0.391103,false,weights,8
48,63,0.414005,114380,2,[23/k3→512/k3],0.351722,0.391103,false,add_layer,51
49,0,0.423024,9658373,2,[1024/k3→1024/k3],0.262802,0.391103,true,champion,30
49,1,0.400177,109573,1,[512/k3],0.345009,0.391103,false,remove_layer,28
49,2,0.403927,219141,1,[1024/k3],0.315493,0.391103,false,remove_layer,7
49,3,0.403047,219141,1,[1024/k3],0.319136,0.391103,false,weights,22
49,4,0.399890,219141,1,[1024/k3],0.349383,0.391103,false,weights,55
49,5,0.403041,6853,1,[32/k3],0.366934,0.391103,false,resize_layer,12
49,6,0.402582,6853,1,[32/k3],0.367484,0.391103,false,weights,52
49,7,0.398979,219141,1,[1024/k3],0.348256,0.391103,false,weights,55
49,8,0.401937,109573,1,[512/k3],0.357983,0.391103,false,resize_layer,52
49,9,0.421043,164357,1,[768/k3],0.319396,0.391103,false,resize_layer,51
49,10,0.404424,219141,1,[1024/k3],0.319117,0.391103,false,weights,43
49,11,0.403844,219141,1,[1024/k3],0.316784,0.391103,false,weights,44
49,12,0.404219,219141,1,[1024/k3],0.321140,0.391103,false,weights,23
49,13,0.403466,13701,1,[64/k3],0.359941,0.391103,false,resize_layer,59
49,14,0.404716,219141,1,[1024/k3],0.320179,0.391103,false,weights,23
49,15,0.404636,219141,1,[1024/k3],0.319457,0.391103,false,weights,23
49,16,0.417471,224523,3,[23/k1→23/k3→1024/k3],0.331008,0.391103,false,add_layer,19
49,17,0.403927,219141,1,[1024/k3],0.315495,0.391103,false,remove_layer,7
49,18,0.402024,219141,1,[1024/k3],0.320290,0.391103,false,weights,22
49,19,0.399765,219141,1,[1024/k3],0.347692,0.391103,false,weights,55
49,20,0.404895,219141,1,[1024/k3],0.319469,0.391103,false,weights,23
49,21,0.403834,109573,1,[512/k3],0.319988,0.391103,false,weights,51
49,22,0.400897,109573,1,[512/k3],0.343405,0.391103,false,weights,28
49,23,0.406859,219141,1,[1024/k3],0.313495,0.391103,false,remove_layer,44
49,24,0.403002,6853,1,[32/k3],0.366509,0.391103,false,weights,1
49,25,0.402319,27397,1,[128/k3],0.360028,0.391103,false,resize_layer,14
49,26,0.417630,114380,2,[23/k3→512/k3],0.353148,0.391103,false,add_layer,9
49,27,0.402895,219141,1,[1024/k3],0.319480,0.391103,false,weights,25
49,28,0.403630,219141,1,[1024/k3],0.320242,0.391103,false,weights,43
49,29,0.403780,6853,1,[32/k3],0.364487,0.391103,false,weights,26
49,30,0.403554,219141,1,[1024/k3],0.317295,0.391103,false,weights,44
49,31,0.402027,6853,1,[32/k3],0.372587,0.391103,false,resize_layer,41
49,32,0.402743,6853,1,[32/k3],0.366668,0.391103,false,remove_layer,1
49,33,0.403645,219141,1,[1024/k3],0.320918,0.391103,false,weights,23
49,34,0.401969,54789,1,[256/k3],0.346635,0.391103,false,weights,12
49,35,0.403533,219141,1,[1024/k3],0.318376,0.391103,false,weights,44
49,36,0.405574,219141,1,[1024/k3],0.313492,0.391103,false,remove_layer,25
49,37,0.403043,219141,1,[1024/k3],0.319749,0.391103,false,weights,48
49,38,0.401948,54789,1,[256/k3],0.346540,0.391103,false,remove_layer,12
49,39,0.401045,27397,1,[128/k3],0.361620,0.391103,false,resize_layer,55
49,40,0.402431,219141,1,[1024/k3],0.319205,0.391103,false,weights,22
49,41,0.404549,109573,1,[512/k3],0.318793,0.391103,false,weights,41
49,42,0.402040,27397,1,[128/k3],0.344935,0.391103,false,resize_layer,12
49,43,0.404401,109573,1,[512/k3],0.319384,0.391103,false,weights,9
49,44,0.404308,6853,1,[32/k3],0.364491,0.391103,false,remove_layer,56
49,45,0.403441,6853,1,[32/k3],0.365195,0.391103,false,weights,59
49,46,0.409273,16133,2,[32/k3→32/k3],0.346303,0.391103,false,add_layer,26
49,47,0.413230,9658373,2,[1024/k3→1024/k3],0.287070,0.391103,false,weights,30
49,48,0.401293,219141,1,[1024/k3],0.321636,0.391103,false,weights,7
49,49,0.404137,219141,1,[1024/k3],0.320964,0.391103,false,weights,23
49,50,0.431134,7245573,2,[768/k3→1024/k3],0.276149,0.391103,false,resize_layer,30
49,51,0.435972,219716,2,[23/k1→1024/k3],0.372536,0.391103,false,add_layer,25
49,52,0.408336,11660,2,[23/k3→32/k3],0.379604,0.391103,false,add_layer,1
49,53,0.404538,109573,1,[512/k3],0.318080,0.391103,false,weights,9
49,54,0.402576,219141,1,[1024/k3],0.319995,0.391103,false,weights,44
49,55,0.401236,54789,1,[256/k3],0.357966,0.391103,false,resize_layer,1
49,56,0.402959,6853,1,[32/k3],0.366280,0.391103,false,weights,40
49,57,0.406068,219141,1,[1024/k3],0.311981,0.391103,false,remove_layer,48
49,58,0.396510,2469893,2,[512/k3→512/k3],0.344788,0.391103,false,add_layer,28
49,59,0.404168,109573,1,[512/k3],0.321381,0.391103,false,weights,41
49,60,0.404522,109573,1,[512/k3],0.319365,0.391103,false,weights,41
49,61,0.403140,54789,1,[256/k3],0.347324,0.391103,false,resize_layer,28
49,62,0.402958,6853,1,[32/k3],0.366123,0.391103,false,weights,40
49,63,0.403840,6853,1,[32/k3],0.365383,0.391103,false,weights,56
50,0,0.425706,2469893,2,[512/k3→512/k3],0.318484,0.391103,true,champion,58
50,1,0.409053,16133,2,[32/k3→32/k3],0.346162,0.391103,false,add_layer,62
50,2,0.423310,7428,2,[23/k1→32/k3],0.395786,0.391103,false,add_layer,56
50,3,0.399109,219141,1,[1024/k3],0.343029,0.391103,false,weights,4
50,4,0.401768,6853,1,[32/k3],0.368902,0.391103,false,weights,31
50,5,0.403109,219141,1,[1024/k3],0.358588,0.391103,false,resize_layer,32
50,6,0.402302,27397,1,[128/k3],0.342564,0.391103,false,weights,42
50,7,0.403100,6853,1,[32/k3],0.365109,0.391103,false,weights,62
50,8,0.403034,54789,1,[256/k3],0.349794,0.391103,false,remove_layer,55
50,9,0.404245,219141,1,[1024/k3],0.315500,0.391103,false,weights,54
50,10,0.404708,109573,1,[512/k3],0.351619,0.391103,false,resize_layer,25
50,11,0.403127,13701,1,[64/k3],0.358729,0.391103,false,resize_layer,31
50,12,0.403839,54789,1,[256/k3],0.333868,0.391103,false,remove_layer,34
50,13,0.404023,219141,1,[1024/k3],0.314655,0.391103,false,weights,40
50,14,0.403255,219141,1,[1024/k3],0.316853,0.391103,false,weights,48
50,15,0.407290,11660,2,[23/k3→32/k3],0.375094,0.391103,false,add_layer,31
50,16,0.398897,219141,1,[1024/k3],0.343149,0.391103,false,weights,7
50,17,0.404843,54789,1,[256/k3],0.333748,0.391103,false,remove_layer,34
50,18,0.405851,219141,1,[1024/k3],0.311287,0.391103,false,remove_layer,40
50,19,0.403555,6853,1,[32/k3],0.364688,0.391103,false,weights,32
50,20,0.403093,164357,1,[768/k3],0.356590,0.391103,false,resize_layer,6
50,21,0.404627,219141,1,[1024/k3],0.314386,0.391103,false,weights,18
50,22,0.402260,219141,1,[1024/k3],0.331146,0.391103,false,remove_layer,7
50,23,0.403416,6853,1,[32/k3],0.365654,0.391103,false,weights,6
50,24,0.403258,54789,1,[256/k3],0.323560,0.391103,false,resize_layer,18
50,25,0.402236,54789,1,[256/k3],0.339765,0.391103,false,weights,38
50,26,0.419639,219716,2,[23/k1→1024/k3],0.360243,0.391103,false,add_layer,4
50,27,0.403806,219141,1,[1024/k3],0.315803,0.391103,false,weights,27
50,28,0.404648,27397,1,[128/k3],0.326022,0.391103,false,resize_layer,27
50,29,0.402222,27397,1,[128/k3],0.354053,0.391103,false,weights,39
50,30,0.459357,2733061,3,[512/k3→512/k3→512/k1],0.309759,0.391103,false,add_layer,58
50,31,0.423070,2733061,3,[512/k3→512/k3→512/k1],0.281798,0.391103,false,add_layer,58
50,32,0.403938,6853,1,[32/k3],0.365341,0.391103,false,weights,6
50,33,0.400661,13701,1,[64/k3],0.369818,0.391103,false,resize_layer,1
50,34,0.405136,59596,2,[23/k3→256/k3],0.360624,0.391103,false,add_layer,55
50,35,0.402293,27397,1,[128/k3],0.353618,0.391103,false,weights,39
50,36,0.405412,219141,1,[1024/k3],0.311320,0.391103,false,remove_layer,18
50,37,0.404053,6853,1,[32/k3],0.363963,0.391103,false,weights,62
50,38,0.420379,110148,2,[23/k1→512/k3],0.364761,0.391103,false,add_layer,1
50,39,0.403995,6853,1,[32/k3],0.366122,0.391103,false,resize_layer,42
50,40,0.401279,109573,1,[512/k3],0.339424,0.391103,false,weights,1
50,41,0.400674,219141,1,[1024/k3],0.339686,0.391103,false,weights,19
50,42,0.402718,27397,1,[128/k3],0.353117,0.391103,false,weights,39
50,43,0.418004,2469893,2,[512/k3→512/k3],0.290602,0.391103,false,weights,58
50,44,0.404143,219141,1,[1024/k3],0.315377,0.391103,false,weights,27
50,45,0.404083,13701,1,[64/k3],0.351784,0.391103,false,resize_layer,18
50,46,0.401402,109573,1,[512/k3],0.338907,0.391103,false,weights,22
50,47,0.403130,6853,1,[32/k3],0.364793,0.391103,false,weights,62
50,48,0.399756,219141,1,[1024/k3],0.340320,0.391103,false,weights,7
50,49,0.402030,54789,1,[256/k3],0.340295,0.391103,false,weights,34
50,50,0.404677,219141,1,[1024/k3],0.315039,0.391103,false,weights,54
50,51,0.402790,109573,1,[512/k3],0.320200,0.391103,false,resize_layer,48
50,52,0.425268,2469893,2,[512/k3→512/k3],0.279330,0.391103,false,weights,58
50,53,0.402181,109573,1,[512/k3],0.335076,0.391103,false,weights,1
50,54,0.401688,27397,1,[128/k3],0.355102,0.391103,false,weights,39
50,55,0.408257,223948,2,[23/k3→1024/k3],0.342355,0.391103,false,add_layer,19
50,56,0.403168,219141,1,[1024/k3],0.317978,0.391103,false,weights,48
50,57,0.415990,645125,2,[256/k3→256/k3],0.295236,0.391103,false,add_layer,34
50,58,0.403456,6853,1,[32/k3],0.364319,0.391103,false,remove_layer,24
50,59,0.402439,6853,1,[32/k3],0.368409,0.391103,false,weights,31
50,60,0.401543,27397,1,[128/k3],0.353559,0.391103,false,weights,39
50,61,0.403669,6853,1,[32/k3],0.365043,0.391103,false,weights,56
50,62,0.403613,6853,1,[32/k3],0.364941,0.391103,false,remove_layer,6
50,63,0.403065,6853,1,[32/k3],0.365829,0.391103,false,weights,6
51,0,0.403085,219141,1,[1024/k3],0.327069,0.391103,true,champion,16
51,1,0.403638,6853,1,[32/k3],0.363885,0.391103,false,weights,7
51,2,0.402395,54789,1,[256/k3],0.334092,0.391103,false,weights,25
51,3,0.410421,645125,2,[256/k3→256/k3],0.296968,0.391103,false,add_layer,49
51,4,0.404298,109573,1,[512/k3],0.336006,0.391103,false,weights,46
51,5,0.403565,54789,1,[256/k3],0.340587,0.391103,false,remove_layer,8
51,6,0.401133,219141,1,[1024/k3],0.329909,0.391103,false,weights,22
51,7,0.402925,27397,1,[128/k3],0.338955,0.391103,false,weights,6
51,8,0.406300,109573,1,[512/k3],0.311430,0.391103,false,remove_layer,51
51,9,0.405349,109573,1,[512/k3],0.339960,0.391103,false,resize_layer,8
51,10,0.400639,219141,1,[1024/k3],0.335567,0.391103,false,weights,16
51,11,0.403434,54789,1,[256/k3],0.331032,0.391103,false,remove_layer,25
51,12,0.403219,109573,1,[512/k3],0.329042,0.391103,false,weights,53
51,13,0.402138,109573,1,[512/k3],0.331812,0.391103,false,weights,53
51,14,0.401296,13701,1,[64/k3],0.362176,0.391103,false,weights,33
51,15,0.403371,164357,1,[768/k3],0.347063,0.391103,false,weights,20
51,16,0.403808,109573,1,[512/k3],0.329375,0.391103,false,resize_layer,49
51,17,0.424081,7428,2,[23/k1→32/k3],0.398831,0.391103,false,add_layer,4
51,18,0.402890,6853,1,[32/k3],0.366543,0.391103,false,weights,59
51,19,0.404311,6853,1,[32/k3],0.363934,0.391103,false,weights,63
51,20,0.409564,645125,2,[256/k3→256/k3],0.297451,0.391103,false,add_layer,25
51,21,0.402262,54789,1,[256/k3],0.334587,0.391103,false,weights,49
51,22,0.402680,27397,1,[128/k3],0.347018,0.391103,false,weights,35
51,23,0.402505,54789,1,[256/k3],0.334264,0.391103,false,weights,25
51,24,0.404147,109573,1,[512/k3],0.315197,0.391103,false,weights,51
51,25,0.402240,27397,1,[128/k3],0.346818,0.391103,false,weights,42
51,26,0.402888,54789,1,[256/k3],0.344586,0.391103,false,resize_layer,42
51,27,0.404141,219141,1,[1024/k3],0.326427,0.391103,false,remove_layer,41
51,28,0.402088,27397,1,[128/k3],0.348837,0.391103,false,weights,29
51,29,0.403880,27397,1,[128/k3],0.336855,0.391103,false,weights,6
51,30,0.400837,219141,1,[1024/k3],0.334263,0.391103,false,weights,48
51,31,0.410619,645125,2,[256/k3→256/k3],0.296297,0.391103,false,add_layer,25
51,32,0.402414,109573,1,[512/k3],0.331871,0.391103,false,weights,53
51,33,0.402474,54789,1,[256/k3],0.333447,0.391103,false,weights,49
51,34,0.408635,16133,2,[32/k3→32/k3],0.344157,0.391103,false,add_layer,4
51,35,0.403740,27397,1,[128/k3],0.344336,0.391103,false,resize_layer,8
51,36,0.403677,109573,1,[512/k3],0.316112,0.391103,false,weights,51
51,37,0.400827,219141,1,[1024/k3],0.334638,0.391103,false,weights,16
51,38,0.428564,164932,2,[23/k1→768/k3],0.373598,0.391103,false,add_layer,20
51,39,0.401150,219141,1,[1024/k3],0.333593,0.391103,false,weights,48
51,40,0.404982,109573,1,[512/k3],0.323291,0.391103,false,remove_layer,53
51,41,0.401343,54789,1,[256/k3],0.356139,0.391103,false,resize_layer,59
51,42,0.405445,219141,1,[1024/k3],0.332016,0.391103,false,weights,3
51,43,0.401334,219141,1,[1024/k3],0.331684,0.391103,false,weights,48
51,44,0.401876,27397,1,[128/k3],0.347417,0.391103,false,weights,29
51,45,0.401587,219141,1,[1024/k3],0.332554,0.391103,false,weights,41
51,46,0.404406,54789,1,[256/k3],0.330749,0.391103,false,remove_layer,49
51,47,0.402575,219141,1,[1024/k3],0.345491,0.391103,false,resize_layer,42
51,48,0.413569,223948,2,[23/k3→1024/k3],0.341240,0.391103,false,add_layer,22
51,49,0.403780,6853,1,[32/k3],0.364510,0.391103,false,weights,63
51,50,0.403674,6853,1,[32/k3],0.363929,0.391103,false,weights,7
51,51,0.406143,7941,2,[32/k3→32/k1],0.365850,0.391103,false,add_layer,4
51,52,0.423498,7428,2,[23/k1→32/k3],0.396852,0.391103,false,add_layer,63
51,53,0.401062,13701,1,[64/k3],0.372199,0.391103,false,resize_layer,48
51,54,0.396855,9658373,2,[1024/k3→1024/k3],0.374885,0.391103,false,add_layer,16
51,55,0.402519,109573,1,[512/k3],0.332291,0.391103,false,weights,46
51,56,0.402711,27397,1,[128/k3],0.344710,0.391103,false,remove_layer,42
51,57,0.404830,27397,1,[128/k3],0.334829,0.391103,false,remove_layer,6
51,58,0.424072,7428,2,[23/k1→32/k3],0.397472,0.391103,false,add_layer,4
51,59,0.401062,219141,1,[1024/k3],0.333883,0.391103,false,weights,41
51,60,0.401914,219141,1,[1024/k3],0.327295,0.391103,false,remove_layer,22
51,61,0.403223,27397,1,[128/k3],0.338275,0.391103,false,weights,6
51,62,0.402436,219141,1,[1024/k3],0.329311,0.391103,false,weights,48
51,63,0.402712,27397,1,[128/k3],0.355911,0.391103,false,resize_layer,4
